candidate,initial_all_peer_burst,all_peer_burst_service_barrier,source_increment,run,serial_line,kind,variant,protocol,population,eligible_active,participating_peers,maximum_inflight_datagrams,payload,target_per_s,actual_offered_per_s,actual_sent_per_s,maximum_inflight_peers,actor_user_cpu_s,actor_system_cpu_s,latency_sample_count,repeat,duration_s,delivered_roundtrips,application_bytes_delivered,application_GiB_per_s,delivered_datagrams_per_s,vm_busy_core_seconds,vm_mean_busy_cores,vm_steal_seconds,vm_core_seconds_per_delivered_GiB,vm_cpu_us_per_delivered_datagram,p50_us,p95_us,p99_us,offered,sent,guest_delivered,app_delivered,loss_host_guest,loss_guest_host,qemu_cpu_seconds_approx,corrupt,boundary_violations
original-kernel-module,False,False,increment-o,00-kernel-udp,970,udp-rr,kernel,udp,1,1,,,0,0,6088.183848514188,6088.183848514188,,,,6089,0,1.000134055,6089,0,0.0,12176.367697028376,1.17,1.1698431766729511,0.0,,96.07488914435868,160.281,198.438,319.701,6089,6089,6089,6089,0,0,3.4959613865021044,0,0
original-kernel-module,False,False,increment-o,00-kernel-udp,973,udp-open,kernel,udp,1,1,1,1,0,1000,1000.0,1000.0,1,0.040624,0.830817,0,0,1.000064069,1000,0,0.0,1999.8718702091476,1.03,1.029934013157711,0.0,,515.0,,,,1000,1000,1000,1000,0,0,1.5793905436239513,0,0
original-kernel-module,False,False,increment-o,00-kernel-udp,976,udp-open,kernel,udp,1,1,1,647,0,10000,10000.0,10000.0,1,0.08376,0.619763,0,0,1.055665226,10000,0,0.0,18945.400025897983,1.38,1.3072326017869609,0.0,,69.0,,,,10000,10000,10000,10000,0,0,3.7625286477616626,0,0
original-kernel-module,False,False,increment-o,00-kernel-udp,979,udp-open,kernel,udp,1,1,1,6570,0,0,15796.0,15796.0,1,0.60514,1.862754,0,0,3.000098588,14856,0,0.0,9903.674538844854,3.6,1.1999605660959032,0.0,,121.16316639741518,,,,15796,15796,14856,14856,940,0,6.82453333246216,0,0
original-kernel-module,False,False,increment-o,00-kernel-udp,982,udp-open,kernel,udp,1,1,1,2,64,1000,1000.0,1000.0,1,0.282906,0.57016,1000,0,1.000058091,1000,128000,0.00011920236496619798,1999.8838247487363,1.06,1.0599384271168304,0.0,8891.92448,530.0,345.91,392.581,421.935,1000,1000,1000,1000,0,0,1.799340370172608,0,0
original-kernel-module,False,False,increment-o,00-kernel-udp,985,udp-open,kernel,udp,1,1,1,3603,64,10000,10000.0,10000.0,1,0.702606,1.900849,7432,0,3.000078688,7432,951296,0.00029531340077350874,4954.536712471723,3.26,1.0866381648720276,0.0,3679.610075349838,219.32185145317547,149246.263,169008.137,172008.14,10000,10000,7432,7432,2568,0,5.294240371835244,0,0
original-kernel-module,False,False,increment-o,00-kernel-udp,988,udp-open,kernel,udp,1,1,1,20260,64,0,26414.0,26414.0,1,0.710254,1.901322,7195,0,3.000082243,7195,920960,0.00028589577513054567,4796.535172852593,3.39,1.1299690226525567,0.0,3952.380975677554,235.5802640722724,157851.701,181688.526,184080.985,26414,26414,7195,7195,19219,0,5.257087848559692,0,0
original-kernel-module,False,False,increment-o,00-kernel-udp,991,udp-open,kernel,udp,1,1,1,1,1431,1000,1000.0,1000.0,1,0.269441,0.595159,1000,0,1.00007081,1000,2862000,0.002665256481738028,1999.8583900274023,1.12,1.1199206984153454,0.0,420.1924678127184,560.0,365.22,412.35,470.758,1000,1000,1000,1000,0,0,1.692984098628152,0,0
original-kernel-module,False,False,increment-o,00-kernel-udp,994,udp-open,kernel,udp,1,1,1,3714,1431,10000,10000.0,10000.0,1,0.7995,1.870116,6401,0,3.000143987,6401,18319662,0.005686898646816629,4267.1285296548,3.24,1.0799481671677513,0.0,189.90107512682278,253.08545539759413,17027.569,20873.105,28394.021,10000,10000,6401,6401,3599,0,4.960754011285694,0,0
original-kernel-module,False,False,increment-o,00-kernel-udp,997,udp-open,kernel,udp,1,1,1,13085,1431,0,19016.0,19016.0,1,0.789409,1.8721160000000001,6038,0,3.000165669,6038,17280756,0.005364356487215666,4025.111054625564,3.21,1.0699409146528702,0.0,199.4537307881669,265.8164955283206,19123.923,22813.285,30351.456,19016,19016,6038,6038,12978,0,4.911054108843857,0,0
original-kernel-module,False,False,increment-o,00-kernel-udp,1000,udp-open,kernel,udp,1,1,1,466,59000,1000,1000.0,1000.0,1,1.052268,1.832385,539,0,3.000057626,539,63602000,0.019744280202267577,359.3264311516928,3.38,1.1266450253179237,0.0,57.06184341876042,3135.43599257885,8172.877,11032.679,12521.619,1000,1000,539,539,461,0,4.172602818990981,0,0
original-kernel-module,False,False,increment-o,00-kernel-udp,1003,udp-open,kernel,udp,1,1,1,7761,59000,10000,8261.0,8261.0,1,1.410051,1.473316,504,0,3.000186971,504,59472000,0.018461388137776744,335.9790605530231,3.3,1.0999314482390636,0.0,59.58010524616626,3273.809523809524,8670.095,12741.25,12800.179,8261,8261,504,504,7757,0,4.365654400919659,0,0
original-kernel-module,False,False,increment-o,00-kernel-udp,1006,udp-open,kernel,udp,1,1,1,7450,59000,0,7961.0,7961.0,1,1.413195,1.468196,516,0,3.000801175,516,60888000,0.018897076352680134,343.90815646091585,3.61,1.2030120589378934,0.0,63.66127947444488,3498.062015503876,8678.037,11686.393,12746.348,7961,7961,516,516,7445,0,4.2883244463877475,0,0
original-kernel-module,False,False,increment-o,00-kernel-udp,1017,udp-rr,kernel,udp,64,64,,,0,0,20820.312910337314,20820.312910337314,,,,20825,0,1.000225121,20825,0,0.0,41640.62582067463,2.83,2.829363050960605,0.0,,67.94717887154862,189.796,275.535,320.753,20825,20825,20825,20825,0,0,3.485293544457022,0,0
original-kernel-module,False,False,increment-o,00-kernel-udp,1020,udp-open,kernel,udp,64,64,64,5,0,1000,1000.0,1000.0,5,1.318334,2.58655,0,0,1.00112101,1000,0,0.0,1997.7604905125304,3.96,3.9555657712148102,0.0,,1980.0,,,,1000,1000,1000,1000,0,0,3.8627657135347846,0,0
original-kernel-module,False,False,increment-o,00-kernel-udp,1023,udp-open,kernel,udp,64,64,64,28,0,10000,10000.0,10000.0,28,1.1535509999999998,2.250125,0,0,1.00020453,10000,0,0.0,19995.910236479333,3.93,3.9291963614681893,0.0,,196.5,,,,10000,10000,10000,10000,0,0,3.4923899549015402,0,0
original-kernel-module,False,False,increment-o,00-kernel-udp,1026,udp-open,kernel,udp,64,64,64,1642,0,0,39427.0,39427.0,64,0.195637,1.153763,0,0,1.002131671,39427,0,0.0,78686.26676703445,3.54,3.532469936278464,0.0,,44.893093565323255,,,,39427,39427,39427,39427,0,0,3.1647428275120006,0,0
original-kernel-module,False,False,increment-o,00-kernel-udp,1029,udp-open,kernel,udp,64,64,64,6,64,1000,1000.0,1000.0,6,1.331249,2.548714,1000,0,1.000035156,1000,128000,0.00011920509877632866,1999.9296904718017,3.98,3.9798600840388856,0.0,33386.65984,1990.0,142.915,3088.757,4199.128,1000,1000,1000,1000,0,0,3.259943484802463,0,0
original-kernel-module,False,False,increment-o,00-kernel-udp,1032,udp-open,kernel,udp,64,64,64,25,64,10000,10000.0,10000.0,25,1.080087,2.179902,10000,0,1.000324281,10000,1280000,0.0011917064477492301,19993.516482481547,3.93,3.928725988807624,0.0,3296.722944,196.5,174.332,1511.274,2402.645,10000,10000,10000,10000,0,0,3.5456981778505536,0,0
original-kernel-module,False,False,increment-o,00-kernel-udp,1035,udp-open,kernel,udp,64,64,64,1159,64,0,27584.0,27584.0,60,0.21198,1.103594,27584,0,1.000962651,27584,3530752,0.003285106631784556,55114.94354448196,3.4,3.396730134339448,0.0,1033.9786542923434,61.629930394431554,945.393,21704.186,44770.862,27584,27584,27584,27584,0,0,3.887933282549483,0,0
original-kernel-module,False,False,increment-o,00-kernel-udp,1038,udp-open,kernel,udp,64,64,64,6,1431,1000,1000.0,1000.0,6,1.319818,2.5614749999999997,1000,0,1.000018682,1000,2862000,0.002665395413632382,1999.962636698021,3.93,3.9299265811116113,0.0,1474.425355807128,1965.0,195.975,3239.634,4439.119,1000,1000,1000,1000,0,0,3.2914389873346437,0,0
original-kernel-module,False,False,increment-o,00-kernel-udp,1041,udp-open,kernel,udp,64,64,64,25,1431,10000,10000.0,10000.0,25,1.136669,2.175101,10000,0,1.000235578,10000,28620000,0.026648174361875172,19995.289549678466,3.96,3.9590673308363358,0.0,148.56805111949686,198.0,113.13,1392.756,2634.584,10000,10000,10000,10000,0,0,3.5255450961434036,0,0
original-kernel-module,False,False,increment-o,00-kernel-udp,1044,udp-open,kernel,udp,64,64,64,600,1431,0,27158.0,27158.0,63,0.442988,1.090396,27158,0,1.041655016,27158,77726196,0.0694934117936291,52143.943211232996,3.45,3.3120370439420035,0.0,47.659727137553475,63.51719566978423,769.548,20530.079,39692.911,27158,27158,27158,27158,0,0,4.047903585820862,0,0
original-kernel-module,False,False,increment-o,00-kernel-udp,1047,udp-open,kernel,udp,64,64,64,8,59000,1000,1000.0,1000.0,8,1.346744,2.467119,1000,0,1.000035397,1000,118000000,0.10989217395134511,1999.9292085058066,3.93,3.92986089471391,0.0,35.76106244338983,1965.0,1855.942,3842.441,4840.633,1000,1000,1000,1000,0,0,3.703587155255903,0,0
original-kernel-module,False,False,increment-o,00-kernel-udp,1050,udp-open,kernel,udp,64,64,64,89,59000,10000,7508.0,7508.0,58,2.735835,0.34391700000000003,7508,0,1.002215757,7508,885944000,0.8232754686625182,14982.801752138086,3.88,3.8714218698918335,0.0,4.702462319424252,258.3910495471497,1939.028,11901.898,17864.909,7508,7508,7508,7508,0,0,3.9379963615313898,0,0
original-kernel-module,False,False,increment-o,00-kernel-udp,1053,udp-open,kernel,udp,64,64,64,72,59000,0,7846.0,7846.0,43,2.7929950000000003,0.382119,7846,0,1.012881694,7846,925828000,0.8512786060985906,15492.431241431834,3.98,3.9293828919767204,0.0,4.615860029638335,253.6324241651797,1524.163,8825.769,16383.961,7846,7846,7846,7846,0,0,3.6662552002804887,0,0
original-kernel-module,False,False,increment-o,00-kernel-udp,1069,udp-rr,kernel,udp,1024,1024,,,0,0,20141.840824381066,20141.840824381066,,,,20149,0,1.000355438,20149,0,0.0,40283.68164876213,2.69,2.6890442115035516,0.0,,66.75269244131222,194.673,290.708,346.181,20149,20149,20149,20149,0,0,3.5687128942645643,0,0
original-kernel-module,False,False,increment-o,00-kernel-udp,1072,udp-open,kernel,udp,1024,64,64,39,64,10000,10000.0,10000.0,39,1.5450869999999999,3.147639,15000,0,1.50052169,15000,1920000,0.0011916784376917063,19993.046551696298,5.78,3.85199363562682,0.0,3232.4102826666667,192.66666666666666,157.437,1404.353,2462.475,15000,15000,15000,15000,0,0,5.5322132914302244,0,0
original-kernel-module,False,False,increment-o,00-kernel-udp,1075,udp-open,kernel,udp,1024,64,64,1193,64,0,26314.0,26314.0,64,0.331388,1.6071119999999999,39471,0,1.502424162,39471,5052288,0.0031318118989748294,52543.08470047089,5.06,3.3678904586200336,0.0,1075.3808233893237,64.09769197638772,933.033,21995.815,49263.982,39471,39471,39471,39471,0,0,5.635351882127196,0,0
original-kernel-module,False,False,increment-o,00-kernel-udp,1078,udp-open,kernel,udp,1024,64,64,31,1431,10000,10000.0,10000.0,31,1.3688509999999998,3.5428149999999996,15000,0,1.501004897,15000,42930000,0.026636607387592347,19986.610343483775,5.88,3.9173756273228197,0.0,147.06736373445142,196.0,165.159,1486.597,2492.63,15000,15000,15000,15000,0,0,5.34155924557669,0,0
original-kernel-module,False,False,increment-o,00-kernel-udp,1081,udp-open,kernel,udp,1024,64,64,529,1431,0,25214.666666666668,25214.666666666668,62,0.638556,1.563705,37822,0,1.5004755300000001,37822,108246564,0.06718701282503364,50413.35129270652,5.05,3.3655997042484254,0.0,50.09300998413215,66.76008672201364,762.968,6617.566,26636.186,37822,37822,37822,37822,0,0,5.841141136916747,0,0
original-kernel-module,True,True,increment-o,00-kernel-udp,1084,udp-open,kernel,udp,1024,1024,1024,1024,64,10000,10000.0,10000.0,1024,1.5927349999999998,3.1016019999999997,15000,0,1.500725767,15000,1920000,0.0011915163866588817,19990.327786515576,5.83,3.884787033179527,0.0,3260.3723093333333,194.33333333333334,191.138,64943.063,80702.493,15000,15000,15000,15000,0,0,5.279368846414599,0,0
original-kernel-module,True,True,increment-o,00-kernel-udp,1087,udp-open,kernel,udp,1024,1024,1024,1029,64,0,35095.333333333336,35095.333333333336,1024,0.395863,1.8332380000000001,52643,0,1.5027453450000001,52643,6738304,0.00417604662739566,70062.4362938885,5.6,3.7265129575230853,0.0,892.3542503276789,53.188458104591305,552.541,11504.009,66812.936,52643,52643,52643,52643,0,0,5.812689977400822,0,0
original-kernel-module,True,True,increment-o,00-kernel-udp,1090,udp-open,kernel,udp,1024,1024,1024,1024,1431,10000,10000.0,10000.0,1024,1.4793809999999998,3.394687,15000,0,1.500023891,15000,42930000,0.026654027557913403,19999.68145840685,5.91,3.9399372473061494,0.0,147.81770742697415,197.0,329.276,59155.475,64838.705,15000,15000,15000,15000,0,0,5.433707744425192,0,0
original-kernel-module,True,True,increment-o,00-kernel-udp,1093,udp-open,kernel,udp,1024,1024,1024,1029,1431,0,30469.333333333332,30469.333333333332,1024,0.755636,1.6948850000000002,45704,0,1.508679464,45704,130804848,0.08074711078028322,60588.08526341815,5.52,3.658828884277833,0.0,45.31219568008672,60.38858743217224,741.656,16835.36,69578.427,45704,45704,45704,45704,0,0,5.3816356812982065,0,0
original-kernel-module,False,False,increment-o,00-kernel-udp,1104,udp-rr,kernel,udp,4096,4096,,,0,0,19745.36127068569,19745.36127068569,,,,19758,0,1.000640086,19758,0,0.0,39490.72254137138,2.71,2.708266476544095,0.0,,68.57981577082701,193.641,300.552,397.478,19758,19758,19758,19758,0,0,3.3094489408741197,0,0
original-kernel-module,False,False,increment-o,00-kernel-udp,1107,udp-open,kernel,udp,4096,64,64,34,64,10000,9997.333333333334,9997.333333333334,34,1.2712759999999999,2.7591609999999998,14996,0,1.501407182,14996,1919488,0.0011906580223775137,19975.92682356038,5.25,3.496719652697119,0.0,2936.7959455854893,175.0466791144305,434.845,2284.217,3858.866,14996,14996,14996,14996,0,0,5.387496683454401,0,0
original-kernel-module,False,False,increment-o,00-kernel-udp,1110,udp-open,kernel,udp,4096,64,64,1270,64,0,29529.333333333332,29529.333333333332,64,0.310274,1.6592190000000002,44294,0,1.511399516,44294,5669632,0.0034936204593586126,58613.225068678665,5.1,3.374355983318973,0.0,965.8622115862192,57.56987402356978,1152.975,38332.995,67508.903,44294,44294,44294,44294,0,0,5.45876429756521,0,0
original-kernel-module,False,False,increment-o,00-kernel-udp,1113,udp-open,kernel,udp,4096,64,64,28,1431,10000,10000.0,10000.0,28,1.544037,3.1616549999999997,15000,0,1.500106315,15000,42930000,0.02665256304066855,19998.582567129582,5.75,3.8330616586998367,0.0,143.81587440018635,191.66666666666666,197.166,1745.706,2950.78,15000,15000,15000,15000,0,0,5.491027673768599,0,0
original-kernel-module,False,False,increment-o,00-kernel-udp,1116,udp-open,kernel,udp,4096,64,64,1502,1431,0,24680.0,24680.0,64,0.610178,1.496791,37020,0,1.502124871,37020,105951240,0.06569013237548776,49290.176488929195,4.93,3.282017424235831,0.0,49.96210702508059,66.58562938951918,840.635,26233.881,52760.853,37020,37020,37020,37020,0,0,5.235955845548915,0,0
original-kernel-module,True,True,increment-o,00-kernel-udp,1119,udp-open,kernel,udp,4096,4096,4096,4096,64,10000,10000.0,10000.0,4096,1.3493899999999999,3.002772,15000,0,1.5003429910000001,15000,1920000,0.0011918203730667601,19995.427832141617,5.56,3.7058192915569124,0.0,3109.3773653333333,185.33333333333334,864.891,232221.086,243619.856,15000,15000,15000,15000,0,0,5.141166715359134,0,0
original-kernel-module,True,True,increment-o,00-kernel-udp,1122,udp-open,kernel,udp,4096,4096,4096,4112,64,0,33134.0,33134.0,4096,0.42248899999999995,1.815382,49701,0,1.502433887,49701,6361728,0.003943481940356008,66160.64830545186,5.6,3.7272854722292346,0.0,945.1762499748495,56.33689462988672,432.821,197298.081,236515.828,49701,49701,49701,49701,0,0,5.664029972920446,0,0
original-kernel-module,True,True,increment-o,00-kernel-udp,1125,udp-open,kernel,udp,4096,4096,4096,4096,1431,10000,10000.0,10000.0,4096,1.511146,2.852919,15000,0,1.5025499519999999,15000,42930000,0.02660921726763497,19966.058339736315,5.56,3.7003761456311306,0.0,139.06369768087583,185.33333333333334,916.869,318411.657,321987.738,15000,15000,15000,15000,0,0,5.303094682566837,0,0
original-kernel-module,True,True,increment-o,00-kernel-udp,1128,udp-open,kernel,udp,4096,4096,4096,4113,1431,0,30058.0,30058.0,4096,0.7865310000000001,1.6625969999999999,45087,0,1.501193711,45087,129038994,0.08005424432388346,60068.19728809802,5.62,3.743687412769877,0.0,46.76438387980613,62.32395147159935,436.898,211452.538,232599.155,45087,45087,45087,45087,0,0,5.9080563189547775,0,0
original-kernel-module,False,False,increment-o,00-kernel-udp,1139,udp-rr,kernel,udp,16384,16384,,,0,0,16184.174711375807,16184.174711375807,,,,16281,0,1.005982714,16281,0,0.0,32368.349422751613,2.53,2.5149537509846316,0.0,,77.69793010257355,209.945,333.382,1732.217,16281,16281,16281,16281,0,0,3.430478637459828,0,0
original-kernel-module,False,False,increment-o,00-kernel-udp,1142,udp-open,kernel,udp,16384,64,64,99,0,10000,10000.0,10000.0,60,0.8943240000000001,1.8701729999999999,0,0,1.000127405,10000,0,0.0,19997.452224599325,3.62,3.619538852652478,0.0,,181.0,,,,10000,10000,10000,10000,0,0,3.3147442902524062,0,0
original-kernel-module,False,False,increment-o,00-kernel-udp,1145,udp-open,kernel,udp,16384,64,64,914,0,100000,26531.0,26531.0,64,0.150609,0.9222549999999999,0,0,1.004347194,26531,0,0.0,52832.327622354074,3.07,3.0567118804535633,0.0,,57.856846707625046,,,,26531,26531,26531,26531,0,0,3.9876358568258183,0,0
original-kernel-module,False,False,increment-o,00-kernel-udp,1148,udp-open,kernel,udp,16384,64,64,745,0,0,27475.0,27475.0,61,0.146497,0.930501,0,0,1.000716151,27475,0,0.0,54910.67566471204,3.04,3.03782445897588,0.0,,55.32302092811647,,,,27475,27475,27475,27475,0,0,3.572161781354964,0,0
original-kernel-module,False,False,increment-o,00-kernel-udp,1151,udp-open,kernel,udp,16384,64,64,69,64,10000,10000.0,10000.0,39,0.6914260000000001,1.5429979999999999,10000,0,1.001135392,10000,1280000,0.0011907409377729928,19977.31791306006,3.31,3.3062461146114392,0.0,2776.629248,165.5,528.956,3055.637,6115.291,10000,10000,10000,10000,0,0,3.182169642474207,0,0
original-kernel-module,False,False,increment-o,00-kernel-udp,1154,udp-open,kernel,udp,16384,64,64,699,64,100000,19015.0,19015.0,60,0.152756,0.899942,19015,0,1.00089538,19015,2433920,0.0022647368407356476,37995.97916017956,3.02,3.01729837138423,0.0,1332.2953541940574,79.41099132264002,963.059,29477.471,62881.13,19015,19015,19015,19015,0,0,3.3595313942125244,0,0
original-kernel-module,False,False,increment-o,00-kernel-udp,1157,udp-open,kernel,udp,16384,64,64,573,64,0,18460.0,18460.0,58,0.166744,0.877323,18460,0,1.005584526,18460,2362880,0.0021883824066594895,36714.964327126094,2.99,2.973394998323592,0.0,1358.7181971830987,80.98591549295774,1005.313,33414.585,72984.472,18460,18460,18460,18460,0,0,3.6020490747224585,0,0
original-kernel-module,False,False,increment-o,00-kernel-udp,1160,udp-open,kernel,udp,16384,64,64,50,1431,10000,9999.0,9999.0,48,0.639785,1.386785,9999,0,1.001512008,9999,28617138,0.026611549764150654,19967.80851378469,3.26,3.255078295576462,0.0,122.3182537065726,163.016301630163,583.638,2968.817,6834.002,9999,9999,9999,9999,0,0,3.623552424705281,0,0
original-kernel-module,False,False,increment-o,00-kernel-udp,1163,udp-open,kernel,udp,16384,64,64,626,1431,100000,18826.0,18826.0,57,0.324037,0.874757,18826,0,1.025552188,18826,53880012,0.048929417813452974,36713.88003513284,3.16,3.081266889169759,0.0,62.973708391898654,83.92648464888984,1024.191,27123.92,49130.741,18826,18826,18826,18826,0,0,3.5438639219283914,0,0
original-kernel-module,False,False,increment-o,00-kernel-udp,1166,udp-open,kernel,udp,16384,64,64,381,1431,0,17522.0,17522.0,60,0.31823,0.8252130000000001,17522,0,1.001065036,17522,50147964,0.046654242496392946,35006.71658659348,3.02,3.0167870132265815,0.0,64.6626512789233,86.17737701175665,1017.932,16331.311,37159.91,17522,17522,17522,17522,0,0,3.3679810670589063,0,0
original-kernel-module,False,False,increment-o,00-kernel-udp,1169,udp-open,kernel,udp,16384,64,64,68,59000,10000,4843.0,4843.0,41,1.803356,0.38738300000000003,4843,0,1.001778338,4843,571474000,0.5312818383240046,9668.80559559474,3.28,3.2741774059003457,0.0,6.1627881281038155,338.6330786702457,2645.49,9344.8,20064.479,4843,4843,4843,4843,0,0,3.3431426736512435,0,0
original-kernel-module,False,False,increment-o,00-kernel-udp,1172,udp-open,kernel,udp,16384,64,64,34,59000,100000,4518.0,4518.0,31,1.7025919999999999,0.382015,4518,0,1.002512654,4518,533124000,0.4952659842130056,9013.352563627592,3.19,3.182004723104473,0.0,6.424840034513546,353.0323151837096,2969.578,5997.694,12261.408,4518,4518,4518,4518,0,0,3.529911283266358,0,0
original-kernel-module,False,False,increment-o,00-kernel-udp,1175,udp-open,kernel,udp,16384,64,64,45,59000,0,4567.0,4567.0,32,1.757654,0.35772499999999996,4567,0,1.002192622,4567,538906000,0.5007972642964929,9114.016407117395,3.17,3.1630645949816225,0.0,6.3160580547999094,347.05495949200787,2905.162,7020.132,15119.559,4567,4567,4567,4567,0,0,3.3931484997834787,0,0
original-kernel-module,True,True,increment-o,00-kernel-udp,1178,udp-open,kernel,udp,16384,16384,16384,16384,0,10000,9998.47412109375,9998.47412109375,16384,2.6908030000000003,6.033349,0,0,3.277786212,32763,0,0.0,19990.931611130956,11.84,3.612194095104089,0.0,,180.69163385526355,,,,32763,32763,32763,32763,0,0,12.681786516376746,0,0
original-kernel-module,True,True,increment-o,00-kernel-udp,1181,udp-open,kernel,udp,16384,16384,16384,16446,0,100000,28746.9482421875,28746.9482421875,16384,0.6296660000000001,3.3690439999999997,0,0,3.277289835,94198,0,0.0,57485.30324904877,10.51,3.206918072291888,0.0,,55.786747064693515,,,,94198,94198,94198,94198,0,0,13.004625540414509,0,0
original-kernel-module,True,True,increment-o,00-kernel-udp,1184,udp-open,kernel,udp,16384,16384,16384,16444,0,0,31732.7880859375,31732.7880859375,16384,0.6785979999999999,3.424087,0,0,3.277135673,103982,0,0.0,63459.07547050768,10.99,3.3535383019218687,0.0,,52.845684830066745,,,,103982,103982,103982,103982,0,0,12.635268473563428,0,0
original-kernel-module,True,True,increment-o,00-kernel-udp,1187,udp-open,kernel,udp,16384,16384,16384,16384,64,10000,10000.0,10000.0,16384,2.633169,5.915124,32768,0,3.277613422,32768,4194304,0.00119179704774836,19995.03649823655,11.92,3.636792527145076,0.0,3051.52,181.884765625,15923.288,748036.072,771237.962,32768,32768,32768,32768,0,0,12.561671108112137,0,0
original-kernel-module,True,True,increment-o,00-kernel-udp,1190,udp-open,kernel,udp,16384,16384,16384,16446,64,100000,27051.08642578125,27051.08642578125,16384,0.76648,3.5260380000000002,88641,0,3.2792021829999998,88641,11346048,0.0032223785071415346,54062.54024807107,11.53,3.5160991474614423,0.0,1091.1502604889386,65.03762367301813,654.024,736948.049,767382.821,88641,88641,88641,88641,0,0,12.728344596934448,0,0
original-kernel-module,True,True,increment-o,00-kernel-udp,1193,udp-open,kernel,udp,16384,16384,16384,16444,64,0,24648.74267578125,24648.74267578125,16384,0.7295119999999999,3.455082,80769,0,3.285418446,80769,10338432,0.002930651077170902,49168.16614232889,11.16,3.396827583283131,0.0,1159.0692627121791,69.08591167403335,959.984,765826.019,838824.321,80769,80769,80769,80769,0,0,12.780960104711312,0,0
original-kernel-module,True,True,increment-o,00-kernel-udp,1196,udp-open,kernel,udp,16384,16384,16384,16384,1431,10000,10000.0,10000.0,16384,2.512233,5.332486,32768,0,3.277471368,32768,93782016,0.026648992099982245,19995.903134309243,11.51,3.51185371514739,0.0,131.78185883997205,175.628662109375,21278.876,877906.634,921554.796,32768,32768,32768,32768,0,0,12.510507984722608,0,0
original-kernel-module,True,True,increment-o,00-kernel-udp,1199,udp-open,kernel,udp,16384,16384,16384,16446,1431,100000,25494.384765625,25494.384765625,16384,1.4677729999999998,3.356122,83540,0,3.27953927,83540,239091480,0.06789712651381827,50946.180620060084,11.76,3.5858695480722207,0.0,52.813274024820956,70.38544409863539,556.527,794954.224,836447.525,83540,83540,83540,83540,0,0,12.823972256438424,0,0
original-kernel-module,True,True,increment-o,00-kernel-udp,1202,udp-open,kernel,udp,16384,16384,16384,16446,1431,0,22430.11474609375,22430.11474609375,16384,1.2827650000000002,3.261318,73499,0,3.279125216,73499,210354138,0.059743847666224544,44828.419263389296,11.01,3.3576027979286533,0.0,56.19997588181507,74.8989782173907,806.884,819477.943,848920.391,73499,73499,73499,73499,0,0,12.6979112646859,0,0
original-kernel-module,True,True,increment-o,00-kernel-udp,1205,udp-open,kernel,udp,16384,16384,16384,16426,59000,10000,5018.00537109375,5018.00537109375,16384,4.622121999999999,4.557001,539,0,5.464150539,539,924471000,0.1575689955341009,2867.6003503497177,14.13,2.5859463239799294,0.0,16.41151747661095,901.7805858701895,3225122.706,4368638.771,4440007.14,16443,16443,15130,539,1313,14591,19.293812216285914,0,0
original-kernel-module,True,True,increment-o,00-kernel-udp,1208,udp-open,kernel,udp,16384,16384,16384,16449,59000,100000,5212.40234375,5212.40234375,16384,6.332622000000001,1.464619,17080,0,3.313139053,17080,2015440000,0.5665396893267733,10310.463718408862,11.24,3.392553050202448,0.0,5.9882001457547736,329.03981264637,2481145.129,2691950.724,2715497.682,17080,17080,17080,17080,0,0,12.631670251366131,0,0
original-kernel-module,True,True,increment-o,00-kernel-udp,1211,udp-open,kernel,udp,16384,16384,16384,16448,59000,0,5245.9716796875,5245.9716796875,16384,6.406841,1.351591,17190,0,3.3455007549999998,17190,2028420000,0.5646728173587063,10276.488489389088,11.23,3.3567471127352957,0.0,5.944587749834847,326.6433973240256,2507706.413,2698153.766,2741739.445,17190,17190,17190,17190,0,0,12.728453751133316,0,0
aya-duplex-stream-seqpacket-v1,False,False,increment-o,01-aya-udp,967,udp-rr,aya,udp,1,1,,,0,0,6607.979590416292,6607.979590416292,,,,6610,0,1.000305753,6610,0,0.0,13215.959180832584,1.13,1.1296546047156444,0.0,,85.47655068078669,144.878,190.577,238.759,6610,6610,6610,6610,0,0,1.8348243885762514,0,0
aya-duplex-stream-seqpacket-v1,False,False,increment-o,01-aya-udp,970,udp-open,aya,udp,1,1,1,3,0,1000,1000.0,1000.0,1,0.302927,0.645873,0,0,1.000201697,1000,0,0.0,1999.596687346952,1.01,1.0097963271102108,0.0,,505.0,,,,1000,1000,1000,1000,0,0,1.236947662101766,0,0
aya-duplex-stream-seqpacket-v1,False,False,increment-o,01-aya-udp,973,udp-open,aya,udp,1,1,1,1147,0,10000,10000.0,10000.0,1,0.09734,0.578815,0,0,1.108982266,10000,0,0.0,18034.55349393297,1.4,1.2624187445753077,0.0,,70.0,,,,10000,10000,10000,10000,0,0,2.2120519981863254,0,0
aya-duplex-stream-seqpacket-v1,False,False,increment-o,01-aya-udp,976,udp-open,aya,udp,1,1,1,20073,0,0,29570.0,29570.0,1,0.229493,1.6378759999999999,0,0,3.000134342,29461,0,0.0,19640.120502310492,3.57,1.1899467133928765,0.0,,60.587546458937936,,,,29570,29570,29462,29461,108,1,6.049949827559036,0,0
aya-duplex-stream-seqpacket-v1,False,False,increment-o,01-aya-udp,979,udp-open,aya,udp,1,1,1,3,64,1000,1000.0,1000.0,1,0.311879,0.612056,1000,0,1.000089468,1000,128000,0.00011919862508819185,1999.8210800076138,1.0,0.9999105400038069,0.0,8388.608,500.0,158.959,230.357,277.017,1000,1000,1000,1000,0,0,1.116247105312727,0,0
aya-duplex-stream-seqpacket-v1,False,False,increment-o,01-aya-udp,982,udp-open,aya,udp,1,1,1,1408,64,10000,10000.0,10000.0,1,0.120193,0.564387,10000,0,1.166854429,10000,1280000,0.0010216294902607877,17140.098630075132,1.46,1.2512271999954845,0.0,1224.736768,73.0,96581.425,163990.417,167193.617,10000,10000,10000,10000,0,0,2.1083624993467893,0,0
aya-duplex-stream-seqpacket-v1,False,False,increment-o,01-aya-udp,986,udp-open,aya,udp,1,1,1,30185,64,0,37659.0,37659.0,1,0.227373,1.574128,24961,0,3.00009301,24961,3195008,0.0009918302754477104,16640.150766525734,3.71,1.236628327066433,0.0,1246.8144577540963,74.3159328552542,1227840.498,2282613.351,2366692.756,37659,37659,24961,24961,12698,0,6.191556947662072,0,0
aya-duplex-stream-seqpacket-v1,False,False,increment-o,01-aya-udp,989,udp-open,aya,udp,1,1,1,3,1431,1000,1000.0,1000.0,1,0.308614,0.592524,1000,0,1.000085442,1000,2862000,0.002665217487036972,1999.8291305994233,1.0,0.9999145652997116,0.0,375.1718462613557,500.0,231.779,255.294,774.696,1000,1000,1000,1000,0,0,1.2964408258001043,0,0
aya-duplex-stream-seqpacket-v1,False,False,increment-o,01-aya-udp,992,udp-open,aya,udp,1,1,1,2996,1431,10000,10000.0,10000.0,1,0.195749,0.623468,10000,0,1.394478188,10000,28620000,0.01911428397723708,14342.28241940777,1.7,1.2190940056496604,0.0,63.77921386443047,85.0,222702.374,375226.099,390270.304,10000,10000,10000,10000,0,0,2.5913139197568427,0,0
aya-duplex-stream-seqpacket-v1,False,False,increment-o,01-aya-udp,995,udp-open,aya,udp,1,1,1,22098,1431,0,28474.0,28474.0,1,0.44174,1.366045,19963,0,3.000124947,19963,57135537,0.017736466434202125,13308.445716544351,3.69,1.2299487738635173,0.0,69.3457616502318,92.41866406191299,1154202.234,2169594.245,2249603.576,28474,28474,19964,19963,8510,1,6.1395296883925,0,0
aya-duplex-stream-seqpacket-v1,False,False,increment-o,01-aya-udp,998,udp-open,aya,udp,1,1,1,458,59000,1000,1000.0,1000.0,1,0.598089,1.040853,1000,0,1.833599774,1000,118000000,0.05993459715851081,1090.750570740417,1.89,1.0307592893496942,0.0,17.1980681979661,945.0,422181.918,793063.861,826068.539,1000,1000,1000,1000,0,0,2.726596385444978,0,0
aya-duplex-stream-seqpacket-v1,False,False,increment-o,01-aya-udp,1001,udp-open,aya,udp,1,1,1,6900,59000,10000,7446.0,7446.0,1,1.349235,1.356304,1641,0,3.000207251,1641,193638000,0.06010899435140123,1093.924427689479,3.06,1.0199295395276677,0.0,16.968002052489698,932.3583180987202,1358481.328,2610063.388,2720451.095,7446,7446,1641,1641,5805,0,4.293062034838044,0,0
