kind,variant,population,eligible_active,payload,target_per_s,repeats,application_GiB_per_s_median,application_GiB_per_s_min,application_GiB_per_s_max,delivered_datagrams_per_s_median,delivered_datagrams_per_s_min,delivered_datagrams_per_s_max,vm_mean_busy_cores_median,vm_mean_busy_cores_min,vm_mean_busy_cores_max,vm_core_seconds_per_delivered_GiB_median,vm_core_seconds_per_delivered_GiB_min,vm_core_seconds_per_delivered_GiB_max,vm_cpu_us_per_delivered_datagram_median,vm_cpu_us_per_delivered_datagram_min,vm_cpu_us_per_delivered_datagram_max,p95_us_median,p95_us_min,p95_us_max,p99_us_median,p99_us_min,p99_us_max,loss_host_guest_median,loss_host_guest_min,loss_host_guest_max,loss_guest_host_median,loss_guest_host_min,loss_guest_host_max,participating_peers_median,participating_peers_min,participating_peers_max,maximum_inflight_datagrams_median,maximum_inflight_datagrams_min,maximum_inflight_datagrams_max,actual_offered_per_s_median,actual_offered_per_s_min,actual_offered_per_s_max,actual_sent_per_s_median,actual_sent_per_s_min,actual_sent_per_s_max,maximum_inflight_peers_median,maximum_inflight_peers_min,maximum_inflight_peers_max,actor_user_cpu_s_median,actor_user_cpu_s_min,actor_user_cpu_s_max,actor_system_cpu_s_median,actor_system_cpu_s_min,actor_system_cpu_s_max
udp-open,aya,1,1,0,0,1,0.0,0.0,0.0,19640.120502310492,19640.120502310492,19640.120502310492,1.1899467133928765,1.1899467133928765,1.1899467133928765,,,,60.587546458937936,60.587546458937936,60.587546458937936,,,,,,,108,108,108,1,1,1,1,1,1,20073,20073,20073,29570.0,29570.0,29570.0,29570.0,29570.0,29570.0,1,1,1,0.229493,0.229493,0.229493,1.6378759999999999,1.6378759999999999,1.6378759999999999
udp-open,aya,1,1,0,1000,1,0.0,0.0,0.0,1999.596687346952,1999.596687346952,1999.596687346952,1.0097963271102108,1.0097963271102108,1.0097963271102108,,,,505.0,505.0,505.0,,,,,,,0,0,0,0,0,0,1,1,1,3,3,3,1000.0,1000.0,1000.0,1000.0,1000.0,1000.0,1,1,1,0.302927,0.302927,0.302927,0.645873,0.645873,0.645873
udp-open,aya,1,1,0,10000,1,0.0,0.0,0.0,18034.55349393297,18034.55349393297,18034.55349393297,1.2624187445753077,1.2624187445753077,1.2624187445753077,,,,70.0,70.0,70.0,,,,,,,0,0,0,0,0,0,1,1,1,1147,1147,1147,10000.0,10000.0,10000.0,10000.0,10000.0,10000.0,1,1,1,0.09734,0.09734,0.09734,0.578815,0.578815,0.578815
udp-open,aya,1,1,64,0,1,0.0009918302754477104,0.0009918302754477104,0.0009918302754477104,16640.150766525734,16640.150766525734,16640.150766525734,1.236628327066433,1.236628327066433,1.236628327066433,1246.8144577540963,1246.8144577540963,1246.8144577540963,74.3159328552542,74.3159328552542,74.3159328552542,2282613.351,2282613.351,2282613.351,2366692.756,2366692.756,2366692.756,12698,12698,12698,0,0,0,1,1,1,30185,30185,30185,37659.0,37659.0,37659.0,37659.0,37659.0,37659.0,1,1,1,0.227373,0.227373,0.227373,1.574128,1.574128,1.574128
udp-open,aya,1,1,64,1000,1,0.00011919862508819185,0.00011919862508819185,0.00011919862508819185,1999.8210800076138,1999.8210800076138,1999.8210800076138,0.9999105400038069,0.9999105400038069,0.9999105400038069,8388.608,8388.608,8388.608,500.0,500.0,500.0,230.357,230.357,230.357,277.017,277.017,277.017,0,0,0,0,0,0,1,1,1,3,3,3,1000.0,1000.0,1000.0,1000.0,1000.0,1000.0,1,1,1,0.311879,0.311879,0.311879,0.612056,0.612056,0.612056
udp-open,aya,1,1,64,10000,1,0.0010216294902607877,0.0010216294902607877,0.0010216294902607877,17140.098630075132,17140.098630075132,17140.098630075132,1.2512271999954845,1.2512271999954845,1.2512271999954845,1224.736768,1224.736768,1224.736768,73.0,73.0,73.0,163990.417,163990.417,163990.417,167193.617,167193.617,167193.617,0,0,0,0,0,0,1,1,1,1408,1408,1408,10000.0,10000.0,10000.0,10000.0,10000.0,10000.0,1,1,1,0.120193,0.120193,0.120193,0.564387,0.564387,0.564387
udp-open,aya,1,1,1431,0,1,0.017736466434202125,0.017736466434202125,0.017736466434202125,13308.445716544351,13308.445716544351,13308.445716544351,1.2299487738635173,1.2299487738635173,1.2299487738635173,69.3457616502318,69.3457616502318,69.3457616502318,92.41866406191299,92.41866406191299,92.41866406191299,2169594.245,2169594.245,2169594.245,2249603.576,2249603.576,2249603.576,8510,8510,8510,1,1,1,1,1,1,22098,22098,22098,28474.0,28474.0,28474.0,28474.0,28474.0,28474.0,1,1,1,0.44174,0.44174,0.44174,1.366045,1.366045,1.366045
udp-open,aya,1,1,1431,1000,1,0.002665217487036972,0.002665217487036972,0.002665217487036972,1999.8291305994233,1999.8291305994233,1999.8291305994233,0.9999145652997116,0.9999145652997116,0.9999145652997116,375.1718462613557,375.1718462613557,375.1718462613557,500.0,500.0,500.0,255.294,255.294,255.294,774.696,774.696,774.696,0,0,0,0,0,0,1,1,1,3,3,3,1000.0,1000.0,1000.0,1000.0,1000.0,1000.0,1,1,1,0.308614,0.308614,0.308614,0.592524,0.592524,0.592524
udp-open,aya,1,1,1431,10000,1,0.01911428397723708,0.01911428397723708,0.01911428397723708,14342.28241940777,14342.28241940777,14342.28241940777,1.2190940056496604,1.2190940056496604,1.2190940056496604,63.77921386443047,63.77921386443047,63.77921386443047,85.0,85.0,85.0,375226.099,375226.099,375226.099,390270.304,390270.304,390270.304,0,0,0,0,0,0,1,1,1,2996,2996,2996,10000.0,10000.0,10000.0,10000.0,10000.0,10000.0,1,1,1,0.195749,0.195749,0.195749,0.623468,0.623468,0.623468
udp-open,aya,1,1,59000,1000,1,0.05993459715851081,0.05993459715851081,0.05993459715851081,1090.750570740417,1090.750570740417,1090.750570740417,1.0307592893496942,1.0307592893496942,1.0307592893496942,17.1980681979661,17.1980681979661,17.1980681979661,945.0,945.0,945.0,793063.861,793063.861,793063.861,826068.539,826068.539,826068.539,0,0,0,0,0,0,1,1,1,458,458,458,1000.0,1000.0,1000.0,1000.0,1000.0,1000.0,1,1,1,0.598089,0.598089,0.598089,1.040853,1.040853,1.040853
udp-open,aya,1,1,59000,10000,1,0.06010899435140123,0.06010899435140123,0.06010899435140123,1093.924427689479,1093.924427689479,1093.924427689479,1.0199295395276677,1.0199295395276677,1.0199295395276677,16.968002052489698,16.968002052489698,16.968002052489698,932.3583180987202,932.3583180987202,932.3583180987202,2610063.388,2610063.388,2610063.388,2720451.095,2720451.095,2720451.095,5805,5805,5805,0,0,0,1,1,1,6900,6900,6900,7446.0,7446.0,7446.0,7446.0,7446.0,7446.0,1,1,1,1.349235,1.349235,1.349235,1.356304,1.356304,1.356304
udp-open,kernel,1,1,0,0,1,0.0,0.0,0.0,9903.674538844854,9903.674538844854,9903.674538844854,1.1999605660959032,1.1999605660959032,1.1999605660959032,,,,121.16316639741518,121.16316639741518,121.16316639741518,,,,,,,940,940,940,0,0,0,1,1,1,6570,6570,6570,15796.0,15796.0,15796.0,15796.0,15796.0,15796.0,1,1,1,0.60514,0.60514,0.60514,1.862754,1.862754,1.862754
udp-open,kernel,1,1,0,1000,1,0.0,0.0,0.0,1999.8718702091476,1999.8718702091476,1999.8718702091476,1.029934013157711,1.029934013157711,1.029934013157711,,,,515.0,515.0,515.0,,,,,,,0,0,0,0,0,0,1,1,1,1,1,1,1000.0,1000.0,1000.0,1000.0,1000.0,1000.0,1,1,1,0.040624,0.040624,0.040624,0.830817,0.830817,0.830817
udp-open,kernel,1,1,0,10000,1,0.0,0.0,0.0,18945.400025897983,18945.400025897983,18945.400025897983,1.3072326017869609,1.3072326017869609,1.3072326017869609,,,,69.0,69.0,69.0,,,,,,,0,0,0,0,0,0,1,1,1,647,647,647,10000.0,10000.0,10000.0,10000.0,10000.0,10000.0,1,1,1,0.08376,0.08376,0.08376,0.619763,0.619763,0.619763
udp-open,kernel,1,1,64,0,1,0.00028589577513054567,0.00028589577513054567,0.00028589577513054567,4796.535172852593,4796.535172852593,4796.535172852593,1.1299690226525567,1.1299690226525567,1.1299690226525567,3952.380975677554,3952.380975677554,3952.380975677554,235.5802640722724,235.5802640722724,235.5802640722724,181688.526,181688.526,181688.526,184080.985,184080.985,184080.985,19219,19219,19219,0,0,0,1,1,1,20260,20260,20260,26414.0,26414.0,26414.0,26414.0,26414.0,26414.0,1,1,1,0.710254,0.710254,0.710254,1.901322,1.901322,1.901322
udp-open,kernel,1,1,64,1000,1,0.00011920236496619798,0.00011920236496619798,0.00011920236496619798,1999.8838247487363,1999.8838247487363,1999.8838247487363,1.0599384271168304,1.0599384271168304,1.0599384271168304,8891.92448,8891.92448,8891.92448,530.0,530.0,530.0,392.581,392.581,392.581,421.935,421.935,421.935,0,0,0,0,0,0,1,1,1,2,2,2,1000.0,1000.0,1000.0,1000.0,1000.0,1000.0,1,1,1,0.282906,0.282906,0.282906,0.57016,0.57016,0.57016
udp-open,kernel,1,1,64,10000,1,0.00029531340077350874,0.00029531340077350874,0.00029531340077350874,4954.536712471723,4954.536712471723,4954.536712471723,1.0866381648720276,1.0866381648720276,1.0866381648720276,3679.610075349838,3679.610075349838,3679.610075349838,219.32185145317547,219.32185145317547,219.32185145317547,169008.137,169008.137,169008.137,172008.14,172008.14,172008.14,2568,2568,2568,0,0,0,1,1,1,3603,3603,3603,10000.0,10000.0,10000.0,10000.0,10000.0,10000.0,1,1,1,0.702606,0.702606,0.702606,1.900849,1.900849,1.900849
udp-open,kernel,1,1,1431,0,1,0.005364356487215666,0.005364356487215666,0.005364356487215666,4025.111054625564,4025.111054625564,4025.111054625564,1.0699409146528702,1.0699409146528702,1.0699409146528702,199.4537307881669,199.4537307881669,199.4537307881669,265.8164955283206,265.8164955283206,265.8164955283206,22813.285,22813.285,22813.285,30351.456,30351.456,30351.456,12978,12978,12978,0,0,0,1,1,1,13085,13085,13085,19016.0,19016.0,19016.0,19016.0,19016.0,19016.0,1,1,1,0.789409,0.789409,0.789409,1.8721160000000001,1.8721160000000001,1.8721160000000001
udp-open,kernel,1,1,1431,1000,1,0.002665256481738028,0.002665256481738028,0.002665256481738028,1999.8583900274023,1999.8583900274023,1999.8583900274023,1.1199206984153454,1.1199206984153454,1.1199206984153454,420.1924678127184,420.1924678127184,420.1924678127184,560.0,560.0,560.0,412.35,412.35,412.35,470.758,470.758,470.758,0,0,0,0,0,0,1,1,1,1,1,1,1000.0,1000.0,1000.0,1000.0,1000.0,1000.0,1,1,1,0.269441,0.269441,0.269441,0.595159,0.595159,0.595159
udp-open,kernel,1,1,1431,10000,1,0.005686898646816629,0.005686898646816629,0.005686898646816629,4267.1285296548,4267.1285296548,4267.1285296548,1.0799481671677513,1.0799481671677513,1.0799481671677513,189.90107512682278,189.90107512682278,189.90107512682278,253.08545539759413,253.08545539759413,253.08545539759413,20873.105,20873.105,20873.105,28394.021,28394.021,28394.021,3599,3599,3599,0,0,0,1,1,1,3714,3714,3714,10000.0,10000.0,10000.0,10000.0,10000.0,10000.0,1,1,1,0.7995,0.7995,0.7995,1.870116,1.870116,1.870116
udp-open,kernel,1,1,59000,0,1,0.018897076352680134,0.018897076352680134,0.018897076352680134,343.90815646091585,343.90815646091585,343.90815646091585,1.2030120589378934,1.2030120589378934,1.2030120589378934,63.66127947444488,63.66127947444488,63.66127947444488,3498.062015503876,3498.062015503876,3498.062015503876,11686.393,11686.393,11686.393,12746.348,12746.348,12746.348,7445,7445,7445,0,0,0,1,1,1,7450,7450,7450,7961.0,7961.0,7961.0,7961.0,7961.0,7961.0,1,1,1,1.413195,1.413195,1.413195,1.468196,1.468196,1.468196
udp-open,kernel,1,1,59000,1000,1,0.019744280202267577,0.019744280202267577,0.019744280202267577,359.3264311516928,359.3264311516928,359.3264311516928,1.1266450253179237,1.1266450253179237,1.1266450253179237,57.06184341876042,57.06184341876042,57.06184341876042,3135.43599257885,3135.43599257885,3135.43599257885,11032.679,11032.679,11032.679,12521.619,12521.619,12521.619,461,461,461,0,0,0,1,1,1,466,466,466,1000.0,1000.0,1000.0,1000.0,1000.0,1000.0,1,1,1,1.052268,1.052268,1.052268,1.832385,1.832385,1.832385
udp-open,kernel,1,1,59000,10000,1,0.018461388137776744,0.018461388137776744,0.018461388137776744,335.9790605530231,335.9790605530231,335.9790605530231,1.0999314482390636,1.0999314482390636,1.0999314482390636,59.58010524616626,59.58010524616626,59.58010524616626,3273.809523809524,3273.809523809524,3273.809523809524,12741.25,12741.25,12741.25,12800.179,12800.179,12800.179,7757,7757,7757,0,0,0,1,1,1,7761,7761,7761,8261.0,8261.0,8261.0,8261.0,8261.0,8261.0,1,1,1,1.410051,1.410051,1.410051,1.473316,1.473316,1.473316
udp-open,kernel,64,64,0,0,1,0.0,0.0,0.0,78686.26676703445,78686.26676703445,78686.26676703445,3.532469936278464,3.532469936278464,3.532469936278464,,,,44.893093565323255,44.893093565323255,44.893093565323255,,,,,,,0,0,0,0,0,0,64,64,64,1642,1642,1642,39427.0,39427.0,39427.0,39427.0,39427.0,39427.0,64,64,64,0.195637,0.195637,0.195637,1.153763,1.153763,1.153763
udp-open,kernel,64,64,0,1000,1,0.0,0.0,0.0,1997.7604905125304,1997.7604905125304,1997.7604905125304,3.9555657712148102,3.9555657712148102,3.9555657712148102,,,,1980.0,1980.0,1980.0,,,,,,,0,0,0,0,0,0,64,64,64,5,5,5,1000.0,1000.0,1000.0,1000.0,1000.0,1000.0,5,5,5,1.318334,1.318334,1.318334,2.58655,2.58655,2.58655
udp-open,kernel,64,64,0,10000,1,0.0,0.0,0.0,19995.910236479333,19995.910236479333,19995.910236479333,3.9291963614681893,3.9291963614681893,3.9291963614681893,,,,196.5,196.5,196.5,,,,,,,0,0,0,0,0,0,64,64,64,28,28,28,10000.0,10000.0,10000.0,10000.0,10000.0,10000.0,28,28,28,1.1535509999999998,1.1535509999999998,1.1535509999999998,2.250125,2.250125,2.250125
udp-open,kernel,64,64,64,0,1,0.003285106631784556,0.003285106631784556,0.003285106631784556,55114.94354448196,55114.94354448196,55114.94354448196,3.396730134339448,3.396730134339448,3.396730134339448,1033.9786542923434,1033.9786542923434,1033.9786542923434,61.629930394431554,61.629930394431554,61.629930394431554,21704.186,21704.186,21704.186,44770.862,44770.862,44770.862,0,0,0,0,0,0,64,64,64,1159,1159,1159,27584.0,27584.0,27584.0,27584.0,27584.0,27584.0,60,60,60,0.21198,0.21198,0.21198,1.103594,1.103594,1.103594
udp-open,kernel,64,64,64,1000,1,0.00011920509877632866,0.00011920509877632866,0.00011920509877632866,1999.9296904718017,1999.9296904718017,1999.9296904718017,3.9798600840388856,3.9798600840388856,3.9798600840388856,33386.65984,33386.65984,33386.65984,1990.0,1990.0,1990.0,3088.757,3088.757,3088.757,4199.128,4199.128,4199.128,0,0,0,0,0,0,64,64,64,6,6,6,1000.0,1000.0,1000.0,1000.0,1000.0,1000.0,6,6,6,1.331249,1.331249,1.331249,2.548714,2.548714,2.548714
udp-open,kernel,64,64,64,10000,1,0.0011917064477492301,0.0011917064477492301,0.0011917064477492301,19993.516482481547,19993.516482481547,19993.516482481547,3.928725988807624,3.928725988807624,3.928725988807624,3296.722944,3296.722944,3296.722944,196.5,196.5,196.5,1511.274,1511.274,1511.274,2402.645,2402.645,2402.645,0,0,0,0,0,0,64,64,64,25,25,25,10000.0,10000.0,10000.0,10000.0,10000.0,10000.0,25,25,25,1.080087,1.080087,1.080087,2.179902,2.179902,2.179902
udp-open,kernel,64,64,1431,0,1,0.0694934117936291,0.0694934117936291,0.0694934117936291,52143.943211232996,52143.943211232996,52143.943211232996,3.3120370439420035,3.3120370439420035,3.3120370439420035,47.659727137553475,47.659727137553475,47.659727137553475,63.51719566978423,63.51719566978423,63.51719566978423,20530.079,20530.079,20530.079,39692.911,39692.911,39692.911,0,0,0,0,0,0,64,64,64,600,600,600,27158.0,27158.0,27158.0,27158.0,27158.0,27158.0,63,63,63,0.442988,0.442988,0.442988,1.090396,1.090396,1.090396
udp-open,kernel,64,64,1431,1000,1,0.002665395413632382,0.002665395413632382,0.002665395413632382,1999.962636698021,1999.962636698021,1999.962636698021,3.9299265811116113,3.9299265811116113,3.9299265811116113,1474.425355807128,1474.425355807128,1474.425355807128,1965.0,1965.0,1965.0,3239.634,3239.634,3239.634,4439.119,4439.119,4439.119,0,0,0,0,0,0,64,64,64,6,6,6,1000.0,1000.0,1000.0,1000.0,1000.0,1000.0,6,6,6,1.319818,1.319818,1.319818,2.5614749999999997,2.5614749999999997,2.5614749999999997
udp-open,kernel,64,64,1431,10000,1,0.026648174361875172,0.026648174361875172,0.026648174361875172,19995.289549678466,19995.289549678466,19995.289549678466,3.9590673308363358,3.9590673308363358,3.9590673308363358,148.56805111949686,148.56805111949686,148.56805111949686,198.0,198.0,198.0,1392.756,1392.756,1392.756,2634.584,2634.584,2634.584,0,0,0,0,0,0,64,64,64,25,25,25,10000.0,10000.0,10000.0,10000.0,10000.0,10000.0,25,25,25,1.136669,1.136669,1.136669,2.175101,2.175101,2.175101
udp-open,kernel,64,64,59000,0,1,0.8512786060985906,0.8512786060985906,0.8512786060985906,15492.431241431834,15492.431241431834,15492.431241431834,3.9293828919767204,3.9293828919767204,3.9293828919767204,4.615860029638335,4.615860029638335,4.615860029638335,253.6324241651797,253.6324241651797,253.6324241651797,8825.769,8825.769,8825.769,16383.961,16383.961,16383.961,0,0,0,0,0,0,64,64,64,72,72,72,7846.0,7846.0,7846.0,7846.0,7846.0,7846.0,43,43,43,2.7929950000000003,2.7929950000000003,2.7929950000000003,0.382119,0.382119,0.382119
udp-open,kernel,64,64,59000,1000,1,0.10989217395134511,0.10989217395134511,0.10989217395134511,1999.9292085058066,1999.9292085058066,1999.9292085058066,3.92986089471391,3.92986089471391,3.92986089471391,35.76106244338983,35.76106244338983,35.76106244338983,1965.0,1965.0,1965.0,3842.441,3842.441,3842.441,4840.633,4840.633,4840.633,0,0,0,0,0,0,64,64,64,8,8,8,1000.0,1000.0,1000.0,1000.0,1000.0,1000.0,8,8,8,1.346744,1.346744,1.346744,2.467119,2.467119,2.467119
udp-open,kernel,64,64,59000,10000,1,0.8232754686625182,0.8232754686625182,0.8232754686625182,14982.801752138086,14982.801752138086,14982.801752138086,3.8714218698918335,3.8714218698918335,3.8714218698918335,4.702462319424252,4.702462319424252,4.702462319424252,258.3910495471497,258.3910495471497,258.3910495471497,11901.898,11901.898,11901.898,17864.909,17864.909,17864.909,0,0,0,0,0,0,64,64,64,89,89,89,7508.0,7508.0,7508.0,7508.0,7508.0,7508.0,58,58,58,2.735835,2.735835,2.735835,0.34391700000000003,0.34391700000000003,0.34391700000000003
udp-open,kernel,1024,64,64,0,1,0.0031318118989748294,0.0031318118989748294,0.0031318118989748294,52543.08470047089,52543.08470047089,52543.08470047089,3.3678904586200336,3.3678904586200336,3.3678904586200336,1075.3808233893237,1075.3808233893237,1075.3808233893237,64.09769197638772,64.09769197638772,64.09769197638772,21995.815,21995.815,21995.815,49263.982,49263.982,49263.982,0,0,0,0,0,0,64,64,64,1193,1193,1193,26314.0,26314.0,26314.0,26314.0,26314.0,26314.0,64,64,64,0.331388,0.331388,0.331388,1.6071119999999999,1.6071119999999999,1.6071119999999999
udp-open,kernel,1024,64,64,10000,1,0.0011916784376917063,0.0011916784376917063,0.0011916784376917063,19993.046551696298,19993.046551696298,19993.046551696298,3.85199363562682,3.85199363562682,3.85199363562682,3232.4102826666667,3232.4102826666667,3232.4102826666667,192.66666666666666,192.66666666666666,192.66666666666666,1404.353,1404.353,1404.353,2462.475,2462.475,2462.475,0,0,0,0,0,0,64,64,64,39,39,39,10000.0,10000.0,10000.0,10000.0,10000.0,10000.0,39,39,39,1.5450869999999999,1.5450869999999999,1.5450869999999999,3.147639,3.147639,3.147639
udp-open,kernel,1024,64,1431,0,1,0.06718701282503364,0.06718701282503364,0.06718701282503364,50413.35129270652,50413.35129270652,50413.35129270652,3.3655997042484254,3.3655997042484254,3.3655997042484254,50.09300998413215,50.09300998413215,50.09300998413215,66.76008672201364,66.76008672201364,66.76008672201364,6617.566,6617.566,6617.566,26636.186,26636.186,26636.186,0,0,0,0,0,0,64,64,64,529,529,529,25214.666666666668,25214.666666666668,25214.666666666668,25214.666666666668,25214.666666666668,25214.666666666668,62,62,62,0.638556,0.638556,0.638556,1.563705,1.563705,1.563705
udp-open,kernel,1024,64,1431,10000,1,0.026636607387592347,0.026636607387592347,0.026636607387592347,19986.610343483775,19986.610343483775,19986.610343483775,3.9173756273228197,3.9173756273228197,3.9173756273228197,147.06736373445142,147.06736373445142,147.06736373445142,196.0,196.0,196.0,1486.597,1486.597,1486.597,2492.63,2492.63,2492.63,0,0,0,0,0,0,64,64,64,31,31,31,10000.0,10000.0,10000.0,10000.0,10000.0,10000.0,31,31,31,1.3688509999999998,1.3688509999999998,1.3688509999999998,3.5428149999999996,3.5428149999999996,3.5428149999999996
udp-open,kernel,1024,1024,64,0,1,0.00417604662739566,0.00417604662739566,0.00417604662739566,70062.4362938885,70062.4362938885,70062.4362938885,3.7265129575230853,3.7265129575230853,3.7265129575230853,892.3542503276789,892.3542503276789,892.3542503276789,53.188458104591305,53.188458104591305,53.188458104591305,11504.009,11504.009,11504.009,66812.936,66812.936,66812.936,0,0,0,0,0,0,1024,1024,1024,1029,1029,1029,35095.333333333336,35095.333333333336,35095.333333333336,35095.333333333336,35095.333333333336,35095.333333333336,1024,1024,1024,0.395863,0.395863,0.395863,1.8332380000000001,1.8332380000000001,1.8332380000000001
udp-open,kernel,1024,1024,64,10000,1,0.0011915163866588817,0.0011915163866588817,0.0011915163866588817,19990.327786515576,19990.327786515576,19990.327786515576,3.884787033179527,3.884787033179527,3.884787033179527,3260.3723093333333,3260.3723093333333,3260.3723093333333,194.33333333333334,194.33333333333334,194.33333333333334,64943.063,64943.063,64943.063,80702.493,80702.493,80702.493,0,0,0,0,0,0,1024,1024,1024,1024,1024,1024,10000.0,10000.0,10000.0,10000.0,10000.0,10000.0,1024,1024,1024,1.5927349999999998,1.5927349999999998,1.5927349999999998,3.1016019999999997,3.1016019999999997,3.1016019999999997
udp-open,kernel,1024,1024,1431,0,1,0.08074711078028322,0.08074711078028322,0.08074711078028322,60588.08526341815,60588.08526341815,60588.08526341815,3.658828884277833,3.658828884277833,3.658828884277833,45.31219568008672,45.31219568008672,45.31219568008672,60.38858743217224,60.38858743217224,60.38858743217224,16835.36,16835.36,16835.36,69578.427,69578.427,69578.427,0,0,0,0,0,0,1024,1024,1024,1029,1029,1029,30469.333333333332,30469.333333333332,30469.333333333332,30469.333333333332,30469.333333333332,30469.333333333332,1024,1024,1024,0.755636,0.755636,0.755636,1.6948850000000002,1.6948850000000002,1.6948850000000002
udp-open,kernel,1024,1024,1431,10000,1,0.026654027557913403,0.026654027557913403,0.026654027557913403,19999.68145840685,19999.68145840685,19999.68145840685,3.9399372473061494,3.9399372473061494,3.9399372473061494,147.81770742697415,147.81770742697415,147.81770742697415,197.0,197.0,197.0,59155.475,59155.475,59155.475,64838.705,64838.705,64838.705,0,0,0,0,0,0,1024,1024,1024,1024,1024,1024,10000.0,10000.0,10000.0,10000.0,10000.0,10000.0,1024,1024,1024,1.4793809999999998,1.4793809999999998,1.4793809999999998,3.394687,3.394687,3.394687
udp-open,kernel,4096,64,64,0,1,0.0034936204593586126,0.0034936204593586126,0.0034936204593586126,58613.225068678665,58613.225068678665,58613.225068678665,3.374355983318973,3.374355983318973,3.374355983318973,965.8622115862192,965.8622115862192,965.8622115862192,57.56987402356978,57.56987402356978,57.56987402356978,38332.995,38332.995,38332.995,67508.903,67508.903,67508.903,0,0,0,0,0,0,64,64,64,1270,1270,1270,29529.333333333332,29529.333333333332,29529.333333333332,29529.333333333332,29529.333333333332,29529.333333333332,64,64,64,0.310274,0.310274,0.310274,1.6592190000000002,1.6592190000000002,1.6592190000000002
udp-open,kernel,4096,64,64,10000,1,0.0011906580223775137,0.0011906580223775137,0.0011906580223775137,19975.92682356038,19975.92682356038,19975.92682356038,3.496719652697119,3.496719652697119,3.496719652697119,2936.7959455854893,2936.7959455854893,2936.7959455854893,175.0466791144305,175.0466791144305,175.0466791144305,2284.217,2284.217,2284.217,3858.866,3858.866,3858.866,0,0,0,0,0,0,64,64,64,34,34,34,9997.333333333334,9997.333333333334,9997.333333333334,9997.333333333334,9997.333333333334,9997.333333333334,34,34,34,1.2712759999999999,1.2712759999999999,1.2712759999999999,2.7591609999999998,2.7591609999999998,2.7591609999999998
udp-open,kernel,4096,64,1431,0,1,0.06569013237548776,0.06569013237548776,0.06569013237548776,49290.176488929195,49290.176488929195,49290.176488929195,3.282017424235831,3.282017424235831,3.282017424235831,49.96210702508059,49.96210702508059,49.96210702508059,66.58562938951918,66.58562938951918,66.58562938951918,26233.881,26233.881,26233.881,52760.853,52760.853,52760.853,0,0,0,0,0,0,64,64,64,1502,1502,1502,24680.0,24680.0,24680.0,24680.0,24680.0,24680.0,64,64,64,0.610178,0.610178,0.610178,1.496791,1.496791,1.496791
udp-open,kernel,4096,64,1431,10000,1,0.02665256304066855,0.02665256304066855,0.02665256304066855,19998.582567129582,19998.582567129582,19998.582567129582,3.8330616586998367,3.8330616586998367,3.8330616586998367,143.81587440018635,143.81587440018635,143.81587440018635,191.66666666666666,191.66666666666666,191.66666666666666,1745.706,1745.706,1745.706,2950.78,2950.78,2950.78,0,0,0,0,0,0,64,64,64,28,28,28,10000.0,10000.0,10000.0,10000.0,10000.0,10000.0,28,28,28,1.544037,1.544037,1.544037,3.1616549999999997,3.1616549999999997,3.1616549999999997
udp-open,kernel,4096,4096,64,0,1,0.003943481940356008,0.003943481940356008,0.003943481940356008,66160.64830545186,66160.64830545186,66160.64830545186,3.7272854722292346,3.7272854722292346,3.7272854722292346,945.1762499748495,945.1762499748495,945.1762499748495,56.33689462988672,56.33689462988672,56.33689462988672,197298.081,197298.081,197298.081,236515.828,236515.828,236515.828,0,0,0,0,0,0,4096,4096,4096,4112,4112,4112,33134.0,33134.0,33134.0,33134.0,33134.0,33134.0,4096,4096,4096,0.42248899999999995,0.42248899999999995,0.42248899999999995,1.815382,1.815382,1.815382
udp-open,kernel,4096,4096,64,10000,1,0.0011918203730667601,0.0011918203730667601,0.0011918203730667601,19995.427832141617,19995.427832141617,19995.427832141617,3.7058192915569124,3.7058192915569124,3.7058192915569124,3109.3773653333333,3109.3773653333333,3109.3773653333333,185.33333333333334,185.33333333333334,185.33333333333334,232221.086,232221.086,232221.086,243619.856,243619.856,243619.856,0,0,0,0,0,0,4096,4096,4096,4096,4096,4096,10000.0,10000.0,10000.0,10000.0,10000.0,10000.0,4096,4096,4096,1.3493899999999999,1.3493899999999999,1.3493899999999999,3.002772,3.002772,3.002772
udp-open,kernel,4096,4096,1431,0,1,0.08005424432388346,0.08005424432388346,0.08005424432388346,60068.19728809802,60068.19728809802,60068.19728809802,3.743687412769877,3.743687412769877,3.743687412769877,46.76438387980613,46.76438387980613,46.76438387980613,62.32395147159935,62.32395147159935,62.32395147159935,211452.538,211452.538,211452.538,232599.155,232599.155,232599.155,0,0,0,0,0,0,4096,4096,4096,4113,4113,4113,30058.0,30058.0,30058.0,30058.0,30058.0,30058.0,4096,4096,4096,0.7865310000000001,0.7865310000000001,0.7865310000000001,1.6625969999999999,1.6625969999999999,1.6625969999999999
udp-open,kernel,4096,4096,1431,10000,1,0.02660921726763497,0.02660921726763497,0.02660921726763497,19966.058339736315,19966.058339736315,19966.058339736315,3.7003761456311306,3.7003761456311306,3.7003761456311306,139.06369768087583,139.06369768087583,139.06369768087583,185.33333333333334,185.33333333333334,185.33333333333334,318411.657,318411.657,318411.657,321987.738,321987.738,321987.738,0,0,0,0,0,0,4096,4096,4096,4096,4096,4096,10000.0,10000.0,10000.0,10000.0,10000.0,10000.0,4096,4096,4096,1.511146,1.511146,1.511146,2.852919,2.852919,2.852919
udp-open,kernel,16384,64,0,0,1,0.0,0.0,0.0,54910.67566471204,54910.67566471204,54910.67566471204,3.03782445897588,3.03782445897588,3.03782445897588,,,,55.32302092811647,55.32302092811647,55.32302092811647,,,,,,,0,0,0,0,0,0,64,64,64,745,745,745,27475.0,27475.0,27475.0,27475.0,27475.0,27475.0,61,61,61,0.146497,0.146497,0.146497,0.930501,0.930501,0.930501
udp-open,kernel,16384,64,0,10000,1,0.0,0.0,0.0,19997.452224599325,19997.452224599325,19997.452224599325,3.619538852652478,3.619538852652478,3.619538852652478,,,,181.0,181.0,181.0,,,,,,,0,0,0,0,0,0,64,64,64,99,99,99,10000.0,10000.0,10000.0,10000.0,10000.0,10000.0,60,60,60,0.8943240000000001,0.8943240000000001,0.8943240000000001,1.8701729999999999,1.8701729999999999,1.8701729999999999
udp-open,kernel,16384,64,0,100000,1,0.0,0.0,0.0,52832.327622354074,52832.327622354074,52832.327622354074,3.0567118804535633,3.0567118804535633,3.0567118804535633,,,,57.856846707625046,57.856846707625046,57.856846707625046,,,,,,,0,0,0,0,0,0,64,64,64,914,914,914,26531.0,26531.0,26531.0,26531.0,26531.0,26531.0,64,64,64,0.150609,0.150609,0.150609,0.9222549999999999,0.9222549999999999,0.9222549999999999
udp-open,kernel,16384,64,64,0,1,0.0021883824066594895,0.0021883824066594895,0.0021883824066594895,36714.964327126094,36714.964327126094,36714.964327126094,2.973394998323592,2.973394998323592,2.973394998323592,1358.7181971830987,1358.7181971830987,1358.7181971830987,80.98591549295774,80.98591549295774,80.98591549295774,33414.585,33414.585,33414.585,72984.472,72984.472,72984.472,0,0,0,0,0,0,64,64,64,573,573,573,18460.0,18460.0,18460.0,18460.0,18460.0,18460.0,58,58,58,0.166744,0.166744,0.166744,0.877323,0.877323,0.877323
udp-open,kernel,16384,64,64,10000,1,0.0011907409377729928,0.0011907409377729928,0.0011907409377729928,19977.31791306006,19977.31791306006,19977.31791306006,3.3062461146114392,3.3062461146114392,3.3062461146114392,2776.629248,2776.629248,2776.629248,165.5,165.5,165.5,3055.637,3055.637,3055.637,6115.291,6115.291,6115.291,0,0,0,0,0,0,64,64,64,69,69,69,10000.0,10000.0,10000.0,10000.0,10000.0,10000.0,39,39,39,0.6914260000000001,0.6914260000000001,0.6914260000000001,1.5429979999999999,1.5429979999999999,1.5429979999999999
udp-open,kernel,16384,64,64,100000,1,0.0022647368407356476,0.0022647368407356476,0.0022647368407356476,37995.97916017956,37995.97916017956,37995.97916017956,3.01729837138423,3.01729837138423,3.01729837138423,1332.2953541940574,1332.2953541940574,1332.2953541940574,79.41099132264002,79.41099132264002,79.41099132264002,29477.471,29477.471,29477.471,62881.13,62881.13,62881.13,0,0,0,0,0,0,64,64,64,699,699,699,19015.0,19015.0,19015.0,19015.0,19015.0,19015.0,60,60,60,0.152756,0.152756,0.152756,0.899942,0.899942,0.899942
udp-open,kernel,16384,64,1431,0,1,0.046654242496392946,0.046654242496392946,0.046654242496392946,35006.71658659348,35006.71658659348,35006.71658659348,3.0167870132265815,3.0167870132265815,3.0167870132265815,64.6626512789233,64.6626512789233,64.6626512789233,86.17737701175665,86.17737701175665,86.17737701175665,16331.311,16331.311,16331.311,37159.91,37159.91,37159.91,0,0,0,0,0,0,64,64,64,381,381,381,17522.0,17522.0,17522.0,17522.0,17522.0,17522.0,60,60,60,0.31823,0.31823,0.31823,0.8252130000000001,0.8252130000000001,0.8252130000000001
udp-open,kernel,16384,64,1431,10000,1,0.026611549764150654,0.026611549764150654,0.026611549764150654,19967.80851378469,19967.80851378469,19967.80851378469,3.255078295576462,3.255078295576462,3.255078295576462,122.3182537065726,122.3182537065726,122.3182537065726,163.016301630163,163.016301630163,163.016301630163,2968.817,2968.817,2968.817,6834.002,6834.002,6834.002,0,0,0,0,0,0,64,64,64,50,50,50,9999.0,9999.0,9999.0,9999.0,9999.0,9999.0,48,48,48,0.639785,0.639785,0.639785,1.386785,1.386785,1.386785
udp-open,kernel,16384,64,1431,100000,1,0.048929417813452974,0.048929417813452974,0.048929417813452974,36713.88003513284,36713.88003513284,36713.88003513284,3.081266889169759,3.081266889169759,3.081266889169759,62.973708391898654,62.973708391898654,62.973708391898654,83.92648464888984,83.92648464888984,83.92648464888984,27123.92,27123.92,27123.92,49130.741,49130.741,49130.741,0,0,0,0,0,0,64,64,64,626,626,626,18826.0,18826.0,18826.0,18826.0,18826.0,18826.0,57,57,57,0.324037,0.324037,0.324037,0.874757,0.874757,0.874757
udp-open,kernel,16384,64,59000,0,1,0.5007972642964929,0.5007972642964929,0.5007972642964929,9114.016407117395,9114.016407117395,9114.016407117395,3.1630645949816225,3.1630645949816225,3.1630645949816225,6.3160580547999094,6.3160580547999094,6.3160580547999094,347.05495949200787,347.05495949200787,347.05495949200787,7020.132,7020.132,7020.132,15119.559,15119.559,15119.559,0,0,0,0,0,0,64,64,64,45,45,45,4567.0,4567.0,4567.0,4567.0,4567.0,4567.0,32,32,32,1.757654,1.757654,1.757654,0.35772499999999996,0.35772499999999996,0.35772499999999996
udp-open,kernel,16384,64,59000,10000,1,0.5312818383240046,0.5312818383240046,0.5312818383240046,9668.80559559474,9668.80559559474,9668.80559559474,3.2741774059003457,3.2741774059003457,3.2741774059003457,6.1627881281038155,6.1627881281038155,6.1627881281038155,338.6330786702457,338.6330786702457,338.6330786702457,9344.8,9344.8,9344.8,20064.479,20064.479,20064.479,0,0,0,0,0,0,64,64,64,68,68,68,4843.0,4843.0,4843.0,4843.0,4843.0,4843.0,41,41,41,1.803356,1.803356,1.803356,0.38738300000000003,0.38738300000000003,0.38738300000000003
udp-open,kernel,16384,64,59000,100000,1,0.4952659842130056,0.4952659842130056,0.4952659842130056,9013.352563627592,9013.352563627592,9013.352563627592,3.182004723104473,3.182004723104473,3.182004723104473,6.424840034513546,6.424840034513546,6.424840034513546,353.0323151837096,353.0323151837096,353.0323151837096,5997.694,5997.694,5997.694,12261.408,12261.408,12261.408,0,0,0,0,0,0,64,64,64,34,34,34,4518.0,4518.0,4518.0,4518.0,4518.0,4518.0,31,31,31,1.7025919999999999,1.7025919999999999,1.7025919999999999,0.382015,0.382015,0.382015
udp-open,kernel,16384,16384,0,0,1,0.0,0.0,0.0,63459.07547050768,63459.07547050768,63459.07547050768,3.3535383019218687,3.3535383019218687,3.3535383019218687,,,,52.845684830066745,52.845684830066745,52.845684830066745,,,,,,,0,0,0,0,0,0,16384,16384,16384,16444,16444,16444,31732.7880859375,31732.7880859375,31732.7880859375,31732.7880859375,31732.7880859375,31732.7880859375,16384,16384,16384,0.6785979999999999,0.6785979999999999,0.6785979999999999,3.424087,3.424087,3.424087
udp-open,kernel,16384,16384,0,10000,1,0.0,0.0,0.0,19990.931611130956,19990.931611130956,19990.931611130956,3.612194095104089,3.612194095104089,3.612194095104089,,,,180.69163385526355,180.69163385526355,180.69163385526355,,,,,,,0,0,0,0,0,0,16384,16384,16384,16384,16384,16384,9998.47412109375,9998.47412109375,9998.47412109375,9998.47412109375,9998.47412109375,9998.47412109375,16384,16384,16384,2.6908030000000003,2.6908030000000003,2.6908030000000003,6.033349,6.033349,6.033349
udp-open,kernel,16384,16384,0,100000,1,0.0,0.0,0.0,57485.30324904877,57485.30324904877,57485.30324904877,3.206918072291888,3.206918072291888,3.206918072291888,,,,55.786747064693515,55.786747064693515,55.786747064693515,,,,,,,0,0,0,0,0,0,16384,16384,16384,16446,16446,16446,28746.9482421875,28746.9482421875,28746.9482421875,28746.9482421875,28746.9482421875,28746.9482421875,16384,16384,16384,0.6296660000000001,0.6296660000000001,0.6296660000000001,3.3690439999999997,3.3690439999999997,3.3690439999999997
udp-open,kernel,16384,16384,64,0,1,0.002930651077170902,0.002930651077170902,0.002930651077170902,49168.16614232889,49168.16614232889,49168.16614232889,3.396827583283131,3.396827583283131,3.396827583283131,1159.0692627121791,1159.0692627121791,1159.0692627121791,69.08591167403335,69.08591167403335,69.08591167403335,765826.019,765826.019,765826.019,838824.321,838824.321,838824.321,0,0,0,0,0,0,16384,16384,16384,16444,16444,16444,24648.74267578125,24648.74267578125,24648.74267578125,24648.74267578125,24648.74267578125,24648.74267578125,16384,16384,16384,0.7295119999999999,0.7295119999999999,0.7295119999999999,3.455082,3.455082,3.455082
udp-open,kernel,16384,16384,64,10000,1,0.00119179704774836,0.00119179704774836,0.00119179704774836,19995.03649823655,19995.03649823655,19995.03649823655,3.636792527145076,3.636792527145076,3.636792527145076,3051.52,3051.52,3051.52,181.884765625,181.884765625,181.884765625,748036.072,748036.072,748036.072,771237.962,771237.962,771237.962,0,0,0,0,0,0,16384,16384,16384,16384,16384,16384,10000.0,10000.0,10000.0,10000.0,10000.0,10000.0,16384,16384,16384,2.633169,2.633169,2.633169,5.915124,5.915124,5.915124
udp-open,kernel,16384,16384,64,100000,1,0.0032223785071415346,0.0032223785071415346,0.0032223785071415346,54062.54024807107,54062.54024807107,54062.54024807107,3.5160991474614423,3.5160991474614423,3.5160991474614423,1091.1502604889386,1091.1502604889386,1091.1502604889386,65.03762367301813,65.03762367301813,65.03762367301813,736948.049,736948.049,736948.049,767382.821,767382.821,767382.821,0,0,0,0,0,0,16384,16384,16384,16446,16446,16446,27051.08642578125,27051.08642578125,27051.08642578125,27051.08642578125,27051.08642578125,27051.08642578125,16384,16384,16384,0.76648,0.76648,0.76648,3.5260380000000002,3.5260380000000002,3.5260380000000002
udp-open,kernel,16384,16384,1431,0,1,0.059743847666224544,0.059743847666224544,0.059743847666224544,44828.419263389296,44828.419263389296,44828.419263389296,3.3576027979286533,3.3576027979286533,3.3576027979286533,56.19997588181507,56.19997588181507,56.19997588181507,74.8989782173907,74.8989782173907,74.8989782173907,819477.943,819477.943,819477.943,848920.391,848920.391,848920.391,0,0,0,0,0,0,16384,16384,16384,16446,16446,16446,22430.11474609375,22430.11474609375,22430.11474609375,22430.11474609375,22430.11474609375,22430.11474609375,16384,16384,16384,1.2827650000000002,1.2827650000000002,1.2827650000000002,3.261318,3.261318,3.261318
udp-open,kernel,16384,16384,1431,10000,1,0.026648992099982245,0.026648992099982245,0.026648992099982245,19995.903134309243,19995.903134309243,19995.903134309243,3.51185371514739,3.51185371514739,3.51185371514739,131.78185883997205,131.78185883997205,131.78185883997205,175.628662109375,175.628662109375,175.628662109375,877906.634,877906.634,877906.634,921554.796,921554.796,921554.796,0,0,0,0,0,0,16384,16384,16384,16384,16384,16384,10000.0,10000.0,10000.0,10000.0,10000.0,10000.0,16384,16384,16384,2.512233,2.512233,2.512233,5.332486,5.332486,5.332486
udp-open,kernel,16384,16384,1431,100000,1,0.06789712651381827,0.06789712651381827,0.06789712651381827,50946.180620060084,50946.180620060084,50946.180620060084,3.5858695480722207,3.5858695480722207,3.5858695480722207,52.813274024820956,52.813274024820956,52.813274024820956,70.38544409863539,70.38544409863539,70.38544409863539,794954.224,794954.224,794954.224,836447.525,836447.525,836447.525,0,0,0,0,0,0,16384,16384,16384,16446,16446,16446,25494.384765625,25494.384765625,25494.384765625,25494.384765625,25494.384765625,25494.384765625,16384,16384,16384,1.4677729999999998,1.4677729999999998,1.4677729999999998,3.356122,3.356122,3.356122
udp-open,kernel,16384,16384,59000,0,1,0.5646728173587063,0.5646728173587063,0.5646728173587063,10276.488489389088,10276.488489389088,10276.488489389088,3.3567471127352957,3.3567471127352957,3.3567471127352957,5.944587749834847,5.944587749834847,5.944587749834847,326.6433973240256,326.6433973240256,326.6433973240256,2698153.766,2698153.766,2698153.766,2741739.445,2741739.445,2741739.445,0,0,0,0,0,0,16384,16384,16384,16448,16448,16448,5245.9716796875,5245.9716796875,5245.9716796875,5245.9716796875,5245.9716796875,5245.9716796875,16384,16384,16384,6.406841,6.406841,6.406841,1.351591,1.351591,1.351591
udp-open,kernel,16384,16384,59000,10000,1,0.1575689955341009,0.1575689955341009,0.1575689955341009,2867.6003503497177,2867.6003503497177,2867.6003503497177,2.5859463239799294,2.5859463239799294,2.5859463239799294,16.41151747661095,16.41151747661095,16.41151747661095,901.7805858701895,901.7805858701895,901.7805858701895,4368638.771,4368638.771,4368638.771,4440007.14,4440007.14,4440007.14,1313,1313,1313,14591,14591,14591,16384,16384,16384,16426,16426,16426,5018.00537109375,5018.00537109375,5018.00537109375,5018.00537109375,5018.00537109375,5018.00537109375,16384,16384,16384,4.622121999999999,4.622121999999999,4.622121999999999,4.557001,4.557001,4.557001
udp-open,kernel,16384,16384,59000,100000,1,0.5665396893267733,0.5665396893267733,0.5665396893267733,10310.463718408862,10310.463718408862,10310.463718408862,3.392553050202448,3.392553050202448,3.392553050202448,5.9882001457547736,5.9882001457547736,5.9882001457547736,329.03981264637,329.03981264637,329.03981264637,2691950.724,2691950.724,2691950.724,2715497.682,2715497.682,2715497.682,0,0,0,0,0,0,16384,16384,16384,16449,16449,16449,5212.40234375,5212.40234375,5212.40234375,5212.40234375,5212.40234375,5212.40234375,16384,16384,16384,6.332622000000001,6.332622000000001,6.332622000000001,1.464619,1.464619,1.464619
udp-rr,aya,1,1,0,0,1,0.0,0.0,0.0,13215.959180832584,13215.959180832584,13215.959180832584,1.1296546047156444,1.1296546047156444,1.1296546047156444,,,,85.47655068078669,85.47655068078669,85.47655068078669,190.577,190.577,190.577,238.759,238.759,238.759,0,0,0,0,0,0,,,,,,,6607.979590416292,6607.979590416292,6607.979590416292,6607.979590416292,6607.979590416292,6607.979590416292,,,,,,,,,
udp-rr,kernel,1,1,0,0,1,0.0,0.0,0.0,12176.367697028376,12176.367697028376,12176.367697028376,1.1698431766729511,1.1698431766729511,1.1698431766729511,,,,96.07488914435868,96.07488914435868,96.07488914435868,198.438,198.438,198.438,319.701,319.701,319.701,0,0,0,0,0,0,,,,,,,6088.183848514188,6088.183848514188,6088.183848514188,6088.183848514188,6088.183848514188,6088.183848514188,,,,,,,,,
udp-rr,kernel,64,64,0,0,1,0.0,0.0,0.0,41640.62582067463,41640.62582067463,41640.62582067463,2.829363050960605,2.829363050960605,2.829363050960605,,,,67.94717887154862,67.94717887154862,67.94717887154862,275.535,275.535,275.535,320.753,320.753,320.753,0,0,0,0,0,0,,,,,,,20820.312910337314,20820.312910337314,20820.312910337314,20820.312910337314,20820.312910337314,20820.312910337314,,,,,,,,,
udp-rr,kernel,1024,1024,0,0,1,0.0,0.0,0.0,40283.68164876213,40283.68164876213,40283.68164876213,2.6890442115035516,2.6890442115035516,2.6890442115035516,,,,66.75269244131222,66.75269244131222,66.75269244131222,290.708,290.708,290.708,346.181,346.181,346.181,0,0,0,0,0,0,,,,,,,20141.840824381066,20141.840824381066,20141.840824381066,20141.840824381066,20141.840824381066,20141.840824381066,,,,,,,,,
udp-rr,kernel,4096,4096,0,0,1,0.0,0.0,0.0,39490.72254137138,39490.72254137138,39490.72254137138,2.708266476544095,2.708266476544095,2.708266476544095,,,,68.57981577082701,68.57981577082701,68.57981577082701,300.552,300.552,300.552,397.478,397.478,397.478,0,0,0,0,0,0,,,,,,,19745.36127068569,19745.36127068569,19745.36127068569,19745.36127068569,19745.36127068569,19745.36127068569,,,,,,,,,
udp-rr,kernel,16384,16384,0,0,1,0.0,0.0,0.0,32368.349422751613,32368.349422751613,32368.349422751613,2.5149537509846316,2.5149537509846316,2.5149537509846316,,,,77.69793010257355,77.69793010257355,77.69793010257355,333.382,333.382,333.382,1732.217,1732.217,1732.217,0,0,0,0,0,0,,,,,,,16184.174711375807,16184.174711375807,16184.174711375807,16184.174711375807,16184.174711375807,16184.174711375807,,,,,,,,,
