source_increment,run,candidate,variant,stage,population,slab_kib,sunreclaim_kib,sunreclaim_delta_loaded_kib,kernel_stack_kib,page_tables_kib,vmalloc_used_kib,memavailable_kib,pss_kib,pss_delta_loaded_kib,rss_kib,fds,all_tasks
increment-r,00-kernel-udp,original-kernel-module,kernel,begin,,38996,33912,-108,2320,756,7832,15854388,3042,-60,3048,4,81
increment-r,00-kernel-udp,original-kernel-module,kernel,loaded,,39316,34020,0,2288,704,7832,15854216,3102,0,3108,4,81
increment-r,00-kernel-udp,original-kernel-module,kernel,idle_resources,1,40316,34832,812,2352,372,7864,15859180,3562,460,3568,10,84
increment-r,00-kernel-udp,original-kernel-module,kernel,traffic_resources_before_settle,1,43328,37832,3812,2432,728,7960,15848972,5106,2004,5112,10,84
increment-r,00-kernel-udp,original-kernel-module,kernel,traffic_resources,1,43336,37824,3804,2416,408,7944,15849028,5106,2004,5112,10,84
increment-r,00-kernel-udp,original-kernel-module,kernel,idle_resources,64,65240,58844,24824,5376,452,10872,15831364,6618,3516,6624,388,273
increment-r,00-kernel-udp,original-kernel-module,kernel,traffic_resources_before_settle,64,65892,59264,25244,5392,788,10984,15774400,16086,12984,16092,388,273
increment-r,00-kernel-udp,original-kernel-module,kernel,traffic_resources,64,68200,59996,25976,5408,800,10952,15737912,16086,12984,16092,388,273
increment-r,00-kernel-udp,original-kernel-module,kernel,idle_resources,1024,411028,386928,352908,51456,1124,56904,15385296,39738,36636,39744,6148,3153
increment-r,00-kernel-udp,original-kernel-module,kernel,traffic_resources_before_settle,1024,412292,387844,353824,51456,1252,57016,15385416,43250,40148,43256,6148,3153
increment-r,00-kernel-udp,original-kernel-module,kernel,traffic_resources,1024,412104,387688,353668,51504,1132,57016,15385128,43250,40148,43256,6148,3153
increment-r,00-kernel-udp,original-kernel-module,kernel,idle_resources,4096,1513044,1437560,1403540,198912,3244,204360,14082316,117318,114216,117324,24580,12369
increment-r,00-kernel-udp,original-kernel-module,kernel,traffic_resources_before_settle,4096,1513264,1437228,1403208,198912,3260,204488,14075492,123526,120424,123532,24580,12369
increment-r,00-kernel-udp,original-kernel-module,kernel,traffic_resources,4096,1514080,1438044,1404024,198944,3260,204456,14075888,123526,120424,123532,24580,12369
increment-r,00-kernel-udp,original-kernel-module,kernel,idle_resources,16384,5923112,5641004,5606984,788736,11732,794184,8925924,424022,420920,424028,98308,49233
increment-r,00-kernel-udp,original-kernel-module,kernel,traffic_resources_before_settle,16384,5914144,5631556,5597536,788720,13584,794264,5410080,2807738,2804636,2807744,98308,49232
increment-r,00-kernel-udp,original-kernel-module,kernel,traffic_resources,16384,5914204,5631696,5597676,788720,13584,794280,5506348,2807738,2804636,2807744,98308,49232
increment-r,00-kernel-udp,original-kernel-module,kernel,owned_retirement,16384,724904,629044,595024,2364,5416,7880,15155116,27658,24556,27664,4,81
increment-r,00-kernel-udp,original-kernel-module,kernel,transport_drain_live_kernel,,157948,62228,28208,2304,3528,6700,15729604,27658,24556,27664,4,80
increment-r,01-aya-udp,aya-duplex-stream-seqpacket-v1,aya,begin,,38256,33264,-452,2272,624,6652,15834708,3034,-3440,3040,4,79
increment-r,01-aya-udp,aya-duplex-stream-seqpacket-v1,aya,loaded,,38808,33716,0,2272,364,18472,15806824,6474,0,6480,18,79
increment-r,01-aya-udp,aya-duplex-stream-seqpacket-v1,aya,idle_resources,1,39576,34392,676,2304,388,18488,15825612,6610,136,6616,27,81
increment-r,01-aya-udp,aya-duplex-stream-seqpacket-v1,aya,traffic_resources_before_settle,1,506708,501512,467796,2352,432,18568,15356076,11078,4604,11084,27,83
increment-r,01-aya-udp,aya-duplex-stream-seqpacket-v1,aya,traffic_resources,1,42352,37156,3440,2352,432,18568,15824764,11078,4604,11084,27,83
increment-r,01-aya-udp,aya-duplex-stream-seqpacket-v1,aya,idle_resources,64,54156,48088,14372,3344,468,19544,15816444,12590,6116,12596,594,146
increment-r,01-aya-udp,aya-duplex-stream-seqpacket-v1,aya,traffic_resources_before_settle,64,58776,52684,18968,3360,784,19608,15802800,21742,15268,21748,594,146
increment-r,01-aya-udp,aya-duplex-stream-seqpacket-v1,aya,traffic_resources,64,60780,53480,19764,3376,952,19544,15756556,25858,19384,25864,594,146
increment-r,01-aya-udp,aya-duplex-stream-seqpacket-v1,aya,idle_resources,1024,243668,223520,189804,18704,1016,34840,15574720,48898,42424,48904,9234,1106
increment-r,01-aya-udp,aya-duplex-stream-seqpacket-v1,aya,traffic_resources_before_settle,1024,241324,221148,187432,18720,1020,34968,15577068,49830,43356,49836,9234,1106
increment-r,01-aya-udp,aya-duplex-stream-seqpacket-v1,aya,traffic_resources,1024,241268,221092,187376,18768,1020,34952,15577068,49830,43356,49836,9234,1106
increment-r,01-aya-udp,aya-duplex-stream-seqpacket-v1,aya,idle_resources,4096,831416,769000,735284,67856,2752,84024,14886196,123602,117128,123608,36882,4178
increment-r,01-aya-udp,aya-duplex-stream-seqpacket-v1,aya,traffic_resources_before_settle,4096,830236,767792,734076,67888,2764,84120,14883788,127102,120628,127108,36882,4178
increment-r,01-aya-udp,aya-duplex-stream-seqpacket-v1,aya,traffic_resources,4096,831096,768652,734936,67908,2760,84088,14883592,127274,120800,127280,36882,4178
increment-r,01-aya-udp,aya-duplex-stream-seqpacket-v1,aya,idle_resources,16384,3195084,2963604,2929888,264464,9716,280632,12116784,435430,428956,435436,147474,16466
increment-r,01-aya-udp,aya-duplex-stream-seqpacket-v1,aya,traffic_resources_before_settle,16384,3184852,2953332,2919616,264448,11552,280712,8693268,3204510,3198036,3204516,147474,16464
increment-r,01-aya-udp,aya-duplex-stream-seqpacket-v1,aya,traffic_resources,16384,3183984,2952464,2918748,264480,11552,280648,8751332,3204510,3198036,3204516,147474,16464
increment-r,01-aya-udp,aya-duplex-stream-seqpacket-v1,aya,owned_retirement,16384,203104,64824,31108,2256,3368,18488,15691484,36366,29892,36372,18,78
increment-r,01-aya-udp,aya-duplex-stream-seqpacket-v1,aya,transport_drain_live_kernel,,203104,64824,31108,2256,1508,18488,15691484,36366,29892,36372,4,78
increment-r,02-aya-udp,aya-duplex-stream-seqpacket-v1,aya,begin,,38604,33568,-244,2288,676,6668,15853512,3074,-3440,3080,4,79
increment-r,02-aya-udp,aya-duplex-stream-seqpacket-v1,aya,loaded,,38952,33812,0,2272,424,18472,15820388,6514,0,6520,18,79
increment-r,02-aya-udp,aya-duplex-stream-seqpacket-v1,aya,idle_resources,1,39812,34596,784,2288,384,18456,15825340,6714,200,6720,27,80
increment-r,02-aya-udp,aya-duplex-stream-seqpacket-v1,aya,traffic_resources_before_settle,1,430044,424788,390976,2416,548,18600,15433532,11446,4932,11452,27,83
increment-r,02-aya-udp,aya-duplex-stream-seqpacket-v1,aya,traffic_resources,1,42320,37064,3252,2352,428,18568,15828196,11446,4932,11452,27,83
increment-r,02-aya-udp,aya-duplex-stream-seqpacket-v1,aya,idle_resources,64,54316,48216,14404,3344,464,19544,15821384,12958,6444,12964,594,146
increment-r,02-aya-udp,aya-duplex-stream-seqpacket-v1,aya,traffic_resources_before_settle,64,58904,52772,18960,3360,784,19608,15791184,22362,15848,22368,594,146
increment-r,02-aya-udp,aya-duplex-stream-seqpacket-v1,aya,traffic_resources,64,60820,53532,19720,3328,484,19560,15759892,26186,19672,26192,594,146
increment-r,02-aya-udp,aya-duplex-stream-seqpacket-v1,aya,idle_resources,1024,243856,223800,189988,18704,1016,34872,15562860,49226,42712,49232,9234,1106
increment-r,02-aya-udp,aya-duplex-stream-seqpacket-v1,aya,traffic_resources_before_settle,1024,241068,220996,187184,18704,1020,34904,15574860,49642,43128,49648,9234,1106
increment-r,02-aya-udp,aya-duplex-stream-seqpacket-v1,aya,traffic_resources,1024,241068,220996,187184,18768,1020,34920,15579124,49642,43128,49648,9234,1106
increment-r,02-aya-udp,aya-duplex-stream-seqpacket-v1,aya,idle_resources,4096,831476,769136,735324,67856,2748,84056,14892992,123894,117380,123900,36882,4178
increment-r,02-aya-udp,aya-duplex-stream-seqpacket-v1,aya,traffic_resources_before_settle,4096,830476,768124,734312,67872,2756,84104,14885036,127258,120744,127264,36882,4178
increment-r,02-aya-udp,aya-duplex-stream-seqpacket-v1,aya,traffic_resources,4096,831276,768924,735112,67904,2756,84056,14884532,127258,120744,127264,36882,4178
increment-r,02-aya-udp,aya-duplex-stream-seqpacket-v1,aya,idle_resources,16384,3195308,2963860,2930048,264464,9712,280600,12127748,435834,429320,435840,147474,16466
increment-r,02-aya-udp,aya-duplex-stream-seqpacket-v1,aya,traffic_resources_before_settle,16384,3185284,2953768,2919956,264448,11560,280712,8688532,3204798,3198284,3204804,147474,16464
increment-r,02-aya-udp,aya-duplex-stream-seqpacket-v1,aya,traffic_resources,16384,3182872,2951356,2917544,264448,11560,280648,8733276,3204798,3198284,3204804,147474,16464
increment-r,02-aya-udp,aya-duplex-stream-seqpacket-v1,aya,owned_retirement,16384,204468,66016,32204,2256,3376,18488,15685424,36854,30340,36860,18,78
increment-r,02-aya-udp,aya-duplex-stream-seqpacket-v1,aya,transport_drain_live_kernel,,204328,65876,32064,2256,1612,18488,15685760,36854,30340,36860,4,78
increment-r,03-kernel-udp,original-kernel-module,kernel,begin,,38616,33556,-12,2304,640,7848,15859508,3086,-64,3092,4,81
increment-r,03-kernel-udp,original-kernel-module,kernel,loaded,,38732,33568,0,2304,384,7848,15859524,3150,0,3156,4,81
increment-r,03-kernel-udp,original-kernel-module,kernel,idle_resources,1,39620,34376,808,2352,372,7864,15863716,3738,588,3744,10,84
increment-r,03-kernel-udp,original-kernel-module,kernel,traffic_resources_before_settle,1,43144,37712,4144,2368,716,7960,15853312,5434,2284,5440,10,84
increment-r,03-kernel-udp,original-kernel-module,kernel,traffic_resources,1,43148,37716,4148,2416,404,7944,15853312,5434,2284,5440,10,84
increment-r,03-kernel-udp,original-kernel-module,kernel,idle_resources,64,65144,58828,25260,5376,448,10824,15834812,6946,3796,6952,388,273
increment-r,03-kernel-udp,original-kernel-module,kernel,traffic_resources_before_settle,64,65228,58720,25152,5392,772,10968,15787772,16282,13132,16288,388,273
increment-r,03-kernel-udp,original-kernel-module,kernel,traffic_resources,64,67708,59488,25920,5392,1056,10968,15748444,16402,13252,16408,388,273
increment-r,03-kernel-udp,original-kernel-module,kernel,idle_resources,1024,410336,386412,352844,51456,1128,56904,15401192,39998,36848,40004,6148,3153
increment-r,03-kernel-udp,original-kernel-module,kernel,traffic_resources_before_settle,1024,412364,388188,354620,51456,1132,57016,15399088,43382,40232,43388,6148,3153
increment-r,03-kernel-udp,original-kernel-module,kernel,traffic_resources,1024,412416,388240,354672,51456,1132,57016,15399088,43382,40232,43388,6148,3153
increment-r,03-kernel-udp,original-kernel-module,kernel,idle_resources,4096,1513652,1438200,1404632,198912,3244,204360,14102468,117674,114524,117680,24580,12369
increment-r,03-kernel-udp,original-kernel-module,kernel,traffic_resources_before_settle,4096,1512692,1436944,1403376,198912,3264,204472,14092940,124594,121444,124600,24580,12369
increment-r,03-kernel-udp,original-kernel-module,kernel,traffic_resources,4096,1512980,1437232,1403664,198912,3264,204456,14092940,124946,121796,124952,24580,12369
increment-r,03-kernel-udp,original-kernel-module,kernel,idle_resources,16384,5922464,5640612,5607044,788736,11736,794184,8919212,424182,421032,424188,98308,49233
increment-r,03-kernel-udp,original-kernel-module,kernel,traffic_resources_before_settle,16384,5913964,5631492,5597924,788720,13592,794296,5448272,2807554,2804404,2807560,98308,49232
increment-r,03-kernel-udp,original-kernel-module,kernel,traffic_resources,16384,5912692,5630220,5596652,788720,13588,794296,5543348,2807554,2804404,2807560,98308,49232
increment-r,03-kernel-udp,original-kernel-module,kernel,owned_retirement,16384,716816,621092,587524,2368,5412,7880,15158636,35734,32584,35740,4,81
increment-r,03-kernel-udp,original-kernel-module,kernel,transport_drain_live_kernel,,156148,60520,26952,2304,3596,6700,15726276,35734,32584,35740,4,80
increment-r,04-kernel-udp,original-kernel-module,kernel,begin,,38888,33856,-48,2336,816,7816,15854776,2990,-56,2996,4,81
increment-r,04-kernel-udp,original-kernel-module,kernel,loaded,,39152,33904,0,2288,328,7816,15854272,3046,0,3052,4,81
increment-r,04-kernel-udp,original-kernel-module,kernel,idle_resources,1,40264,34700,796,2352,372,7880,15861848,3630,584,3636,10,84
increment-r,04-kernel-udp,original-kernel-module,kernel,traffic_resources_before_settle,1,43632,38020,4116,2432,728,7960,15842668,4966,1920,4972,10,84
increment-r,04-kernel-udp,original-kernel-module,kernel,traffic_resources,1,43616,38004,4100,2416,408,7960,15843176,4966,1920,4972,10,84
increment-r,04-kernel-udp,original-kernel-module,kernel,idle_resources,64,65420,58940,25036,5376,452,10824,15824648,6478,3432,6484,388,273
increment-r,04-kernel-udp,original-kernel-module,kernel,traffic_resources_before_settle,64,65912,59124,25220,5392,464,10920,15809244,15814,12768,15820,388,273
increment-r,04-kernel-udp,original-kernel-module,kernel,traffic_resources,64,68340,59840,25936,5392,832,10936,15785616,16046,13000,16052,388,273
increment-r,04-kernel-udp,original-kernel-module,kernel,idle_resources,1024,410704,386880,352976,51456,1120,56904,15396076,39554,36508,39560,6148,3153
increment-r,04-kernel-udp,original-kernel-module,kernel,traffic_resources_before_settle,1024,412356,388116,354212,51472,1124,57032,15400568,41682,38636,41688,6148,3153
increment-r,04-kernel-udp,original-kernel-module,kernel,traffic_resources,1024,412228,387988,354084,51508,1124,57016,15400568,41682,38636,41688,6148,3153
increment-r,04-kernel-udp,original-kernel-module,kernel,idle_resources,4096,1513484,1437888,1403984,198912,3244,204360,14072068,117214,114168,117220,24580,12369
increment-r,04-kernel-udp,original-kernel-module,kernel,traffic_resources_before_settle,4096,1513632,1437740,1403836,198912,3260,204456,14090172,123986,120940,123992,24580,12369
increment-r,04-kernel-udp,original-kernel-module,kernel,traffic_resources,4096,1514456,1438564,1404660,198964,3260,204488,14089976,123986,120940,123992,24580,12369
increment-r,04-kernel-udp,original-kernel-module,kernel,idle_resources,16384,5923320,5641308,5607404,788736,11736,794184,8922584,423930,420884,423936,98308,49233
increment-r,04-kernel-udp,original-kernel-module,kernel,traffic_resources_before_settle,16384,5913004,5630416,5596512,788720,13588,794296,5439036,2808150,2805104,2808156,98308,49232
increment-r,04-kernel-udp,original-kernel-module,kernel,traffic_resources,16384,5912880,5630292,5596388,788720,13588,794280,5528012,2808150,2805104,2808156,98308,49232
increment-r,04-kernel-udp,original-kernel-module,kernel,owned_retirement,16384,717340,621488,587584,2392,5412,7880,15151648,43238,40192,43244,4,81
increment-r,04-kernel-udp,original-kernel-module,kernel,transport_drain_live_kernel,,155840,60128,26224,2304,3612,6700,15718416,43238,40192,43244,4,80
increment-r,05-aya-udp,aya-duplex-stream-seqpacket-v1,aya,begin,,37904,32888,-432,2288,620,6652,15850712,3042,-3440,3048,4,80
increment-r,05-aya-udp,aya-duplex-stream-seqpacket-v1,aya,loaded,,38440,33320,0,2288,368,18472,15818132,6482,0,6488,18,80
increment-r,05-aya-udp,aya-duplex-stream-seqpacket-v1,aya,idle_resources,1,39144,33980,660,2304,392,18472,15825828,6682,200,6688,27,81
increment-r,05-aya-udp,aya-duplex-stream-seqpacket-v1,aya,traffic_resources_before_settle,1,431148,425972,392652,2368,748,18632,15432736,9406,2924,9412,27,84
increment-r,05-aya-udp,aya-duplex-stream-seqpacket-v1,aya,traffic_resources,1,41668,36476,3156,2368,436,18584,15826936,9406,2924,9412,27,84
increment-r,05-aya-udp,aya-duplex-stream-seqpacket-v1,aya,idle_resources,64,53440,47376,14056,3360,472,19560,15809972,10918,4436,10924,594,147
increment-r,05-aya-udp,aya-duplex-stream-seqpacket-v1,aya,traffic_resources_before_settle,64,57592,51508,18188,3376,792,19608,15800252,20678,14196,20684,594,147
increment-r,05-aya-udp,aya-duplex-stream-seqpacket-v1,aya,traffic_resources,64,59264,52160,18840,3360,684,19560,15765724,24810,18328,24816,594,147
increment-r,05-aya-udp,aya-duplex-stream-seqpacket-v1,aya,idle_resources,1024,242324,222236,188916,18720,1024,34856,15577528,47850,41368,47856,9234,1107
increment-r,05-aya-udp,aya-duplex-stream-seqpacket-v1,aya,traffic_resources_before_settle,1024,240532,220432,187112,18736,1032,34984,15571640,49006,42524,49012,9234,1107
increment-r,05-aya-udp,aya-duplex-stream-seqpacket-v1,aya,traffic_resources,1024,240388,220288,186968,18784,1028,34984,15571640,49006,42524,49012,9234,1107
increment-r,05-aya-udp,aya-duplex-stream-seqpacket-v1,aya,idle_resources,4096,830736,768364,735044,67872,2756,84040,14888284,122830,116348,122836,36882,4179
increment-r,05-aya-udp,aya-duplex-stream-seqpacket-v1,aya,traffic_resources_before_settle,4096,829396,767012,733692,67888,2764,84072,14879864,126362,119880,126368,36882,4179
increment-r,05-aya-udp,aya-duplex-stream-seqpacket-v1,aya,traffic_resources,4096,830356,767972,734652,67924,2764,84088,14879068,126362,119880,126368,36882,4179
increment-r,05-aya-udp,aya-duplex-stream-seqpacket-v1,aya,idle_resources,16384,3194472,2963000,2929680,264480,9720,280632,12117980,434754,428272,434760,147474,16467
increment-r,05-aya-udp,aya-duplex-stream-seqpacket-v1,aya,traffic_resources_before_settle,16384,3182432,2950948,2917628,264416,11556,280632,8682184,3204414,3197932,3204420,147474,16463
increment-r,05-aya-udp,aya-duplex-stream-seqpacket-v1,aya,traffic_resources,16384,3182964,2951480,2918160,264432,11556,280632,8704012,3204414,3197932,3204420,147474,16463
increment-r,05-aya-udp,aya-duplex-stream-seqpacket-v1,aya,owned_retirement,16384,202960,64584,31264,2256,3372,18488,15690820,32170,25688,32176,18,78
increment-r,05-aya-udp,aya-duplex-stream-seqpacket-v1,aya,transport_drain_live_kernel,,202796,64420,31100,2256,1504,18488,15699064,32170,25688,32176,4,78
