source_increment,run,candidate,variant,population,duration_s,validated_late_endpoint_messages,vm_busy_cpu_s,vm_mean_busy_cores,vm_steal_s,control_and_late_work_scope,errors
increment-r,00-kernel-udp,original-kernel-module,kernel,1,0.203242305,0,0.0,0.0,0.0,True,[]
increment-r,00-kernel-udp,original-kernel-module,kernel,64,0.218183505,0,0.01,0.04583297898711454,0.0,True,[]
increment-r,00-kernel-udp,original-kernel-module,kernel,1024,0.290749587,0,0.2,0.6878771593921474,0.0,True,[]
increment-r,00-kernel-udp,original-kernel-module,kernel,4096,0.45056312,0,0.69,1.5314169521908494,0.0,True,[]
increment-r,00-kernel-udp,original-kernel-module,kernel,16384,1.1938216640000001,0,2.9,2.42917354195375,0.0,True,[]
increment-r,01-aya-udp,aya-duplex-stream-seqpacket-v1,aya,1,13.232855122,7229,0.0,0.0,0.0,True,[]
increment-r,01-aya-udp,aya-duplex-stream-seqpacket-v1,aya,64,0.252543473,0,0.01,0.03959714294417738,0.0,True,[]
increment-r,01-aya-udp,aya-duplex-stream-seqpacket-v1,aya,1024,0.254526707,0,0.13,0.5107519031391861,0.0,True,[]
increment-r,01-aya-udp,aya-duplex-stream-seqpacket-v1,aya,4096,0.366595133,0,0.46,1.2547902538575164,0.0,True,[]
increment-r,01-aya-udp,aya-duplex-stream-seqpacket-v1,aya,16384,0.633893686,0,1.69,2.666062207787948,0.0,True,[]
increment-r,02-aya-udp,aya-duplex-stream-seqpacket-v1,aya,1,11.080460795,6035,0.0,0.0,0.0,True,[]
increment-r,02-aya-udp,aya-duplex-stream-seqpacket-v1,aya,64,0.264526452,0,0.02,0.07560680547743481,0.0,True,[]
increment-r,02-aya-udp,aya-duplex-stream-seqpacket-v1,aya,1024,0.254914119,0,0.14,0.5492045734822558,0.0,True,[]
increment-r,02-aya-udp,aya-duplex-stream-seqpacket-v1,aya,4096,0.38083691,0,0.49,1.2866399950572018,0.0,True,[]
increment-r,02-aya-udp,aya-duplex-stream-seqpacket-v1,aya,16384,0.676804599,0,1.69,2.497027949421484,0.0,True,[]
increment-r,03-kernel-udp,original-kernel-module,kernel,1,0.20149748,0,0.0,0.0,0.0,True,[]
increment-r,03-kernel-udp,original-kernel-module,kernel,64,0.241073154,0,0.01,0.04148118458681633,0.0,True,[]
increment-r,03-kernel-udp,original-kernel-module,kernel,1024,0.279054902,0,0.22,0.7883753283789295,0.0,True,[]
increment-r,03-kernel-udp,original-kernel-module,kernel,4096,0.519251186,0,0.79,1.5214216573787471,0.0,True,[]
increment-r,03-kernel-udp,original-kernel-module,kernel,16384,1.261891981,0,2.96,2.345684135067025,0.0,True,[]
increment-r,04-kernel-udp,original-kernel-module,kernel,1,0.201785713,0,0.0,0.0,0.0,True,[]
increment-r,04-kernel-udp,original-kernel-module,kernel,64,0.206257692,0,0.01,0.048483040331897057,0.0,True,[]
increment-r,04-kernel-udp,original-kernel-module,kernel,1024,0.286199351,0,0.17,0.5939915635937274,0.0,True,[]
increment-r,04-kernel-udp,original-kernel-module,kernel,4096,0.473218907,0,0.7,1.4792308372412515,0.0,True,[]
increment-r,04-kernel-udp,original-kernel-module,kernel,16384,1.25668684,0,2.91,2.315612694726715,0.0,True,[]
increment-r,05-aya-udp,aya-duplex-stream-seqpacket-v1,aya,1,11.118432527,6063,0.0,0.0,0.0,True,[]
increment-r,05-aya-udp,aya-duplex-stream-seqpacket-v1,aya,64,0.213283763,0,0.02,0.09377178890078004,0.0,True,[]
increment-r,05-aya-udp,aya-duplex-stream-seqpacket-v1,aya,1024,0.259177394,0,0.15,0.578754179463661,0.0,True,[]
increment-r,05-aya-udp,aya-duplex-stream-seqpacket-v1,aya,4096,0.389249177,0,0.51,1.3102147162664393,0.0,True,[]
increment-r,05-aya-udp,aya-duplex-stream-seqpacket-v1,aya,16384,0.740620244,0,1.79,2.41689315746006,0.0,True,[]
