candidate,source_increment,run,serial_line,variant,protocol,population,repeat,duration_s,vm_busy_cpu_s,vm_mean_busy_cores,vm_steal_s,inventory_outside_interval
original-kernel-module,increment-r,00-kernel-udp,965,kernel,udp,1,0,2.000124634,0.0,0.0,0.0,True
original-kernel-module,increment-r,00-kernel-udp,966,kernel,udp,1,1,2.000079576,0.0,0.0,0.0,True
original-kernel-module,increment-r,00-kernel-udp,967,kernel,udp,1,2,2.000079666,0.0,0.0,0.0,True
original-kernel-module,increment-r,00-kernel-udp,1016,kernel,udp,64,0,2.000087708,0.0,0.0,0.0,True
original-kernel-module,increment-r,00-kernel-udp,1017,kernel,udp,64,1,2.000090283,0.0,0.0,0.0,True
original-kernel-module,increment-r,00-kernel-udp,1018,kernel,udp,64,2,2.000094038,0.0,0.0,0.0,True
original-kernel-module,increment-r,00-kernel-udp,1071,kernel,udp,1024,0,2.000160548,0.01,0.004999598662216989,0.0,True
original-kernel-module,increment-r,00-kernel-udp,1072,kernel,udp,1024,1,2.000172226,0.01,0.0049995694720740514,0.0,True
original-kernel-module,increment-r,00-kernel-udp,1073,kernel,udp,1024,2,2.000192116,0.0,0.0,0.0,True
original-kernel-module,increment-r,00-kernel-udp,1110,kernel,udp,4096,0,2.00008866,0.14,0.06999689703755434,0.0,True
original-kernel-module,increment-r,00-kernel-udp,1111,kernel,udp,4096,1,2.000085054,0.15,0.07499681061063516,0.0,True
original-kernel-module,increment-r,00-kernel-udp,1112,kernel,udp,4096,2,2.000164283,0.12,0.0599950719148003,0.0,True
original-kernel-module,increment-r,00-kernel-udp,1149,kernel,udp,16384,0,2.000097964,0.78,0.3899808979556563,0.0,True
original-kernel-module,increment-r,00-kernel-udp,1150,kernel,udp,16384,1,2.000094078,0.77,0.3849818908368369,0.0,True
original-kernel-module,increment-r,00-kernel-udp,1151,kernel,udp,16384,2,2.000083131,0.75,0.37498441358535717,0.0,True
aya-duplex-stream-seqpacket-v1,increment-r,01-aya-udp,963,aya,udp,1,0,2.000172827,0.0,0.0,0.0,True
aya-duplex-stream-seqpacket-v1,increment-r,01-aya-udp,964,aya,udp,1,1,2.000172456,0.0,0.0,0.0,True
aya-duplex-stream-seqpacket-v1,increment-r,01-aya-udp,965,aya,udp,1,2,2.000126997,0.0,0.0,0.0,True
aya-duplex-stream-seqpacket-v1,increment-r,01-aya-udp,1017,aya,udp,64,0,2.00016175,0.0,0.0,0.0,True
aya-duplex-stream-seqpacket-v1,increment-r,01-aya-udp,1018,aya,udp,64,1,2.00014911,0.0,0.0,0.0,True
aya-duplex-stream-seqpacket-v1,increment-r,01-aya-udp,1019,aya,udp,64,2,2.000181089,0.0,0.0,0.0,True
aya-duplex-stream-seqpacket-v1,increment-r,01-aya-udp,1075,aya,udp,1024,0,2.000170122,0.0,0.0,0.01,True
aya-duplex-stream-seqpacket-v1,increment-r,01-aya-udp,1076,aya,udp,1024,1,2.000187328,0.0,0.0,0.0,True
aya-duplex-stream-seqpacket-v1,increment-r,01-aya-udp,1077,aya,udp,1024,2,2.000179116,0.0,0.0,0.0,True
aya-duplex-stream-seqpacket-v1,increment-r,01-aya-udp,1114,aya,udp,4096,0,2.000180027,0.0,0.0,0.0,True
aya-duplex-stream-seqpacket-v1,increment-r,01-aya-udp,1115,aya,udp,4096,1,2.00018191,0.0,0.0,0.0,True
aya-duplex-stream-seqpacket-v1,increment-r,01-aya-udp,1116,aya,udp,4096,2,2.000179847,0.0,0.0,0.0,True
aya-duplex-stream-seqpacket-v1,increment-r,01-aya-udp,1153,aya,udp,16384,0,2.000148229,0.0,0.0,0.0,True
aya-duplex-stream-seqpacket-v1,increment-r,01-aya-udp,1154,aya,udp,16384,1,2.000129561,0.0,0.0,0.0,True
aya-duplex-stream-seqpacket-v1,increment-r,01-aya-udp,1155,aya,udp,16384,2,2.000212055,0.0,0.0,0.0,True
aya-duplex-stream-seqpacket-v1,increment-r,02-aya-udp,961,aya,udp,1,0,2.00016827,0.0,0.0,0.0,True
aya-duplex-stream-seqpacket-v1,increment-r,02-aya-udp,962,aya,udp,1,1,2.000178846,0.0,0.0,0.0,True
aya-duplex-stream-seqpacket-v1,increment-r,02-aya-udp,963,aya,udp,1,2,2.000203533,0.0,0.0,0.0,True
aya-duplex-stream-seqpacket-v1,increment-r,02-aya-udp,1015,aya,udp,64,0,2.000172056,0.0,0.0,0.0,True
aya-duplex-stream-seqpacket-v1,increment-r,02-aya-udp,1016,aya,udp,64,1,2.000170673,0.0,0.0,0.0,True
aya-duplex-stream-seqpacket-v1,increment-r,02-aya-udp,1017,aya,udp,64,2,2.000193908,0.0,0.0,0.0,True
aya-duplex-stream-seqpacket-v1,increment-r,02-aya-udp,1070,aya,udp,1024,0,2.000173157,0.0,0.0,0.0,True
aya-duplex-stream-seqpacket-v1,increment-r,02-aya-udp,1071,aya,udp,1024,1,2.000167659,0.0,0.0,0.0,True
aya-duplex-stream-seqpacket-v1,increment-r,02-aya-udp,1072,aya,udp,1024,2,2.000171605,0.0,0.0,0.0,True
aya-duplex-stream-seqpacket-v1,increment-r,02-aya-udp,1109,aya,udp,4096,0,2.000147358,0.0,0.0,0.0,True
aya-duplex-stream-seqpacket-v1,increment-r,02-aya-udp,1110,aya,udp,4096,1,2.000156652,0.0,0.0,0.0,True
aya-duplex-stream-seqpacket-v1,increment-r,02-aya-udp,1111,aya,udp,4096,2,2.000179897,0.0,0.0,0.0,True
aya-duplex-stream-seqpacket-v1,increment-r,02-aya-udp,1149,aya,udp,16384,0,2.000172025,0.0,0.0,0.0,True
aya-duplex-stream-seqpacket-v1,increment-r,02-aya-udp,1150,aya,udp,16384,1,2.00021515,0.0,0.0,0.0,True
aya-duplex-stream-seqpacket-v1,increment-r,02-aya-udp,1151,aya,udp,16384,2,2.000242061,0.01,0.004999394920733047,0.0,True
original-kernel-module,increment-r,03-kernel-udp,965,kernel,udp,1,0,2.000163422,0.0,0.0,0.0,True
original-kernel-module,increment-r,03-kernel-udp,966,kernel,udp,1,1,2.000086026,0.0,0.0,0.0,True
original-kernel-module,increment-r,03-kernel-udp,967,kernel,udp,1,2,2.000198104,0.0,0.0,0.0,True
original-kernel-module,increment-r,03-kernel-udp,1016,kernel,udp,64,0,2.000108901,0.0,0.0,0.0,True
original-kernel-module,increment-r,03-kernel-udp,1017,kernel,udp,64,1,2.000086056,0.0,0.0,0.0,True
original-kernel-module,increment-r,03-kernel-udp,1018,kernel,udp,64,2,2.000093798,0.0,0.0,0.0,True
original-kernel-module,increment-r,03-kernel-udp,1072,kernel,udp,1024,0,2.000084313,0.01,0.004999789226385478,0.0,True
original-kernel-module,increment-r,03-kernel-udp,1073,kernel,udp,1024,1,2.000086396,0.01,0.004999784019329934,0.0,True
original-kernel-module,increment-r,03-kernel-udp,1074,kernel,udp,1024,2,2.000084554,0.0,0.0,0.0,True
original-kernel-module,increment-r,03-kernel-udp,1111,kernel,udp,4096,0,2.000091384,0.11,0.05499748705482149,0.0,True
original-kernel-module,increment-r,03-kernel-udp,1112,kernel,udp,4096,1,2.000083733,0.11,0.05499769743890018,0.0,True
original-kernel-module,increment-r,03-kernel-udp,1113,kernel,udp,4096,2,2.00008873,0.09,0.04499800366356747,0.0,True
original-kernel-module,increment-r,03-kernel-udp,1150,kernel,udp,16384,0,2.003874235,0.79,0.3942363179294034,0.0,True
original-kernel-module,increment-r,03-kernel-udp,1151,kernel,udp,16384,1,2.000094389,0.77,0.38498183097497807,0.0,True
original-kernel-module,increment-r,03-kernel-udp,1152,kernel,udp,16384,2,2.00015536,0.81,0.40496854204365407,0.0,True
original-kernel-module,increment-r,04-kernel-udp,964,kernel,udp,1,0,2.000150143,0.01,0.004999624670676535,0.0,True
original-kernel-module,increment-r,04-kernel-udp,965,kernel,udp,1,1,2.000147949,0.0,0.0,0.0,True
original-kernel-module,increment-r,04-kernel-udp,966,kernel,udp,1,2,2.000085115,0.0,0.0,0.0,True
original-kernel-module,increment-r,04-kernel-udp,1015,kernel,udp,64,0,2.000134489,0.01,0.004999663800107594,0.0,True
original-kernel-module,increment-r,04-kernel-udp,1016,kernel,udp,64,1,2.000119016,0.0,0.0,0.0,True
original-kernel-module,increment-r,04-kernel-udp,1017,kernel,udp,64,2,2.000070412,0.0,0.0,0.0,True
original-kernel-module,increment-r,04-kernel-udp,1071,kernel,udp,1024,0,2.000163462,0.01,0.004999591378397052,0.0,True
original-kernel-module,increment-r,04-kernel-udp,1072,kernel,udp,1024,1,2.000179617,0.03,0.014998652993472633,0.0,True
original-kernel-module,increment-r,04-kernel-udp,1073,kernel,udp,1024,2,2.000177263,0.04,0.019998227527096932,0.0,True
original-kernel-module,increment-r,04-kernel-udp,1110,kernel,udp,4096,0,2.000156673,0.14,0.06999451687452886,0.0,True
original-kernel-module,increment-r,04-kernel-udp,1111,kernel,udp,4096,1,2.000085876,0.13,0.06499720914983352,0.0,True
original-kernel-module,increment-r,04-kernel-udp,1112,kernel,udp,4096,2,2.000152817,0.14,0.0699946518136469,0.0,True
original-kernel-module,increment-r,04-kernel-udp,1149,kernel,udp,16384,0,2.000085325,0.63,0.31498656188580354,0.0,True
original-kernel-module,increment-r,04-kernel-udp,1150,kernel,udp,16384,1,2.000121309,0.76,0.3799769526879232,0.0,True
original-kernel-module,increment-r,04-kernel-udp,1151,kernel,udp,16384,2,2.000086647,0.82,0.4099822381345062,0.0,True
aya-duplex-stream-seqpacket-v1,increment-r,05-aya-udp,962,aya,udp,1,0,2.000137843,0.0,0.0,0.0,True
aya-duplex-stream-seqpacket-v1,increment-r,05-aya-udp,963,aya,udp,1,1,2.000140859,0.0,0.0,0.0,True
aya-duplex-stream-seqpacket-v1,increment-r,05-aya-udp,964,aya,udp,1,2,2.00014818,0.0,0.0,0.0,True
aya-duplex-stream-seqpacket-v1,increment-r,05-aya-udp,1016,aya,udp,64,0,2.0001552,0.0,0.0,0.0,True
aya-duplex-stream-seqpacket-v1,increment-r,05-aya-udp,1017,aya,udp,64,1,2.000216452,0.0,0.0,0.0,True
aya-duplex-stream-seqpacket-v1,increment-r,05-aya-udp,1018,aya,udp,64,2,2.000179206,0.0,0.0,0.0,True
aya-duplex-stream-seqpacket-v1,increment-r,05-aya-udp,1072,aya,udp,1024,0,2.000184003,0.0,0.0,0.0,True
aya-duplex-stream-seqpacket-v1,increment-r,05-aya-udp,1073,aya,udp,1024,1,2.000172066,0.01,0.004999569872005201,0.0,True
aya-duplex-stream-seqpacket-v1,increment-r,05-aya-udp,1074,aya,udp,1024,2,2.000117493,0.0,0.0,0.0,True
aya-duplex-stream-seqpacket-v1,increment-r,05-aya-udp,1111,aya,udp,4096,0,2.000163252,0.0,0.0,0.0,True
aya-duplex-stream-seqpacket-v1,increment-r,05-aya-udp,1112,aya,udp,4096,1,2.000189101,0.01,0.004999527292194759,0.0,True
aya-duplex-stream-seqpacket-v1,increment-r,05-aya-udp,1113,aya,udp,4096,2,2.00015493,0.0,0.0,0.0,True
aya-duplex-stream-seqpacket-v1,increment-r,05-aya-udp,1150,aya,udp,16384,0,2.000128089,0.0,0.0,0.0,True
aya-duplex-stream-seqpacket-v1,increment-r,05-aya-udp,1151,aya,udp,16384,1,2.000178666,0.0,0.0,0.0,True
aya-duplex-stream-seqpacket-v1,increment-r,05-aya-udp,1152,aya,udp,16384,2,2.000113116,0.0,0.0,0.0,True
