candidate,variant,population,cohorts,sunreclaim_delta_loaded_kib_median,sunreclaim_delta_loaded_kib_min,sunreclaim_delta_loaded_kib_max,kernel_stack_delta_loaded_kib_median,kernel_stack_delta_loaded_kib_min,kernel_stack_delta_loaded_kib_max,page_tables_delta_loaded_kib_median,page_tables_delta_loaded_kib_min,page_tables_delta_loaded_kib_max,pss_delta_loaded_kib_median,pss_delta_loaded_kib_min,pss_delta_loaded_kib_max,rss_kib_median,rss_kib_min,rss_kib_max,fds_median,fds_min,fds_max,self_tasks_median,self_tasks_min,self_tasks_max,all_tasks_median,all_tasks_min,all_tasks_max,memavailable_delta_loaded_kib_median,memavailable_delta_loaded_kib_min,memavailable_delta_loaded_kib_max
aya-duplex-stream-seqpacket-v1,aya,1,3,656.0,580.0,680.0,32.0,32.0,32.0,28.0,-36.0,28.0,88.0,24.0,88.0,6576.0,6504.0,6608.0,27.0,27.0,27.0,2.0,2.0,2.0,81.0,80.0,81.0,1020.0,-2904.0,1428.0
aya-duplex-stream-seqpacket-v1,aya,1024,3,189684.0,188780.0,189860.0,16432.0,16432.0,16432.0,652.0,592.0,656.0,42424.0,41368.0,42712.0,48904.0,47856.0,49232.0,9234.0,9234.0,9234.0,1025.0,1025.0,1025.0,1106.0,1106.0,1107.0,254292.0,251996.0,257496.0
aya-duplex-stream-seqpacket-v1,aya,16384,3,2929840.0,2929636.0,2929856.0,262192.0,262192.0,262192.0,9328.0,9272.0,9328.0,428956.0,428272.0,429320.0,435436.0,434760.0,435840.0,147474.0,147474.0,147474.0,16385.0,16385.0,16385.0,16466.0,16466.0,16467.0,3692708.0,3690048.0,3700132.0
aya-duplex-stream-seqpacket-v1,aya,4096,3,735144.0,734860.0,735284.0,65584.0,65584.0,65584.0,2388.0,2324.0,2388.0,117128.0,116348.0,117380.0,123608.0,122836.0,123900.0,36882.0,36882.0,36882.0,4097.0,4097.0,4097.0,4178.0,4178.0,4179.0,927344.0,920608.0,929908.0
aya-duplex-stream-seqpacket-v1,aya,64,3,14072.0,13780.0,14200.0,1052.0,1052.0,1052.0,68.0,4.0,68.0,6116.0,4436.0,6444.0,12596.0,10924.0,12964.0,594.0,594.0,594.0,65.0,65.0,65.0,146.0,146.0,147.0,-900.0,-9804.0,8148.0
original-kernel-module,kernel,1,3,740.0,688.0,760.0,84.0,48.0,112.0,-12.0,-216.0,48.0,328.0,208.0,336.0,3380.0,3316.0,3492.0,10.0,10.0,10.0,2.0,2.0,2.0,84.0,84.0,84.0,-2804.0,-3692.0,1420.0
original-kernel-module,kernel,1024,3,352880.0,352832.0,352972.0,49168.0,49152.0,49168.0,744.0,420.0,792.0,36636.0,36508.0,36848.0,39744.0,39560.0,40004.0,6148.0,6148.0,6148.0,1025.0,1025.0,1025.0,3153.0,3153.0,3153.0,468792.0,459168.0,478264.0
original-kernel-module,kernel,16384,3,5606884.0,5606812.0,5607196.0,786448.0,786432.0,786448.0,11352.0,11028.0,11408.0,420920.0,420884.0,421032.0,424028.0,423936.0,424188.0,98308.0,98308.0,98308.0,16385.0,16385.0,16385.0,49233.0,49233.0,49233.0,6931976.0,6928568.0,6940236.0
original-kernel-module,kernel,4096,3,1403892.0,1403352.0,1404536.0,196624.0,196608.0,196624.0,2860.0,2540.0,2912.0,114216.0,114168.0,114524.0,117324.0,117220.0,117680.0,24580.0,24580.0,24580.0,4097.0,4097.0,4097.0,12369.0,12369.0,12369.0,1771768.0,1757036.0,1782384.0
original-kernel-module,kernel,64,3,24756.0,24720.0,24776.0,3056.0,3012.0,3088.0,20.0,-252.0,112.0,3516.0,3432.0,3796.0,6624.0,6484.0,6952.0,388.0,388.0,388.0,65.0,65.0,65.0,273.0,273.0,273.0,24612.0,22756.0,29428.0
