variant,population,cohorts,new_owners,setup_s_median,setup_s_min,setup_s_max,new_endpoints_per_s_median,new_endpoints_per_s_min,new_endpoints_per_s_max
kernel,1,3,1,0.002954665,0.001904966,0.004956628,338.4478443410674,201.75006072676828,524.9437522769435
kernel,64,3,63,0.158048837,0.151475558,0.161518908,398.61096858308423,390.04721354356855,415.9086840927828
kernel,1024,3,960,1.96681749,1.9429799650000001,2.013091444,488.09816105509617,476.87848600284445,494.0864122600461
kernel,4096,3,3072,6.485962891,6.457534949,6.509771603,473.63823253795425,471.9059572818626,475.7233254271002
kernel,16384,3,12288,27.474907194,27.300287945,28.878133015,447.2444588523839,425.51227233482564,450.10514265475086
aya,1,3,1,0.000681876,0.000634695,0.000958092,1466.5423038792978,1043.7411021071046,1575.5599146046527
aya,64,3,63,0.035063046,0.023942533,0.035670279,1796.7634643037002,1766.1762611949293,2631.3005395043206
aya,1024,3,960,0.402212973,0.35415786,0.40236382,2386.795216572987,2385.90040227772,2710.655638138315
aya,4096,3,3072,1.219644447,1.194372583,1.310698395,2518.7668484502187,2343.788633387317,2572.0617198728846
aya,16384,3,12288,5.111855632,5.046587811,5.321329764,2403.823754935026,2309.197239218494,2434.91255085584
