variant,protocol,population,tag,slab_kib,sunreclaim_kib,slab_delta_loaded_kib,sunreclaim_delta_loaded_kib,memavailable_delta_loaded_kib,rss_kib,pss_kib,pss_delta_loaded_kib,fds,self_tasks,all_tasks
kernel,tcp,1,interval-start,39608,34136,592,256,436,3236,3230,184,10,2,84
kernel,tcp,1,interval-end,40900,35308,1884,1428,13832,5096,5090,2044,10,2,84
kernel,tcp,64,interval-start,62744,56344,23728,22464,36152,6608,6602,3556,388,65,273
kernel,tcp,64,interval-end,64212,57408,25196,23528,63876,16180,16174,13128,388,65,273
aya,tcp,1,interval-start,39104,33952,324,308,424,6212,6206,88,20,2,82
aya,tcp,1,interval-end,39924,34704,1144,1060,62188,7516,7510,1392,20,2,83
aya,tcp,64,interval-start,51616,45700,12836,12056,64900,9028,9022,2904,524,65,146
aya,tcp,64,interval-end,52296,46280,13516,12636,6392,15232,15226,9108,524,65,146
aya,udp,1,interval-start,39432,34264,200,184,276,6268,6262,24,25,2,80
aya,udp,1,interval-end,40176,34892,944,812,38248,7552,7546,1308,25,2,81
aya,udp,64,interval-start,51520,45628,12288,11548,37912,9064,9058,2820,529,65,144
aya,udp,64,interval-end,52200,46196,12968,12116,21872,18368,18362,12124,529,65,144
kernel,udp,1,interval-start,39436,34140,500,452,392,3108,3102,200,10,2,84
kernel,udp,1,interval-end,40532,34976,1596,1288,49336,4672,4666,1764,10,2,84
kernel,udp,64,interval-start,62396,55916,23460,22228,59720,6184,6178,3276,388,65,273
kernel,udp,64,interval-end,63704,56652,24768,22964,85176,15812,15806,12904,388,65,273
