run,serial_line,kind,variant,protocol,population,eligible_active,participating_peers,maximum_inflight_datagrams,payload,target_per_s,repeat,duration_s,delivered_roundtrips,application_bytes_delivered,application_GiB_per_s,delivered_datagrams_per_s,vm_busy_core_seconds,vm_mean_busy_cores,vm_steal_seconds,vm_core_seconds_per_delivered_GiB,vm_cpu_us_per_delivered_datagram,p50_us,p95_us,p99_us,offered,sent,guest_delivered,app_delivered,loss_host_guest,loss_guest_host,qemu_cpu_seconds_approx,corrupt,boundary_violations
00-kernel-tcp,474,tcp-rr,kernel,tcp,1,1,,,64,100,0,1.000311642,25,3200,2.9793037625863512e-06,49.98442275452393,0.1,0.09996884550904787,0.0,33554.432,2000.0,500.112,528.455,572.261,25,25,25,25,0,0,,0,0
00-kernel-tcp,475,tcp-rr,kernel,tcp,1,1,,,64,1000,0,1.000322539,250,32000,2.9792713075812555e-05,499.8387824989316,0.08,0.07997420519982906,0.0,2684.35456,160.0,363.436,453.983,465.21,250,250,250,250,0,0,,0,0
00-kernel-tcp,476,tcp-rr,kernel,tcp,1,1,,,64,0,0,1.000099753,6891,882048,0.0008213892782497603,13780.62534128033,1.11,1.1098892852141322,0.0,1351.2342011319113,80.5398345668263,143.586,175.173,233.591,6891,6891,6891,6891,0,0,,0,0
00-kernel-tcp,477,tcp-rr,kernel,tcp,1,1,,,64,0,1,1.000166573,7004,896512,0.0008348028084054674,14005.667034025142,1.07,1.0698217965738794,0.0,1281.5263506567676,76.38492290119932,142.655,165.549,182.705,7004,7004,7004,7004,0,0,,0,0
00-kernel-tcp,478,tcp-rr,kernel,tcp,1,1,,,64,1000,1,1.000178482,250,32000,2.9797004158799044e-05,499.91077492506986,0.34,0.33993932694904755,0.0,11408.50688,680.0,342.145,415.525,448.144,250,250,250,250,0,0,,0,0
00-kernel-tcp,479,tcp-rr,kernel,tcp,1,1,,,64,100,1,1.000368558,25,3200,2.979134255006775e-06,49.98157888924774,0.15,0.14994473666774322,0.0,50331.648,3000.0,419.271,437.919,438.64,25,25,25,25,0,0,,0,0
00-kernel-tcp,480,tcp-rr,kernel,tcp,1,1,,,64,100,2,1.000261807,25,3200,2.9794521973281056e-06,49.98691307624825,0.11,0.10997120876774615,0.0,36909.8752,2200.0,513.973,535.015,536.037,25,25,25,25,0,0,,0,0
00-kernel-tcp,481,tcp-rr,kernel,tcp,1,1,,,64,1000,2,1.000260935,250,32000,2.9794547947326676e-05,499.86956653465626,0.28,0.2799269572594075,0.0,9395.240960000001,560.0,413.572,478.9,489.086,250,250,250,250,0,0,,0,0
00-kernel-tcp,482,tcp-rr,kernel,tcp,1,1,,,64,0,2,1.000125903,7011,897408,0.0008356711155400675,14020.234810376669,1.13,1.1298577475200138,0.0,1352.0363771216657,80.58764798174298,142.224,176.025,223.226,7011,7011,7011,7011,0,0,,0,0
00-kernel-tcp,484,tcp-rr,kernel,tcp,1,1,,,1024,100,0,1.000184471,25,51200,4.7674921179927515e-05,49.990778151163674,0.06,0.05998893378139641,0.0,1258.2912,1200.0,351.629,365.75,366.852,25,25,25,25,0,0,,0,0
00-kernel-tcp,485,tcp-rr,kernel,tcp,1,1,,,1024,1000,0,1.000191942,250,512000,0.00047674565068944036,499.9040474173306,0.1,0.09998080948346612,0.0,209.7152,200.0,304.749,345.249,392.21,250,250,250,250,0,0,,0,0
00-kernel-tcp,486,tcp-rr,kernel,tcp,1,1,,,1024,0,0,1.000102988,6803,13932544,0.012974356545991477,13604.59888956956,1.09,1.089887754639925,0.0,84.00322210789358,80.11171541966779,145.108,175.965,207.763,6803,6803,6803,6803,0,0,,0,0
00-kernel-tcp,487,tcp-rr,kernel,tcp,1,1,,,1024,0,1,1.000141626,6888,14106624,0.013135956989767867,13774.049236502831,1.08,1.0798470655794903,0.0,82.20543554006969,78.397212543554,144.407,170.637,198.578,6888,6888,6888,6888,0,0,,0,0
00-kernel-tcp,488,tcp-rr,kernel,tcp,1,1,,,1024,1000,1,1.000244241,250,512000,0.0004767207234569071,499.8779093195498,0.11,0.10997314005030097,0.0,230.68672,220.0,271.068,321.775,332.551,250,250,250,250,0,0,,0,0
00-kernel-tcp,489,tcp-rr,kernel,tcp,1,1,,,1024,100,1,1.000363931,25,51200,4.766636855113931e-05,49.98181006987945,0.13,0.12995270618168658,0.0,2726.2976,2600.0,365.75,435.065,444.949,25,25,25,25,0,0,,0,0
00-kernel-tcp,490,tcp-rr,kernel,tcp,1,1,,,1024,100,2,1.000266214,25,51200,4.76710251260296e-05,49.98669284255161,0.08,0.07997870854808257,0.0,1677.7216,1600.0,456.186,471.109,472.03,25,25,25,25,0,0,,0,0
00-kernel-tcp,491,tcp-rr,kernel,tcp,1,1,,,1024,1000,2,1.000300435,250,512000,0.0004766939426584624,499.84982761703986,0.07,0.06997897586638559,0.0,146.80064000000002,140.0,330.767,366.271,370.918,250,250,250,250,0,0,,0,0
00-kernel-tcp,492,tcp-rr,kernel,tcp,1,1,,,1024,0,2,1.000172453,6845,14018560,0.013053550267697247,13687.639525500908,1.11,1.1098086101757494,0.0,85.01967567567569,81.08108108108108,145.178,173.711,195.194,6845,6845,6845,6845,0,0,,0,0
00-kernel-tcp,494,tcp-rr,kernel,tcp,1,1,,,65536,100,0,1.029190242,24,3145728,0.0028465947114955253,46.638607753142686,0.04,0.038865506460952236,0.0,13.653333333333334,833.3333333333334,42858.705,42920.918,42959.456,24,24,24,24,0,0,,0,0
00-kernel-tcp,495,tcp-rr,kernel,tcp,1,1,,,65536,1000,0,1.00067571,24,3145728,0.002927709217604572,47.96758782123331,0.08,0.07994597970205551,0.0,27.30666666666667,1666.6666666666667,42887.798,43924.448,43942.045,24,24,24,24,0,0,,0,0
00-kernel-tcp,496,tcp-rr,kernel,tcp,1,1,,,65536,0,0,1.00093557,24,3145728,0.002926949134198518,47.95513461470852,0.08,0.07992522435784753,0.0,27.30666666666667,1666.6666666666667,42866.316,43888.284,43914.903,24,24,24,24,0,0,,0,0
00-kernel-tcp,497,tcp-rr,kernel,tcp,1,1,,,65536,0,1,1.042727551,25,3276800,0.0029267067985048376,47.95116418670326,0.08,0.07672186269872522,0.01,26.2144,1600.0,42866.516,43884.388,43888.915,25,25,25,25,0,0,,0,0
00-kernel-tcp,498,tcp-rr,kernel,tcp,1,1,,,65536,1000,1,1.041689258,25,3276800,0.002929623963252965,47.99895901393658,0.01,0.009599791802787316,0.01,3.2768,200.0,42935.8,43919.571,43923.927,25,25,25,25,0,0,,0,0
00-kernel-tcp,499,tcp-rr,kernel,tcp,1,1,,,65536,100,1,1.029531226,24,3145728,0.0028456519103190366,46.623160898667095,0.07,0.06799210964388952,0.01,23.893333333333334,1458.3333333333333,42887.067,42991.094,42991.474,24,24,24,24,0,0,,0,0
00-kernel-tcp,500,tcp-rr,kernel,tcp,1,1,,,65536,100,2,1.032535837,24,3145728,0.0028373712514542003,46.48749058382562,0.08,0.0774791509730427,0.01,27.30666666666667,1666.6666666666667,42872.235,43724.177,43838.86,24,24,24,24,0,0,,0,0
00-kernel-tcp,501,tcp-rr,kernel,tcp,1,1,,,65536,1000,2,1.037927538,25,3276800,0.0029402416842899104,48.17291975540589,0.08,0.07707667160864944,0.01,26.2144,1600.0,42865.274,42901.399,43570.215,25,25,25,25,0,0,,0,0
00-kernel-tcp,502,tcp-rr,kernel,tcp,1,1,,,65536,0,2,1.041039781,25,3276800,0.002931451677637667,48.02890428641554,0.09,0.08645202771554797,0.0,29.4912,1800.0,42872.675,43870.256,43881.003,25,25,25,25,0,0,,0,0
00-kernel-tcp,509,tcp-rr,kernel,tcp,64,64,,,64,100,0,1.000371612,100,12800,1.191650064044213e-05,199.92570520883595,0.05,0.04998142630220899,0.0,4194.304,250.0,380.782,624.72,1660.258,100,100,100,100,0,0,,0,0
00-kernel-tcp,510,tcp-rr,kernel,tcp,64,64,,,64,1000,0,1.00023026,1000,128000,0.0001191818467387512,1999.5395860149245,0.05,0.049988489650373114,0.0,419.4304,25.0,275.754,404.589,508.004,1000,1000,1000,1000,0,0,,0,0
00-kernel-tcp,511,tcp-rr,kernel,tcp,64,64,,,64,0,0,1.000292083,29407,3764096,0.0035045639542663704,58796.82644654102,3.41,3.409004287800607,0.0,972.7327942326657,57.97939266161118,105.349,247.642,303.086,29407,29407,29407,29407,0,0,,0,0
00-kernel-tcp,512,tcp-rr,kernel,tcp,64,64,,,64,0,1,1.000272453,28432,3639296,0.0033884353311365383,56848.51145250923,3.47,3.469054845600152,0.0,1023.7925492402927,61.02279122115926,123.566,243.606,298.049,28432,28432,28432,28432,0,0,,0,0
00-kernel-tcp,513,tcp-rr,kernel,tcp,64,64,,,64,1000,1,1.000283861,1000,128000,0.00011917546028544916,1999.4324391084021,0.03,0.029991486586626034,0.0,251.65823999999998,15.0,340.953,452.711,497.819,1000,1000,1000,1000,0,0,,0,0
00-kernel-tcp,514,tcp-rr,kernel,tcp,64,64,,,64,100,1,1.000277221,100,12800,1.1917625139119433e-05,199.94457116603678,0.05,0.0499861427915092,0.0,4194.304,250.0,441.855,580.754,2303.235,100,100,100,100,0,0,,0,0
00-kernel-tcp,515,tcp-rr,kernel,tcp,64,64,,,64,100,2,1.000294887,100,12800,1.191741466441998e-05,199.9410399865415,0.04,0.0399882079973083,0.0,3355.4432,200.0,440.824,543.458,3925.486,100,100,100,100,0,0,,0,0
00-kernel-tcp,516,tcp-rr,kernel,tcp,64,64,,,64,1000,2,1.000250069,1000,128000,0.00011917948645578274,1999.4999870377414,0.19,0.18995249876858544,0.0,1593.83552,95.0,274.603,454.474,488.114,1000,1000,1000,1000,0,0,,0,0
00-kernel-tcp,517,tcp-rr,kernel,tcp,64,64,,,64,0,2,1.000255748,25267,3234176,0.003011290987432136,50521.07933500223,3.21,3.2091792588229144,0.0,1065.7154264455614,63.521589424941624,151.478,261.013,307.442,25267,25267,25267,25267,0,0,,0,0
00-kernel-tcp,520,tcp-rr,kernel,tcp,64,64,,,1024,100,0,1.000285743,100,204800,0.0001906803776980854,199.9428677251476,0.03,0.02999143015877214,0.0,157.2864,150.0,406.451,1788.07,1888.632,100,100,100,100,0,0,,0,0
00-kernel-tcp,521,tcp-rr,kernel,tcp,64,64,,,1024,1000,0,1.000248357,1000,2048000,0.0019068750470464407,1999.5034093317686,0.05,0.04998758523329422,0.0,26.2144,25.0,325.009,453.042,494.274,1000,1000,1000,1000,0,0,,0,0
00-kernel-tcp,522,tcp-rr,kernel,tcp,64,64,,,1024,0,0,1.000227265,23314,47747072,0.04445782231840144,46617.40549534011,3.14,3.139286550042205,0.0,70.61269280260788,67.3415115381316,165.879,273.181,344.588,23314,23314,23314,23314,0,0,,0,0
00-kernel-tcp,523,tcp-rr,kernel,tcp,64,64,,,1024,0,1,1.000301677,28524,58417152,0.05438880455095323,57030.79512082034,3.45,3.4489595282364007,0.0,63.41304164913757,60.475389145982334,119.279,248.183,312.93,28524,28524,28524,28524,0,0,,0,0
00-kernel-tcp,524,tcp-rr,kernel,tcp,64,64,,,1024,1000,1,1.000274946,1000,2048000,0.0019068243590822677,1999.450259149048,0.9,0.8997526166170716,0.0,471.8592,450.0,392.3,512.161,553.843,1000,1000,1000,1000,0,0,,0,0
00-kernel-tcp,525,tcp-rr,kernel,tcp,64,64,,,1024,100,1,1.000372603,100,204800,0.0001906638213694163,199.92550715625705,0.08,0.07997020286250282,0.0,419.4304,400.0,420.123,596.948,625.521,100,100,100,100,0,0,,0,0
00-kernel-tcp,526,tcp-rr,kernel,tcp,64,64,,,1024,100,2,1.000236079,100,204800,0.0001906898454132347,199.95279534402798,0.04,0.039990559068805595,0.0,209.7152,200.0,396.497,562.637,761.195,100,100,100,100,0,0,,0,0
00-kernel-tcp,527,tcp-rr,kernel,tcp,64,64,,,1024,1000,2,1.000255167,1000,2048000,0.0019068620645400775,1999.4897961871764,0.02,0.019994897961871764,0.0,10.48576,10.0,260.602,417.017,451.119,1000,1000,1000,1000,0,0,,0,0
00-kernel-tcp,528,tcp-rr,kernel,tcp,64,64,,,1024,0,2,1.000205212,23602,48336896,0.04500800624866232,47194.315160197344,3.14,3.13935576652444,0.0,69.75105160579612,66.51978645877467,169.225,272.67,319.29,23602,23602,23602,23602,0,0,,0,0
00-kernel-tcp,530,tcp-rr,kernel,tcp,64,64,,,65536,100,0,1.000333495,100,13107200,0.012202961623313432,199.93332323636727,0.12,0.11995999394182037,0.0,9.8304,600.0,2532.68,3563.892,3669.161,100,100,100,100,0,0,,0,0
00-kernel-tcp,531,tcp-rr,kernel,tcp,64,64,,,65536,1000,0,1.000209538,1000,131072000,0.12204473948937687,1999.5810117939507,0.21,0.20995600623836483,0.0,1.7203199999999998,105.0,2095.073,3112.663,3174.987,1000,1000,1000,1000,0,0,,0,0
00-kernel-tcp,532,tcp-rr,kernel,tcp,64,64,,,65536,0,0,1.01235371,837,109707264,0.10092604052638875,1653.5722479843532,0.53,0.5235324321575312,0.0,5.187287933094385,316.60692951015534,1961.491,42563.761,43617.206,837,837,837,837,0,0,,0,0
00-kernel-tcp,533,tcp-rr,kernel,tcp,64,64,,,65536,0,1,1.03583535,840,110100480,0.09899166165742461,1621.8793845952448,0.5,0.4827021977962038,0.0,4.876190476190477,297.6190476190476,1965.287,42577.762,43636.615,840,840,840,840,0,0,,0,0
00-kernel-tcp,534,tcp-rr,kernel,tcp,64,64,,,65536,1000,1,1.000290571,1000,131072000,0.12203485271081296,1999.4190268139596,0.78,0.7797734204574442,0.0,6.38976,390.0,1736.293,2732.541,2795.617,1000,1000,1000,1000,0,0,,0,0
00-kernel-tcp,535,tcp-rr,kernel,tcp,64,64,,,65536,100,1,1.000294597,100,13107200,0.012203436154319246,199.94109795236653,0.1,0.09997054897618328,0.0,8.192,500.0,1786.038,3642.901,3755.891,100,100,100,100,0,0,,0,0
00-kernel-tcp,536,tcp-rr,kernel,tcp,64,64,,,65536,100,2,1.000336981,100,13107200,0.012202919098119396,199.93262650358818,0.16,0.15994610120287056,0.0,13.1072,800.0,2104.487,2992.323,3011.321,100,100,100,100,0,0,,0,0
00-kernel-tcp,537,tcp-rr,kernel,tcp,64,64,,,65536,1000,2,1.000226624,1000,131072000,0.12204265470542004,1999.546854693602,0.29,0.2899342939305723,0.0,2.37568,145.0,2070.856,3091.121,3158.512,1000,1000,1000,1000,0,0,,0,0
00-kernel-tcp,538,tcp-rr,kernel,tcp,64,64,,,65536,0,2,1.019077677,836,109576192,0.10014033626015732,1640.6992692864176,0.42,0.41213737625615754,0.0,4.115598086124402,251.19617224880383,1988.141,42579.485,43634.913,836,836,836,836,0,0,,0,0
01-aya-tcp,472,tcp-rr,aya,tcp,1,1,,,64,100,0,1.000345794,25,3200,2.979202048576346e-06,49.982716276607846,0.03,0.029989629765964705,0.0,10066.3296,600.0,402.796,445.14,474.023,25,25,25,25,0,0,,0,0
01-aya-tcp,473,tcp-rr,aya,tcp,1,1,,,64,1000,0,1.000247236,250,32000,2.9794956001953212e-05,499.87641255526546,0.1,0.09997528251105309,0.0,3355.4432,200.0,351.248,387.903,427.704,250,250,250,250,0,0,,0,0
01-aya-tcp,474,tcp-rr,aya,tcp,1,1,,,64,0,0,1.00015715,9728,1245184,0.0011594857555635133,19452.942970012264,1.13,1.1298224484022334,0.0,974.4168421052631,58.0797697368421,95.874,132.6,157.678,9728,9728,9728,9728,0,0,,0,0
01-aya-tcp,475,tcp-rr,aya,tcp,1,1,,,64,0,1,1.000227105,9637,1233536,0.0011485590798910403,19269.62377209324,1.03,1.0297661349619196,0.0,896.57219466639,53.439867178582546,96.245,144.297,166.26,9637,9637,9637,9637,0,0,,0,0
01-aya-tcp,476,tcp-rr,aya,tcp,1,1,,,64,1000,1,1.000239624,250,32000,2.979518274682479e-05,499.8802167029528,0.24,0.23994250401741732,0.0,8053.063679999999,480.0,317.097,417.709,443.287,250,250,250,250,0,0,,0,0
01-aya-tcp,477,tcp-rr,aya,tcp,1,1,,,64,100,1,1.000342118,25,3200,2.9792129963776364e-06,49.982899950234824,0.13,0.12995553987061054,0.0,43620.7616,2600.0,441.094,511.37,517.9,25,25,25,25,0,0,,0,0
01-aya-tcp,478,tcp-rr,aya,tcp,1,1,,,64,100,2,1.000369099,25,3200,2.9791326438898042e-06,49.981551859190326,0.06,0.059977862231028384,0.0,20132.6592,1200.0,443.397,484.108,510.248,25,25,25,25,0,0,,0,0
01-aya-tcp,479,tcp-rr,aya,tcp,1,1,,,64,1000,2,1.000260115,250,32000,2.979457237250264e-05,499.8699763211093,0.29,0.28992458626624334,0.0,9730.78528,580.0,278.529,311.91,325.4,250,250,250,250,0,0,,0,0
01-aya-tcp,480,tcp-rr,aya,tcp,1,1,,,64,0,2,1.000229749,9961,1275008,0.0011871709818694184,19917.423991755317,1.14,1.1397381463006253,0.0,960.0454894086938,57.22317036442124,95.714,124.768,141.633,9961,9961,9961,9961,0,0,,0,0
01-aya-tcp,482,tcp-rr,aya,tcp,1,1,,,1024,100,0,1.000353645,25,51200,4.766685867407671e-05,49.98232400102866,0.04,0.039985859200822926,0.0,838.8608,800.0,471.43,486.922,497.729,25,25,25,25,0,0,,0,0
01-aya-tcp,483,tcp-rr,aya,tcp,1,1,,,1024,1000,0,1.000199924,250,512000,0.0004767418460662921,499.9000579808083,0.25,0.24995002899040414,0.01,524.288,500.0,290.246,323.596,336.135,250,250,250,250,0,0,,0,0
01-aya-tcp,484,tcp-rr,aya,tcp,1,1,,,1024,0,0,1.000147375,9019,18470912,0.017199842492548596,18035.342041466636,1.16,1.1598290701907805,0.0,67.43254019292604,64.30868167202573,106.229,140.551,159.71,9019,9019,9019,9019,0,0,,0,0
01-aya-tcp,485,tcp-rr,aya,tcp,1,1,,,1024,0,1,1.000092683,8839,18102272,0.01685749216248359,17676.361701768394,1.07,1.0699008383805964,0.0,63.46737866274466,60.52720896028963,105.368,149.234,168.663,8839,8839,8839,8839,0,0,,0,0
01-aya-tcp,486,tcp-rr,aya,tcp,1,1,,,1024,1000,1,1.000273114,250,512000,0.00047670696285767106,499.8634802854453,0.15,0.14995904408563357,0.0,314.5728,300.0,333.002,396.397,410.467,250,250,250,250,0,0,,0,0
01-aya-tcp,487,tcp-rr,aya,tcp,1,1,,,1024,100,1,1.000381497,25,51200,4.7665531563017804e-05,49.98093242422296,0.14,0.13994661078782428,0.0,2936.0128000000004,2800.0,345.9,366.141,372.911,25,25,25,25,0,0,,0,0
01-aya-tcp,488,tcp-rr,aya,tcp,1,1,,,1024,100,2,1.000354687,25,51200,4.7666809022820626e-05,49.98227193791316,0.08,0.07997163510066106,0.0,1677.7216,1600.0,386.321,402.045,402.445,25,25,25,25,0,0,,0,0
01-aya-tcp,489,tcp-rr,aya,tcp,1,1,,,1024,1000,2,1.00031039,250,512000,0.00047668919864275825,499.8448531560289,0.07,0.06997827944184405,0.0,146.80064000000002,140.0,304.458,336.757,358.209,250,250,250,250,0,0,,0,0
01-aya-tcp,490,tcp-rr,aya,tcp,1,1,,,1024,0,2,1.000191011,9649,19761152,0.018400492261580435,19294.314573678967,1.13,1.1297841987904047,0.0,61.39967250492278,58.55529070369987,97.156,140.631,161.724,9649,9649,9649,9649,0,0,,0,0
01-aya-tcp,492,tcp-rr,aya,tcp,1,1,,,65536,100,0,1.000388588,25,3276800,0.0030505723966735214,49.980578147098974,0.05,0.04998057814709898,0.0,16.384,1000.0,747.745,767.785,783.498,25,25,25,25,0,0,,0,0
01-aya-tcp,493,tcp-rr,aya,tcp,1,1,,,65536,1000,0,1.000292773,250,32768000,0.030508646017179612,499.85365634547077,0.06,0.059982438761456494,0.0,1.9660799999999998,120.0,576.297,672.442,726.443,250,250,250,250,0,0,,0,0
01-aya-tcp,494,tcp-rr,aya,tcp,1,1,,,65536,0,0,1.000267816,2228,292028416,0.271899837123221,4454.806931426853,1.13,1.1296974489480125,0.0,4.154829443447038,253.59066427289048,356.025,498.39,538.651,2228,2228,2228,2228,0,0,,0,0
01-aya-tcp,495,tcp-rr,aya,tcp,1,1,,,65536,0,1,1.000315218,2258,295960576,0.27554790796454726,4514.576924091142,1.07,1.0696628230242522,0.0,3.8819486271036316,236.93534100974313,357.548,484.97,598.771,2258,2258,2258,2258,0,0,,0,0
01-aya-tcp,496,tcp-rr,aya,tcp,1,1,,,65536,1000,1,1.000205483,250,32768000,0.030511308569781157,499.8972796072945,0.31,0.30993631335652255,0.0,10.15808,620.0,682.026,725.872,808.276,250,250,250,250,0,0,,0,0
01-aya-tcp,497,tcp-rr,aya,tcp,1,1,,,65536,100,1,1.000384352,25,3276800,0.003050585313933419,49.980789783485136,0.12,0.11995389548036432,0.0,39.3216,2400.0,763.518,961.136,962.909,25,25,25,25,0,0,,0,0
01-aya-tcp,498,tcp-rr,aya,tcp,1,1,,,65536,100,2,1.000344892,25,3276800,0.003050705648527468,49.98276134547404,0.07,0.06997586588366365,0.0,22.937600000000003,1400.0,617.76,626.933,627.675,25,25,25,25,0,0,,0,0
01-aya-tcp,499,tcp-rr,aya,tcp,1,1,,,65536,1000,2,1.000250731,250,32768000,0.030509928340157345,499.87466592513795,0.26,0.25993482628107173,0.0,8.519680000000001,520.0,673.003,733.984,810.119,250,250,250,250,0,0,,0,0
01-aya-tcp,500,tcp-rr,aya,tcp,1,1,,,65536,0,2,1.000175848,2364,309854208,0.28852348247265414,4727.168736831965,1.09,1.08980835937962,0.0,3.7771912013536384,230.5414551607445,349.596,371.99,474.013,2364,2364,2364,2364,0,0,,0,0
01-aya-tcp,507,tcp-rr,aya,tcp,64,64,,,64,100,0,1.000294677,100,12800,1.1917417166339799e-05,199.94108196179073,0.03,0.029991162294268608,0.0,2516.5824,150.0,318.118,413.533,444.018,100,100,100,100,0,0,,0,0
01-aya-tcp,508,tcp-rr,aya,tcp,64,64,,,64,1000,0,1.000284671,1000,128000,0.00011917536378079841,1999.4308200290316,0.68,0.6798064788098708,0.0,5704.25344,340.0,294.874,390.738,437.308,1000,1000,1000,1000,0,0,,0,0
01-aya-tcp,509,tcp-rr,aya,tcp,64,64,,,64,0,0,1.000146194,41659,5332352,0.00496541387967927,83305.82118877712,3.31,3.3095161685932486,0.0,666.5136580330781,39.7273098250078,76.014,167.222,215.515,41659,41659,41659,41659,0,0,,0,0
01-aya-tcp,510,tcp-rr,aya,tcp,64,64,,,64,0,1,1.000184731,45782,5860096,0.005456631685186031,91547.08841481004,3.47,3.469359101823761,0.0,635.8059883797126,37.89699008343891,67.932,150.877,191.248,45782,45782,45782,45782,0,0,,0,0
01-aya-tcp,512,tcp-rr,aya,tcp,64,64,,,64,1000,1,1.000311302,1000,128000,0.00011917219100937564,1999.377589757553,0.29,0.2899097505148452,0.0,2432.69632,145.0,196.796,357.848,425.641,1000,1000,1000,1000,0,0,,0,0
01-aya-tcp,513,tcp-rr,aya,tcp,64,64,,,64,100,1,1.000328908,100,12800,1.1917009355365071e-05,199.93424002898055,0.04,0.03998684800579611,0.0,3355.4432,200.0,247.773,394.584,457.919,100,100,100,100,0,0,,0,0
01-aya-tcp,514,tcp-rr,aya,tcp,64,64,,,64,100,2,1.000287276,100,12800,1.1917505341813552e-05,199.9425613007598,0.15,0.14995692097556984,0.0,12582.912,750.0,346.401,475.615,514.464,100,100,100,100,0,0,,0,0
01-aya-tcp,515,tcp-rr,aya,tcp,64,64,,,64,1000,2,1.000349319,1000,128000,0.00011916766202225132,1999.3016059623071,0.81,0.8097171504147344,0.0,6794.7724800000005,405.0,269.505,398.259,455.165,1000,1000,1000,1000,0,0,,0,0
01-aya-tcp,516,tcp-rr,aya,tcp,64,64,,,64,0,2,1.000154215,57879,7408512,0.006898650594508236,115740.15113259309,4.02,4.019380151289968,0.0,582.6328056808168,34.72762141709428,66.22,82.534,141.623,57879,57879,57879,57879,0,0,,0,0
01-aya-tcp,518,tcp-rr,aya,tcp,64,64,,,1024,100,0,1.00038309,100,204800,0.00019066182264361348,199.92341134034965,0.08,0.07996936453613986,0.0,419.4304,400.0,227.842,272.971,2722.215,100,100,100,100,0,0,,0,0
01-aya-tcp,519,tcp-rr,aya,tcp,64,64,,,1024,1000,0,1.00036997,1000,2048000,0.0019066432320159511,1999.260333654358,0.04,0.03998520667308716,0.0,20.97152,20.0,207.222,312.139,376.887,1000,1000,1000,1000,0,0,,0,0
01-aya-tcp,520,tcp-rr,aya,tcp,64,64,,,1024,0,0,1.000201566,55776,114229248,0.10636283821190297,111529.51944088437,4.01,4.009191883228865,0.0,37.693539873780836,35.94736087205967,67.602,86.59,133.521,55776,55776,55776,55776,0,0,,0,0
01-aya-tcp,521,tcp-rr,aya,tcp,64,64,,,1024,0,1,1.000161887,56293,115288064,0.10735299753220257,112567.77674032684,4.04,4.039346082380762,0.0,37.62676567246372,35.88368003126499,67.071,85.739,135.524,56293,56293,56293,56293,0,0,,0,0
01-aya-tcp,522,tcp-rr,aya,tcp,64,64,,,1024,1000,1,1.000370761,1000,2048000,0.0019066417244201122,1999.2587528255435,0.05,0.049981468820638586,0.0,26.2144,25.0,207.762,337.238,397.588,1000,1000,1000,1000,0,0,,0,0
01-aya-tcp,523,tcp-rr,aya,tcp,64,64,,,1024,100,1,1.00030363,100,204800,0.000190676968033446,199.93929243263867,0.06,0.0599817877297916,0.0,314.5728,300.0,240.212,428.214,514.714,100,100,100,100,0,0,,0,0
01-aya-tcp,524,tcp-rr,aya,tcp,64,64,,,1024,100,2,1.000365684,100,204800,0.00019066514009016128,199.92688993518095,0.05,0.04998172248379524,0.0,262.144,250.0,288.414,417.899,2622.736,100,100,100,100,0,0,,0,0
01-aya-tcp,525,tcp-rr,aya,tcp,64,64,,,1024,1000,2,1.00031024,1000,2048000,0.0019067570804958472,1999.3797124380135,0.9,0.899720870597106,0.0,471.8592,450.0,250.948,387.884,442.326,1000,1000,1000,1000,0,0,,0,0
01-aya-tcp,526,tcp-rr,aya,tcp,64,64,,,1024,0,2,1.000201026,55888,114458624,0.10657647574801128,111753.53463394668,4.0,3.999196057613322,0.0,37.5241912396221,35.785857429144,67.07,86.11,155.884,55888,55888,55888,55888,0,0,,0,0
01-aya-tcp,528,tcp-rr,aya,tcp,64,64,,,65536,100,0,1.000275387,100,13107200,0.012203670517787117,199.94493776342412,0.05,0.04998623444085604,0.0,4.096,250.0,625.16,869.098,940.004,100,100,100,100,0,0,,0,0
01-aya-tcp,529,tcp-rr,aya,tcp,64,64,,,65536,1000,0,1.000275598,1000,131072000,0.12203667943522101,1999.448955866661,1.06,1.0597079466093304,0.01,8.68352,530.0,417.548,678.051,765.411,1000,1000,1000,1000,0,0,,0,0
01-aya-tcp,530,tcp-rr,aya,tcp,64,64,,,65536,0,0,1.000233594,15434,2022965248,1.8835932070533916,30860.79110436277,3.99,3.98906817760812,0.0,2.1177970714008034,129.26007515874045,177.427,218.028,533.363,15434,15434,15434,15434,0,0,,0,0
01-aya-tcp,531,tcp-rr,aya,tcp,64,64,,,65536,0,1,1.000300405,15805,2071592960,1.9287418853564295,31600.50704967974,4.11,4.108765706238018,0.0,2.1302828218918064,130.02214489085733,177.126,213.701,347.353,15805,15805,15805,15805,0,0,,0,0
01-aya-tcp,532,tcp-rr,aya,tcp,64,64,,,65536,1000,1,1.000357762,1000,131072000,0.12202665599949632,1999.2847318957477,0.47,0.4698319119955007,0.02,3.85024,235.0,447.814,706.233,816.359,1000,1000,1000,1000,0,0,,0,0
01-aya-tcp,533,tcp-rr,aya,tcp,64,64,,,65536,100,1,1.000305172,100,13107200,0.012203307142352753,199.9389842203075,0.06,0.059981695266092254,0.0,4.9152,300.0,711.591,976.009,1023.45,100,100,100,100,0,0,,0,0
01-aya-tcp,534,tcp-rr,aya,tcp,64,64,,,65536,100,2,1.000325984,100,13107200,0.012203053249889387,199.93482444618772,0.19,0.18993808322387834,0.0,15.5648,950.0,680.113,938.592,973.354,100,100,100,100,0,0,,0,0
01-aya-tcp,535,tcp-rr,aya,tcp,64,64,,,65536,1000,2,1.000244871,1000,131072000,0.12204042833827237,1999.5103778942546,0.06,0.059985311336827635,0.01,0.49151999999999996,30.0,400.823,671.23,784.551,1000,1000,1000,1000,0,0,,0,0
01-aya-tcp,536,tcp-rr,aya,tcp,64,64,,,65536,0,2,1.000297461,15659,2052456448,1.9109305961114502,31308.68688669,3.99,3.9888134835523696,0.0,2.087367009387573,127.4027715690657,176.947,213.771,462.667,15659,15659,15659,15659,0,0,,0,0
02-aya-udp,475,udp-rr,aya,udp,1,1,,,0,100,0,1.000328017,25,0,0.0,49.98360452799354,0.03,0.029990162716796123,0.0,,600.0,397.659,447.824,452.841,25,25,25,25,0,0,,0,0
02-aya-udp,476,udp-rr,aya,udp,1,1,,,0,1000,0,1.000251151,250,0,0.0,499.87445603049343,0.24,0.23993973889463685,0.0,,480.0,236.075,268.264,297.798,250,250,250,250,0,0,,0,0
02-aya-udp,477,udp-rr,aya,udp,1,1,,,0,0,0,1.000132723,10384,0,0.0,20765.24397452397,1.07,1.0698580052359712,0.0,,51.52157164869029,94.432,129.185,146.911,10384,10384,10384,10384,0,0,,0,0
02-aya-udp,478,udp-rr,aya,udp,1,1,,,0,0,1,1.000160975,10488,0,0.0,20972.623931862567,1.1,1.099822955999658,0.0,,52.44088482074752,93.852,108.032,123.005,10488,10488,10488,10488,0,0,,0,0
02-aya-udp,480,udp-rr,aya,udp,1,1,,,0,1000,1,1.000198943,250,0,0.0,499.9005482852225,0.36,0.3599283947653602,0.0,,720.0,248.284,277.568,295.555,250,250,250,250,0,0,,0,0
02-aya-udp,481,udp-rr,aya,udp,1,1,,,0,100,1,1.000314997,25,0,0.0,49.98425510959324,0.05,0.04998425510959324,0.0,,1000.0,327.212,472.131,481.294,25,25,25,25,0,0,,0,0
02-aya-udp,482,udp-rr,aya,udp,1,1,,,0,100,2,1.000371663,25,0,0.0,49.98142375410328,0.03,0.02998885425246197,0.0,,600.0,436.798,455.516,458.73,25,25,25,25,0,0,,0,0
02-aya-udp,483,udp-rr,aya,udp,1,1,,,0,1000,2,1.000231682,250,0,0.0,499.8841858320581,0.15,0.14996525574961742,0.0,,300.0,263.196,285.61,304.228,250,250,250,250,0,0,,0,0
02-aya-udp,484,udp-rr,aya,udp,1,1,,,0,0,2,1.000149378,9828,0,0.0,19653.06426456629,1.02,1.0198476571966635,0.0,,51.89255189255189,93.721,145.099,189.565,9828,9828,9828,9828,0,0,,0,0
02-aya-udp,486,udp-rr,aya,udp,1,1,,,64,100,0,1.000352884,25,3200,2.979180933484999e-06,49.982362024159464,0.02,0.019992944809663786,0.0,6710.8864,400.0,396.276,426.422,432.721,25,25,25,25,0,0,,0,0
02-aya-udp,487,udp-rr,aya,udp,1,1,,,64,1000,0,1.000323029,250,32000,2.9792698482097338e-05,499.8385376570192,0.07,0.0699773952719827,0.0,2348.8102400000002,140.0,290.137,348.193,371.969,250,250,250,250,0,0,,0,0
02-aya-udp,488,udp-rr,aya,udp,1,1,,,64,0,0,1.000169287,10081,1290368,0.0012015454419381964,20158.58741321258,1.0,0.9998307416532377,0.0,832.120622954072,49.59825414145422,94.292,127.362,149.976,10081,10081,10081,10081,0,0,,0,0
02-aya-udp,489,udp-rr,aya,udp,1,1,,,64,0,1,1.000205763,9367,1198976,0.0011164037006475116,18730.14602896264,1.05,1.0497839932961874,0.0,940.3265079534536,56.04782747944913,99.29,137.878,152.39,9367,9367,9367,9367,0,0,,0,0
02-aya-udp,490,udp-rr,aya,udp,1,1,,,64,1000,1,1.000279353,250,32000,2.97939993445964e-05,499.86036250815226,0.06,0.059983243500978264,0.0,2013.2659199999998,120.0,269.576,312.66,322.566,250,250,250,250,0,0,,0,0
02-aya-udp,491,udp-rr,aya,udp,1,1,,,64,100,1,1.000298783,25,3200,2.9793420620102172e-06,49.98506531223081,0.12,0.11996415674935394,0.0,40265.3184,2400.0,328.274,460.993,461.484,25,25,25,25,0,0,,0,0
02-aya-udp,492,udp-rr,aya,udp,1,1,,,64,100,2,1.000366585,25,3200,2.9791401306847237e-06,49.98167746676584,0.06,0.05997801296011901,0.0,20132.6592,1200.0,369.406,406.742,425.791,25,25,25,25,0,0,,0,0
02-aya-udp,493,udp-rr,aya,udp,1,1,,,64,1000,2,1.000161165,250,32000,2.9797520070373173e-05,499.9194304849859,0.07,0.06998872026789803,0.0,2348.8102400000002,140.0,254.092,278.519,284.418,250,250,250,250,0,0,,0,0
02-aya-udp,494,udp-rr,aya,udp,1,1,,,64,0,2,1.000198662,9789,1252992,0.0011667079548768658,19574.11136788743,1.12,1.1197775427538015,0.0,959.7753560118501,57.20706915926039,94.842,138.078,168.523,9789,9789,9789,9789,0,0,,0,0
02-aya-udp,496,udp-rr,aya,udp,1,1,,,1431,100,0,1.000291292,25,71550,6.661672529459298e-05,49.985439641316,0.02,0.0199941758565264,0.0,300.13747700908453,400.0,362.446,395.334,397.077,25,25,25,25,0,0,,0,0
02-aya-udp,497,udp-rr,aya,udp,1,1,,,1431,1000,0,1.000178001,250,715500,0.0006662427102687043,499.9110153393585,0.26,0.25995372797646643,0.0,390.1787201118099,520.0,215.955,228.423,241.504,250,250,250,250,0,0,,0,0
02-aya-udp,498,udp-rr,aya,udp,1,1,,,1431,0,0,1.000193134,9045,25886790,0.024104296552119923,18086.506880580124,1.11,1.1097856626558287,0.0,46.04098942510833,61.359867330016584,104.487,148.544,175.905,9045,9045,9045,9045,0,0,,0,0
02-aya-udp,499,udp-rr,aya,udp,1,1,,,1431,0,1,1.000181447,9079,25984098,0.024195186904342678,18154.705883081635,1.05,1.0498095152128932,0.0,43.38918807957082,57.82575173477255,100.762,145.228,159.71,9079,9079,9079,9079,0,0,,0,0
02-aya-udp,500,udp-rr,aya,udp,1,1,,,1431,1000,1,1.000252323,250,715500,0.0006661932062689894,499.8738703254179,0.07,0.06998234184555852,0.0,105.0481169531796,140.0,340.923,377.047,409.516,250,250,250,250,0,0,,0,0
02-aya-udp,501,udp-rr,aya,udp,1,1,,,1431,100,1,1.000385253,25,71550,6.661046833098158e-05,49.98074476813584,0.13,0.12994993639715322,0.0,1950.8936005590497,2600.0,381.544,437.308,445.921,25,25,25,25,0,0,,0,0
02-aya-udp,502,udp-rr,aya,udp,1,1,,,1431,100,2,1.000318342,25,71550,6.66149238856379e-05,49.9840879654689,0.08,0.07997454074475024,0.0,1200.5499080363381,1600.0,424.479,466.091,493.222,25,25,25,25,0,0,,0,0
02-aya-udp,503,udp-rr,aya,udp,1,1,,,1431,1000,2,1.000279234,250,715500,0.0006661752833483044,499.86042197493026,0.07,0.06998045907649024,0.0,105.0481169531796,140.0,289.897,376.928,391.519,250,250,250,250,0,0,,0,0
02-aya-udp,504,udp-rr,aya,udp,1,1,,,1431,0,2,1.000227876,6833,19556046,0.018208837752906947,13662.88655606315,1.13,1.1297425587846741,0.0,62.04363914464099,82.68696033952875,144.298,177.918,195.283,6833,6833,6833,6833,0,0,,0,0
02-aya-udp,506,udp-rr,aya,udp,1,1,,,59000,100,0,1.000365233,25,2950000,0.0027463985197451,49.98174501732209,0.06,0.05997809402078651,0.0,21.838816759322032,1200.0,624.69,647.865,748.006,25,25,25,25,0,0,,0,0
02-aya-udp,507,udp-rr,aya,udp,1,1,,,59000,1000,0,1.000269288,250,29500000,0.027466619520119286,499.8653922482523,0.1,0.09997307844965046,0.0,3.639802793220339,200.0,445.21,563.839,621.224,250,250,250,250,0,0,,0,0
02-aya-udp,508,udp-rr,aya,udp,1,1,,,59000,0,0,1.000338463,3181,375358000,0.3494610993104608,6359.847426960328,1.03,1.0296515010639953,0.0,2.946398048582953,161.89877397044955,242.675,308.124,389.576,3181,3181,3181,3181,0,0,,0,0
02-aya-udp,509,udp-rr,aya,udp,1,1,,,59000,0,1,1.000109568,3339,394002000,0.3669027562424518,6677.268385057586,1.05,1.0498849662040228,0.0,2.861480183349323,157.23270440251574,233.411,264.808,294.173,3339,3339,3339,3339,0,0,,0,0
02-aya-udp,510,udp-rr,aya,udp,1,1,,,59000,1000,1,1.000289428,250,29500000,0.027466066502460938,499.8553278721646,0.09,0.08997395901698962,0.0,3.275822513898305,180.0,435.696,537.118,567.233,250,250,250,250,0,0,,0,0
02-aya-udp,511,udp-rr,aya,udp,1,1,,,59000,100,1,1.000311462,25,2950000,0.0027465461503585788,49.98443174891862,0.11,0.10996574984762096,0.0,40.03783072542373,2200.0,558.59,680.524,688.236,25,25,25,25,0,0,,0,0
02-aya-udp,512,udp-rr,aya,udp,1,1,,,59000,100,2,1.000338132,25,2950000,0.002746472924732676,49.98309911473014,0.05,0.04998309911473014,0.0,18.199013966101695,1000.0,557.249,677.46,694.275,25,25,25,25,0,0,,0,0
02-aya-udp,513,udp-rr,aya,udp,1,1,,,59000,1000,2,1.000318993,250,29500000,0.027465254727155435,499.8405543620424,0.04,0.03998724434896339,0.0,1.4559211172881357,80.0,462.786,514.574,565.792,250,250,250,250,0,0,,0,0
02-aya-udp,514,udp-rr,aya,udp,1,1,,,59000,0,2,1.000246494,3149,371582000,0.34597742356172534,6296.44796335572,1.04,1.0397437094140918,0.0,3.005235713678273,165.1317878691648,242.295,278.94,334.863,3149,3149,3149,3149,0,0,,0,0
02-aya-udp,521,udp-rr,aya,udp,64,64,,,0,100,0,1.000355208,100,0,0.0,199.92898362558432,0.02,0.019992898362558433,0.0,,100.0,324.188,472.511,487.423,100,100,100,100,0,0,,0,0
02-aya-udp,522,udp-rr,aya,udp,64,64,,,0,1000,0,1.000312313,1000,0,0.0,1999.3755690179132,0.04,0.03998751138035827,0.0,,20.0,253.512,337.428,371.569,1000,1000,1000,1000,0,0,,0,0
02-aya-udp,523,udp-rr,aya,udp,64,64,,,0,0,0,1.000188547,34354,0,0.0,68695.04775483097,3.04,3.0394269251715396,0.0,,44.245211620189785,115.434,185.81,229.155,34354,34354,34354,34354,0,0,,0,0
02-aya-udp,525,udp-rr,aya,udp,64,64,,,0,0,1,1.000175727,50573,0,0.0,101128.22903969554,3.72,3.7193464104133374,0.0,,36.778518181638425,67.862,133.26,162.955,50573,50573,50573,50573,0,0,,0,0
02-aya-udp,526,udp-rr,aya,udp,64,64,,,0,1000,1,1.000277,1000,0,0.0,1999.4461534155037,0.63,0.6298255383258837,0.0,,315.0,171.338,281.723,314.954,1000,1000,1000,1000,0,0,,0,0
02-aya-udp,527,udp-rr,aya,udp,64,64,,,0,100,1,1.000365313,100,0,0.0,199.92696408097066,0.03,0.0299890446121456,0.0,,150.0,285.429,444.789,499.902,100,100,100,100,0,0,,0,0
02-aya-udp,528,udp-rr,aya,udp,64,64,,,0,100,2,1.000362709,100,0,0.0,199.92748450202376,0.08,0.0799709938008095,0.0,,400.0,339.741,471.99,506.712,100,100,100,100,0,0,,0,0
02-aya-udp,529,udp-rr,aya,udp,64,64,,,0,1000,2,1.000337731,1000,0,0.0,1999.3247660474383,1.01,1.0096590068539564,0.0,,505.0,168.915,236.045,289.956,1000,1000,1000,1000,0,0,,0,0
02-aya-udp,530,udp-rr,aya,udp,64,64,,,0,0,2,1.000161566,57413,0,0.0,114807.4510193686,4.03,4.029348994200403,0.0,,35.09658091373034,66.76,78.789,141.072,57413,57413,57413,57413,0,0,,0,0
02-aya-udp,533,udp-rr,aya,udp,64,64,,,64,100,0,1.00034355,100,12800,1.1916834926439147e-05,199.9313135972137,0.08,0.07997252543888547,0.0,6710.8864,400.0,296.095,414.013,440.633,100,100,100,100,0,0,,0,0
02-aya-udp,534,udp-rr,aya,udp,64,64,,,64,1000,0,1.000355317,1000,128000,0.00011916694750849338,1999.2896184106553,0.07,0.06997513664437295,0.0,587.2025600000001,35.0,207.162,314.253,383.588,1000,1000,1000,1000,0,0,,0,0
02-aya-udp,535,udp-rr,aya,udp,64,64,,,64,0,0,1.000141777,57111,7310208,0.006807196631617826,114205.8082431247,4.0,3.9994329723914728,0.0,587.5301080352297,35.01952338428674,67.01,79.169,145.499,57111,57111,57111,57111,0,0,,0,0
02-aya-udp,536,udp-rr,aya,udp,64,64,,,64,0,1,1.000161937,57602,7373056,0.00686558170499954,115185.34723042556,4.06,4.059342642230545,0.0,591.2598257004964,35.241831880837466,66.971,78.438,128.223,57602,57602,57602,57602,0,0,,0,0
02-aya-udp,537,udp-rr,aya,udp,64,64,,,64,1000,1,1.000300776,1000,128000,0.0001191734450386763,1999.3986288780006,1.0,0.9996993144390003,0.0,8388.608,500.0,181.033,279.26,330.217,1000,1000,1000,1000,0,0,,0,0
02-aya-udp,538,udp-rr,aya,udp,64,64,,,64,100,1,1.000309649,100,12800,1.19172387940028e-05,199.93808937056448,0.03,0.029990713405584672,0.0,2516.5824,150.0,228.814,356.426,419.841,100,100,100,100,0,0,,0,0
02-aya-udp,539,udp-rr,aya,udp,64,64,,,64,100,2,1.000325153,100,12800,1.1917054089189863e-05,199.9349905380216,0.07,0.06997724668830757,0.0,5872.025600000001,350.0,251.047,431.469,478.821,100,100,100,100,0,0,,0,0
02-aya-udp,540,udp-rr,aya,udp,64,64,,,64,1000,2,1.000248707,1000,128000,0.0001191796487378826,1999.5027096795839,0.17,0.16995773032276465,0.0,1426.06336,85.0,159.63,306.471,344.188,1000,1000,1000,1000,0,0,,0,0
02-aya-udp,541,udp-rr,aya,udp,64,64,,,64,0,2,1.000197961,56887,7281536,0.006780116656001954,113751.48164294248,4.0,3.999208312723205,0.0,589.8435846502716,35.157417336122485,67.001,80.321,144.247,56887,56887,56887,56887,0,0,,0,0
02-aya-udp,543,udp-rr,aya,udp,64,64,,,1431,100,0,1.000307416,100,286200,0.000266462605986468,199.93853569511074,0.04,0.03998770713902215,0.0,150.06873850454227,200.0,300.632,435.275,5967.819,100,100,100,100,0,0,,0,0
02-aya-udp,544,udp-rr,aya,udp,64,64,,,1431,1000,0,1.00027729,1000,2862000,0.002664706312136207,1999.4455737368583,0.09,0.08997505081815863,0.0,33.765466163522014,45.0,149.895,249.075,306.832,1000,1000,1000,1000,0,0,,0,0
02-aya-udp,545,udp-rr,aya,udp,64,64,,,1431,0,0,1.000175828,56379,161356698,0.15024871748131494,112738.17747173151,4.03,4.029291537727505,0.0,26.817477082482192,35.74025789744409,67.621,79.95,117.767,56379,56379,56379,56379,0,0,,0,0
02-aya-udp,546,udp-rr,aya,udp,64,64,,,1431,0,1,1.00017072,55938,160094556,0.14907422412429938,111856.90378938506,4.03,4.029312115835585,0.0,27.028898788538445,36.022024384139584,67.502,79.35,139.56,55938,55938,55938,55938,0,0,,0,0
02-aya-udp,547,udp-rr,aya,udp,64,64,,,1431,1000,1,1.000322007,1000,2862000,0.0026645871928213005,1999.3561933102606,0.97,0.9696877537554763,0.0,363.916690873515,485.0,218.198,352.51,387.654,1000,1000,1000,1000,0,0,,0,0
02-aya-udp,548,udp-rr,aya,udp,64,64,,,1431,100,1,1.000287766,100,286200,0.00026646784047036913,199.94246335708957,0.06,0.05998273900712687,0.0,225.10310775681342,300.0,299.831,407.933,441.494,100,100,100,100,0,0,,0,0
02-aya-udp,549,udp-rr,aya,udp,64,64,,,1431,100,2,1.000357591,100,286200,0.00026644924100440993,199.9285073651228,0.03,0.02998927610476842,0.0,112.55155387840671,150.0,333.622,468.705,518.3,100,100,100,100,0,0,,0,0
02-aya-udp,550,udp-rr,aya,udp,64,64,,,1431,1000,2,1.000239744,1000,2862000,0.0026648063372189893,1999.5206269268183,0.24,0.23994247523121817,0.0,90.04124310272536,120.0,162.073,338.58,407.583,1000,1000,1000,1000,0,0,,0,0
02-aya-udp,551,udp-rr,aya,udp,64,64,,,1431,0,2,1.000161126,56052,160420824,0.1493794659137917,112085.94004082498,4.0,3.9993555998296215,0.0,26.773128256715598,35.681153214871905,67.261,79.189,138.849,56052,56052,56052,56052,0,0,,0,0
02-aya-udp,553,udp-rr,aya,udp,64,64,,,59000,100,0,1.000341367,100,11800000,0.010985856171698881,199.93174989833244,0.13,0.12995563743391608,0.0,11.829359077966101,650.0,542.857,700.744,856.829,100,100,100,100,0,0,,0,0
02-aya-udp,554,udp-rr,aya,udp,64,64,,,59000,1000,0,1.000326083,1000,118000000,0.10986024024790571,1999.3480465909233,0.29,0.28990546675568385,0.0,2.6388570250847456,145.0,274.963,483.037,562.797,1000,1000,1000,1000,0,0,,0,0
02-aya-udp,555,udp-rr,aya,udp,64,64,,,59000,0,0,1.000236829,21911,2585498000,2.40736252076474,43811.624136867285,3.99,3.9890552760280333,0.0,1.6570230871422063,91.0501574551595,116.085,133.581,261.643,21911,21911,21911,21911,0,0,,0,0
02-aya-udp,556,udp-rr,aya,udp,64,64,,,59000,0,1,1.000202337,21807,2573226000,2.3960186601598488,43605.17705928936,4.03,4.029184746845878,0.0,1.6816165975005695,92.40152244692072,117.076,134.652,254.242,21807,21807,21807,21807,0,0,,0,0
02-aya-udp,557,udp-rr,aya,udp,64,64,,,59000,1000,1,1.000351182,1000,118000000,0.10985748383373876,1999.2978825710031,1.03,1.0296384095240665,0.0,9.372492192542373,515.0,320.872,502.707,633.373,1000,1000,1000,1000,0,0,,0,0
02-aya-udp,558,udp-rr,aya,udp,64,64,,,59000,100,1,1.000313104,100,11800000,0.010986166567765613,199.9373988006859,0.04,0.03998747976013718,0.0,3.639802793220339,200.0,478.991,626.923,767.275,100,100,100,100,0,0,,0,0
02-aya-udp,559,udp-rr,aya,udp,64,64,,,59000,100,2,1.000333815,100,11800000,0.010985939109198909,199.93325927905374,0.17,0.1699432703871957,0.0,15.469161871186442,850.0,537.058,695.796,821.155,100,100,100,100,0,0,,0,0
02-aya-udp,560,udp-rr,aya,udp,64,64,,,59000,1000,2,1.000280866,1000,118000000,0.10986520640356472,1999.4384257271197,1.03,1.0297107892494668,0.0,9.372492192542373,515.0,297.408,481.895,649.938,1000,1000,1000,1000,0,0,,0,0
02-aya-udp,561,udp-rr,aya,udp,64,64,,,59000,0,2,1.000235547,21768,2568624000,2.3916541699343434,43525.747640720474,4.0,3.9990580338772945,0.0,1.6720887510200013,91.87798603454613,115.714,134.422,340.363,21768,21768,21768,21768,0,0,,0,0
03-kernel-udp,478,udp-rr,kernel,udp,1,1,,,0,100,0,1.000294577,25,0,0.0,49.98527548750272,0.08,0.07997644078000435,0.0,,1600.0,342.886,374.343,387.973,25,25,25,25,0,0,,0,0
03-kernel-udp,479,udp-rr,kernel,udp,1,1,,,0,1000,0,1.000187295,250,0,0.0,499.90637003642405,0.13,0.12997565620947027,0.0,,260.0,232.459,282.535,297.918,250,250,250,250,0,0,,0,0
03-kernel-udp,480,udp-rr,kernel,udp,1,1,,,0,0,0,1.00018411,10193,0,0.0,20382.24742442669,1.17,1.1697846309515956,0.0,,57.392328068282154,93.5,131.988,164.517,10193,10193,10193,10193,0,0,,0,0
03-kernel-udp,481,udp-rr,kernel,udp,1,1,,,0,0,1,1.000175887,10039,0,0.0,20074.46916184253,1.04,1.0398171096880284,0.0,,51.797987847395156,96.034,121.152,158.348,10039,10039,10039,10039,0,0,,0,0
03-kernel-udp,482,udp-rr,kernel,udp,1,1,,,0,1000,1,1.00018393,250,0,0.0,499.90805191201184,0.11,0.10997977142064261,0.0,,220.0,228.814,237.518,253.731,250,250,250,250,0,0,,0,0
03-kernel-udp,483,udp-rr,kernel,udp,1,1,,,0,100,1,1.000253024,25,0,0.0,49.98735200024749,0.13,0.12996711520064347,0.0,,2600.0,381.604,409.636,411.85,25,25,25,25,0,0,,0,0
03-kernel-udp,484,udp-rr,kernel,udp,1,1,,,0,100,2,1.000258281,25,0,0.0,49.987089284592486,0.09,0.08997676071226647,0.0,,1800.0,415.525,455.225,458.19,25,25,25,25,0,0,,0,0
03-kernel-udp,485,udp-rr,kernel,udp,1,1,,,0,1000,2,1.00019074,250,0,0.0,499.9046481874047,0.02,0.019996185927496187,0.0,,40.0,233.462,247.282,255.164,250,250,250,250,0,0,,0,0
03-kernel-udp,486,udp-rr,kernel,udp,1,1,,,0,0,2,1.000115767,9848,0,0.0,19693.720117103203,1.15,1.149866883360514,0.0,,58.38748984565394,100.392,123.656,140.06,9848,9848,9848,9848,0,0,,0,0
03-kernel-udp,488,udp-rr,kernel,udp,1,1,,,64,100,0,1.000241707,25,3200,2.979512069845665e-06,49.98791757040781,0.01,0.009997583514081561,0.0,3355.4432,200.0,307.102,338.86,339.251,25,25,25,25,0,0,,0,0
03-kernel-udp,489,udp-rr,kernel,udp,1,1,,,64,1000,0,1.000202999,250,32000,2.979627377391548e-05,499.89852110011515,0.25,0.2499492605500576,0.0,8388.608,500.0,334.133,351.789,366.061,250,250,250,250,0,0,,0,0
03-kernel-udp,490,udp-rr,kernel,udp,1,1,,,64,0,0,1.000164461,6865,878720,0.0008182372046571982,13727.74232177002,1.11,1.1098174783077002,0.0,1356.3517669337218,80.8448652585579,145.178,174.062,216.946,6865,6865,6865,6865,0,0,,0,0
03-kernel-udp,491,udp-rr,kernel,udp,1,1,,,64,0,1,1.000188557,7083,906624,0.000844200218027673,14163.329405097364,1.09,1.0897945116162733,0.0,1290.9194860934633,76.94479740223069,142.474,161.093,192.339,7083,7083,7083,7083,0,0,,0,0
03-kernel-udp,492,udp-rr,kernel,udp,1,1,,,64,1000,1,1.000208276,250,32000,2.9796116571720224e-05,499.8958836849297,0.16,0.1599666827791775,0.0,5368.70912,320.0,322.074,385.61,402.185,250,250,250,250,0,0,,0,0
03-kernel-udp,493,udp-rr,kernel,udp,1,1,,,64,100,1,1.000254586,25,3200,2.979473706476494e-06,49.98727393987674,0.16,0.15995927660760556,0.0,53687.0912,3200.0,344.609,364.418,372.971,25,25,25,25,0,0,,0,0
03-kernel-udp,494,udp-rr,kernel,udp,1,1,,,64,100,2,1.00028369,25,3200,2.9793870164668296e-06,49.98581952285956,0.11,0.10996880295029103,0.0,36909.8752,2200.0,478.96,489.477,489.987,25,25,25,25,0,0,,0,0
03-kernel-udp,495,udp-rr,kernel,udp,1,1,,,64,1000,2,1.00019698,250,32000,2.979645308236715e-05,499.9015293967395,0.26,0.25994879528630455,0.0,8724.152320000001,520.0,306.712,359.291,415.616,250,250,250,250,0,0,,0,0
03-kernel-udp,496,udp-rr,kernel,udp,1,1,,,64,0,2,1.000185171,7042,901376,0.0008393163999595046,14081.392534463,1.09,1.0897982009773268,0.0,1298.4354899176371,77.39278614030106,141.804,172.199,243.857,7042,7042,7042,7042,0,0,,0,0
03-kernel-udp,498,udp-rr,kernel,udp,1,1,,,1431,100,0,1.000262959,25,71550,6.661861225007882e-05,49.986855506462874,0.06,0.059984226607755445,0.0,900.4124310272537,1200.0,462.436,495.105,499.432,25,25,25,25,0,0,,0,0
03-kernel-udp,499,udp-rr,kernel,udp,1,1,,,1431,1000,0,1.000249719,250,715500,0.0006661949406030024,499.87517167200525,0.08,0.07998002746752085,0.0,120.05499080363383,160.0,348.575,385.219,399.711,250,250,250,250,0,0,,0,0
03-kernel-udp,500,udp-rr,kernel,udp,1,1,,,1431,0,0,1.000076589,6626,18963612,0.017659887398733,13250.98512030062,1.09,1.089916524383314,0.0,61.71707099681222,82.2517355870812,147.592,182.694,234.093,6626,6626,6626,6626,0,0,,0,0
03-kernel-udp,501,udp-rr,kernel,udp,1,1,,,1431,0,1,1.000079883,6906,19764972,0.01840609427621378,13810.896744135389,1.02,1.0199185258483998,0.0,55.41200161983534,73.8488271068636,146.32,163.145,187.552,6906,6906,6906,6906,0,0,,0,0
03-kernel-udp,502,udp-rr,kernel,udp,1,1,,,1431,1000,1,1.00018406,250,715500,0.000666238674246993,499.90798693592455,0.31,0.3099429519002732,0.0,465.21308936408104,620.0,344.228,374.133,389.766,250,250,250,250,0,0,,0,0
03-kernel-udp,503,udp-rr,kernel,udp,1,1,,,1431,100,1,1.000329228,25,71550,6.661419895424418e-05,49.983544017770114,0.03,0.02999012641066207,0.0,450.20621551362683,600.0,392.821,449.566,506.412,25,25,25,25,0,0,,0,0
03-kernel-udp,504,udp-rr,kernel,udp,1,1,,,1431,100,2,1.000340426,25,71550,6.661345326229722e-05,49.982984492521155,0.08,0.07997277518803385,0.0,1200.5499080363381,1600.0,446.572,457.098,465.941,25,25,25,25,0,0,,0,0
03-kernel-udp,505,udp-rr,kernel,udp,1,1,,,1431,1000,2,1.000228667,250,715500,0.0006662089621326309,499.8856926383215,0.18,0.17995884934979572,0.0,270.1237293081761,360.0,338.008,412.5,424.558,250,250,250,250,0,0,,0,0
03-kernel-udp,506,udp-rr,kernel,udp,1,1,,,1431,0,2,1.000113283,6689,19143918,0.017827143487691887,13376.484671686938,1.12,1.1198731374113748,0.0,62.818428436645,83.71953954253252,147.002,182.484,203.987,6689,6689,6689,6689,0,0,,0,0
03-kernel-udp,508,udp-rr,kernel,udp,1,1,,,59000,100,0,1.000182748,25,2950000,0.0027468996047067006,49.990864269536466,0.05,0.04999086426953647,0.0,18.199013966101695,1000.0,604.28,626.753,632.802,25,25,25,25,0,0,,0,0
03-kernel-udp,509,udp-rr,kernel,udp,1,1,,,59000,1000,0,1.000196368,250,29500000,0.027468621992793138,499.9018352764105,0.27,0.2699469910492617,0.0,9.827467541694915,540.0,620.774,664.4,693.173,250,250,250,250,0,0,,0,0
03-kernel-udp,510,udp-rr,kernel,udp,1,1,,,59000,0,0,1.000327906,2603,307154000,0.2859656842197929,5204.2934809418375,1.23,1.229596807829132,0.0,4.299805451076659,236.26584709950058,302.055,415.806,481.204,2603,2603,2603,2603,0,0,,0,0
03-kernel-udp,511,udp-rr,kernel,udp,1,1,,,59000,0,1,1.000567698,2711,319898000,0.29775919167674586,5418.923687860249,1.14,1.1393531914719077,0.0,3.8264249209435506,210.25451862781262,302.034,380.132,422.015,2711,2711,2711,2711,0,0,,0,0
03-kernel-udp,512,udp-rr,kernel,udp,1,1,,,59000,1000,1,1.00021717,250,29500000,0.027468050714582932,499.8914385762844,0.05,0.04998914385762844,0.0,1.8199013966101696,100.0,481.975,554.744,571.349,250,250,250,250,0,0,,0,0
03-kernel-udp,513,udp-rr,kernel,udp,1,1,,,59000,100,1,1.000277261,25,2950000,0.0027466400589462783,49.986140792617704,0.17,0.1699528786949002,0.0,61.87664748474577,3400.0,650.429,696.658,705.392,25,25,25,25,0,0,,0,0
03-kernel-udp,514,udp-rr,kernel,udp,1,1,,,59000,100,2,1.000266625,25,2950000,0.0027466692644230344,49.98667230349707,0.1,0.09997334460699416,0.0,36.39802793220339,2000.0,691.35,722.577,731.12,25,25,25,25,0,0,,0,0
03-kernel-udp,515,udp-rr,kernel,udp,1,1,,,59000,1000,2,1.000178923,250,29500000,0.027469101097181006,499.91055450385653,0.21,0.20996243289161973,0.0,7.643585865762711,420.0,577.418,604.86,619.161,250,250,250,250,0,0,,0,0
03-kernel-udp,516,udp-rr,kernel,udp,1,1,,,59000,0,2,1.000270661,2628,310104000,0.2887287080777013,5254.577790720586,1.19,1.1896780005626897,0.0,4.120400802827438,226.40791476407915,305.259,422.426,484.66,2628,2628,2628,2628,0,0,,0,0
03-kernel-udp,523,udp-rr,kernel,udp,64,64,,,0,100,0,1.000311652,100,0,0.0,199.93768901934175,0.05,0.049984422254835445,0.0,,250.0,305.059,436.808,2528.805,100,100,100,100,0,0,,0,0
03-kernel-udp,524,udp-rr,kernel,udp,64,64,,,0,1000,0,1.000268427,1000,0,0.0,1999.4632900674371,0.09,0.08997584805303467,0.0,,45.0,230.016,318.98,359.171,1000,1000,1000,1000,0,0,,0,0
03-kernel-udp,525,udp-rr,kernel,udp,64,64,,,0,0,0,1.000247526,29812,0,0.0,59609.24516198203,3.04,3.0392477071720343,0.0,,50.98618006172011,134.082,200.862,243.716,29812,29812,29812,29812,0,0,,0,0
03-kernel-udp,527,udp-rr,kernel,udp,64,64,,,0,0,1,1.000186924,30754,0,0.0,61496.50482733165,3.11,3.1094187750049005,0.0,,50.56252845158353,127.212,193.161,220.943,30754,30754,30754,30754,0,0,,0,0
03-kernel-udp,528,udp-rr,kernel,udp,64,64,,,0,1000,1,1.000244601,1000,0,0.0,1999.510917630037,0.02,0.01999510917630037,0.0,,10.0,247.032,357.057,387.833,1000,1000,1000,1000,0,0,,0,0
03-kernel-udp,529,udp-rr,kernel,udp,64,64,,,0,100,1,1.000256209,100,0,0.0,199.94877132524752,0.04,0.039989754265049506,0.0,,200.0,302.385,417.338,452.321,100,100,100,100,0,0,,0,0
03-kernel-udp,530,udp-rr,kernel,udp,64,64,,,0,100,2,1.000285232,100,0,0.0,199.94296986681894,0.09,0.08997433644006853,0.0,,450.0,305.95,449.015,495.866,100,100,100,100,0,0,,0,0
03-kernel-udp,531,udp-rr,kernel,udp,64,64,,,0,1000,2,1.000293875,1000,0,0.0,1999.4124226742863,0.98,0.9797120871104003,0.0,,490.0,238.208,339.2,374.995,1000,1000,1000,1000,0,0,,0,0
03-kernel-udp,532,udp-rr,kernel,udp,64,64,,,0,0,2,1.000175347,28691,0,0.0,57371.940002436386,3.0,2.99947405122354,0.0,,52.281203164755496,139.499,208.664,247.232,28691,28691,28691,28691,0,0,,0,0
03-kernel-udp,534,udp-rr,kernel,udp,64,64,,,64,100,0,1.000309279,100,12800,1.1917243202017847e-05,199.93816332478505,0.05,0.049984540831196266,0.0,4194.304,250.0,396.346,601.425,2429.466,100,100,100,100,0,0,,0,0
03-kernel-udp,535,udp-rr,kernel,udp,64,64,,,64,1000,0,1.000273955,1000,128000,0.00011917664051422918,1999.452240061574,0.05,0.04998630600153935,0.0,419.4304,25.0,301.493,460.873,515.726,1000,1000,1000,1000,0,0,,0,0
03-kernel-udp,536,udp-rr,kernel,udp,64,64,,,64,0,0,1.000223379,24905,3187840,0.002968244312815855,49798.875976883166,3.2,3.199285346838509,0.0,1077.8376069062438,64.24412768520378,153.661,268.855,325.64,24905,24905,24905,24905,0,0,,0,0
03-kernel-udp,537,udp-rr,kernel,udp,64,64,,,64,0,1,1.000169779,24403,3123584,0.0029085704787204084,48797.715172715696,3.28,3.279443219409652,0.0,1127.5103159447608,67.20485186247592,152.049,268.323,337.979,24403,24403,24403,24403,0,0,,0,0
03-kernel-udp,538,udp-rr,kernel,udp,64,64,,,64,1000,1,1.000338583,1000,128000,0.00011916894097323971,1999.3230631992928,0.96,0.9596750703356605,0.0,8053.063679999999,480.0,372.2,504.049,547.584,1000,1000,1000,1000,0,0,,0,0
03-kernel-udp,539,udp-rr,kernel,udp,64,64,,,64,100,1,1.000301537,100,12800,1.1917335437502308e-05,199.93971077943073,0.09,0.08997286985074382,0.0,7549.7472,450.0,432.01,569.777,614.695,100,100,100,100,0,0,,0,0
03-kernel-udp,540,udp-rr,kernel,udp,64,64,,,64,100,2,1.000258903,100,12800,1.191784338967101e-05,199.9482328026827,0.05,0.049987058200670675,0.0,4194.304,250.0,349.115,501.655,2062.443,100,100,100,100,0,0,,0,0
03-kernel-udp,541,udp-rr,kernel,udp,64,64,,,64,1000,2,1.000290881,1000,128000,0.00011917462391700165,1999.4184071743027,0.05,0.04998546017935757,0.0,419.4304,25.0,307.793,445.7,504.58,1000,1000,1000,1000,0,0,,0,0
03-kernel-udp,542,udp-rr,kernel,udp,64,64,,,64,0,2,1.000268738,25387,3249536,0.0030255531527225276,50760.358762706834,3.23,3.229132209468292,0.0,1067.2865576870051,63.6152361444834,143.596,269.986,326.771,25387,25387,25387,25387,0,0,,0,0
03-kernel-udp,544,udp-rr,kernel,udp,64,64,,,1431,100,0,1.000275658,100,286200,0.0002664710659738457,199.94488359327843,0.06,0.05998346507798353,0.0,225.10310775681342,300.0,434.333,613.964,2559.2,100,100,100,100,0,0,,0,0
03-kernel-udp,545,udp-rr,kernel,udp,64,64,,,1431,1000,0,1.000254326,1000,2862000,0.002664767488893119,1999.4914773305363,0.3,0.2999237215995804,0.0,112.55155387840671,150.0,300.422,479.952,519.582,1000,1000,1000,1000,0,0,,0,0
03-kernel-udp,546,udp-rr,kernel,udp,64,64,,,1431,0,0,1.000196368,24947,71398314,0.06648180671826272,49884.20433856245,3.18,3.179375672357971,0.0,47.82324412198305,63.735118451116364,147.011,267.382,331.208,24947,24947,24947,24947,0,0,,0,0
03-kernel-udp,547,udp-rr,kernel,udp,64,64,,,1431,0,1,1.000210941,27732,79368984,0.07390253744834283,55452.302835787516,3.36,3.359291387715384,0.0,45.45569751327546,60.57983556901774,128.814,236.977,280.813,27732,27732,27732,27732,0,0,,0,0
03-kernel-udp,548,udp-rr,kernel,udp,64,64,,,1431,1000,1,1.00028344,1000,2862000,0.00266468992883607,1999.4332806309378,0.37,0.36989515691672353,0.0,138.8135831167016,185.0,327.593,444.218,476.887,1000,1000,1000,1000,0,0,,0,0
03-kernel-udp,549,udp-rr,kernel,udp,64,64,,,1431,100,1,1.00027041,100,286200,0.00026647246403595,199.94593262036014,0.05,0.049986483155090036,0.0,187.58592313067786,250.0,444.689,574.234,618.931,100,100,100,100,0,0,,0,0
03-kernel-udp,550,udp-rr,kernel,udp,64,64,,,1431,100,2,1.000253454,100,286200,0.0002664769811981573,199.9493220445305,0.11,0.10997212712449178,0.0,412.68903088749124,550.0,458.339,610.859,633.113,100,100,100,100,0,0,,0,0
03-kernel-udp,551,udp-rr,kernel,udp,64,64,,,1431,1000,2,1.000290781,1000,2862000,0.0026646703730337585,1999.4186070580213,0.56,0.559837209976246,0.0,210.0962339063592,280.0,270.117,414.143,468.225,1000,1000,1000,1000,0,0,,0,0
03-kernel-udp,552,udp-rr,kernel,udp,64,64,,,1431,0,2,1.00019117,24099,68971338,0.06422228670628476,48188.787749445946,3.25,3.2493788162516974,0.0,50.59581311877696,67.43018382505498,152.66,274.984,329.156,24099,24099,24099,24099,0,0,,0,0
03-kernel-udp,554,udp-rr,kernel,udp,64,64,,,59000,100,0,1.000302829,100,11800000,0.010986279416453242,199.93945253552812,0.12,0.11996367152131687,0.0,10.919408379661016,600.0,538.37,756.468,794.896,100,100,100,100,0,0,,0,0
03-kernel-udp,555,udp-rr,kernel,udp,64,64,,,59000,1000,0,1.000306624,1000,118000000,0.1098623773630299,1999.3869399789157,0.86,0.8597363841909338,0.0,7.825576005423729,430.0,543.528,788.767,871.18,1000,1000,1000,1000,0,0,,0,0
03-kernel-udp,556,udp-rr,kernel,udp,64,64,,,59000,0,0,1.000291932,10803,1274754000,1.1868606946650646,21599.69435802667,3.2,3.1990660902381443,0.0,2.695401494562873,148.10700731278348,266.16,570.339,699.222,10803,10803,10803,10803,0,0,,0,0
03-kernel-udp,557,udp-rr,kernel,udp,64,64,,,59000,0,1,1.000346274,12867,1518306000,1.4135431797231133,25725.092069468737,3.48,3.478795383607337,0.0,2.4610464211562095,135.22965726276522,218.359,466.762,660.935,12867,12867,12867,12867,0,0,,0,0
03-kernel-udp,558,udp-rr,kernel,udp,64,64,,,59000,1000,1,1.000275518,1000,118000000,0.10986579380085004,1999.449115778519,0.6,0.5998347347335556,0.0,5.459704189830508,300.0,471.189,709.818,783.559,1000,1000,1000,1000,0,0,,0,0
03-kernel-udp,559,udp-rr,kernel,udp,64,64,,,59000,100,1,1.000295598,100,11800000,0.010986358834763808,199.9408978704713,0.12,0.11996453872228278,0.0,10.919408379661016,600.0,614.835,843.239,935.067,100,100,100,100,0,0,,0,0
03-kernel-udp,560,udp-rr,kernel,udp,64,64,,,59000,100,2,1.000335729,100,11800000,0.01098591808916849,199.93287673522659,0.1,0.09996643836761329,0.0,9.099506983050848,500.0,664.029,900.465,16091.07,100,100,100,100,0,0,,0,0
03-kernel-udp,561,udp-rr,kernel,udp,64,64,,,59000,1000,2,1.000198773,1000,118000000,0.10987422377554394,1999.602533005707,0.92,0.9198171651826252,0.0,8.37154642440678,460.0,423.577,650.399,740.945,1000,1000,1000,1000,0,0,,0,0
03-kernel-udp,562,udp-rr,kernel,udp,64,64,,,59000,0,2,1.000351672,10536,1243248000,1.1574578827170134,21064.592172741424,3.17,3.168885591666207,0.0,2.7377977540120715,150.43659832953682,274.383,586.412,702.567,10536,10536,10536,10536,0,0,,0,0
