kind,variant,population,eligible_active,payload,target_per_s,repeats,application_GiB_per_s_median,application_GiB_per_s_min,application_GiB_per_s_max,delivered_datagrams_per_s_median,delivered_datagrams_per_s_min,delivered_datagrams_per_s_max,vm_mean_busy_cores_median,vm_mean_busy_cores_min,vm_mean_busy_cores_max,vm_core_seconds_per_delivered_GiB_median,vm_core_seconds_per_delivered_GiB_min,vm_core_seconds_per_delivered_GiB_max,vm_cpu_us_per_delivered_datagram_median,vm_cpu_us_per_delivered_datagram_min,vm_cpu_us_per_delivered_datagram_max,p95_us_median,p95_us_min,p95_us_max,p99_us_median,p99_us_min,p99_us_max,loss_host_guest_median,loss_host_guest_min,loss_host_guest_max,loss_guest_host_median,loss_guest_host_min,loss_guest_host_max,participating_peers_median,participating_peers_min,participating_peers_max,maximum_inflight_datagrams_median,maximum_inflight_datagrams_min,maximum_inflight_datagrams_max
tcp-rr,aya,1,1,64,0,3,0.0011594857555635133,0.0011485590798910403,0.0011871709818694184,19452.942970012264,19269.62377209324,19917.423991755317,1.1298224484022334,1.0297661349619196,1.1397381463006253,960.0454894086938,896.57219466639,974.4168421052631,57.22317036442124,53.439867178582546,58.0797697368421,132.6,124.768,144.297,157.678,141.633,166.26,0,0,0,0,0,0,,,,,,
tcp-rr,aya,1,1,64,100,3,2.979202048576346e-06,2.9791326438898042e-06,2.9792129963776364e-06,49.982716276607846,49.981551859190326,49.982899950234824,0.059977862231028384,0.029989629765964705,0.12995553987061054,20132.6592,10066.3296,43620.7616,1200.0,600.0,2600.0,484.108,445.14,511.37,510.248,474.023,517.9,0,0,0,0,0,0,,,,,,
tcp-rr,aya,1,1,64,1000,3,2.9794956001953212e-05,2.979457237250264e-05,2.979518274682479e-05,499.87641255526546,499.8699763211093,499.8802167029528,0.23994250401741732,0.09997528251105309,0.28992458626624334,8053.063679999999,3355.4432,9730.78528,480.0,200.0,580.0,387.903,311.91,417.709,427.704,325.4,443.287,0,0,0,0,0,0,,,,,,
tcp-rr,aya,1,1,1024,0,3,0.017199842492548596,0.01685749216248359,0.018400492261580435,18035.342041466636,17676.361701768394,19294.314573678967,1.1297841987904047,1.0699008383805964,1.1598290701907805,63.46737866274466,61.39967250492278,67.43254019292604,60.52720896028963,58.55529070369987,64.30868167202573,140.631,140.551,149.234,161.724,159.71,168.663,0,0,0,0,0,0,,,,,,
tcp-rr,aya,1,1,1024,100,3,4.7666809022820626e-05,4.7665531563017804e-05,4.766685867407671e-05,49.98227193791316,49.98093242422296,49.98232400102866,0.07997163510066106,0.039985859200822926,0.13994661078782428,1677.7216,838.8608,2936.0128000000004,1600.0,800.0,2800.0,402.045,366.141,486.922,402.445,372.911,497.729,0,0,0,0,0,0,,,,,,
tcp-rr,aya,1,1,1024,1000,3,0.00047670696285767106,0.00047668919864275825,0.0004767418460662921,499.8634802854453,499.8448531560289,499.9000579808083,0.14995904408563357,0.06997827944184405,0.24995002899040414,314.5728,146.80064000000002,524.288,300.0,140.0,500.0,336.757,323.596,396.397,358.209,336.135,410.467,0,0,0,0,0,0,,,,,,
tcp-rr,aya,1,1,65536,0,3,0.27554790796454726,0.271899837123221,0.28852348247265414,4514.576924091142,4454.806931426853,4727.168736831965,1.08980835937962,1.0696628230242522,1.1296974489480125,3.8819486271036316,3.7771912013536384,4.154829443447038,236.93534100974313,230.5414551607445,253.59066427289048,484.97,371.99,498.39,538.651,474.013,598.771,0,0,0,0,0,0,,,,,,
tcp-rr,aya,1,1,65536,100,3,0.003050585313933419,0.0030505723966735214,0.003050705648527468,49.980789783485136,49.980578147098974,49.98276134547404,0.06997586588366365,0.04998057814709898,0.11995389548036432,22.937600000000003,16.384,39.3216,1400.0,1000.0,2400.0,767.785,626.933,961.136,783.498,627.675,962.909,0,0,0,0,0,0,,,,,,
tcp-rr,aya,1,1,65536,1000,3,0.030509928340157345,0.030508646017179612,0.030511308569781157,499.87466592513795,499.85365634547077,499.8972796072945,0.25993482628107173,0.059982438761456494,0.30993631335652255,8.519680000000001,1.9660799999999998,10.15808,520.0,120.0,620.0,725.872,672.442,733.984,808.276,726.443,810.119,0,0,0,0,0,0,,,,,,
tcp-rr,aya,64,64,64,0,3,0.005456631685186031,0.00496541387967927,0.006898650594508236,91547.08841481004,83305.82118877712,115740.15113259309,3.469359101823761,3.3095161685932486,4.019380151289968,635.8059883797126,582.6328056808168,666.5136580330781,37.89699008343891,34.72762141709428,39.7273098250078,150.877,82.534,167.222,191.248,141.623,215.515,0,0,0,0,0,0,,,,,,
tcp-rr,aya,64,64,64,100,3,1.1917417166339799e-05,1.1917009355365071e-05,1.1917505341813552e-05,199.94108196179073,199.93424002898055,199.9425613007598,0.03998684800579611,0.029991162294268608,0.14995692097556984,3355.4432,2516.5824,12582.912,200.0,150.0,750.0,413.533,394.584,475.615,457.919,444.018,514.464,0,0,0,0,0,0,,,,,,
tcp-rr,aya,64,64,64,1000,3,0.00011917219100937564,0.00011916766202225132,0.00011917536378079841,1999.377589757553,1999.3016059623071,1999.4308200290316,0.6798064788098708,0.2899097505148452,0.8097171504147344,5704.25344,2432.69632,6794.7724800000005,340.0,145.0,405.0,390.738,357.848,398.259,437.308,425.641,455.165,0,0,0,0,0,0,,,,,,
tcp-rr,aya,64,64,1024,0,3,0.10657647574801128,0.10636283821190297,0.10735299753220257,111753.53463394668,111529.51944088437,112567.77674032684,4.009191883228865,3.999196057613322,4.039346082380762,37.62676567246372,37.5241912396221,37.693539873780836,35.88368003126499,35.785857429144,35.94736087205967,86.11,85.739,86.59,135.524,133.521,155.884,0,0,0,0,0,0,,,,,,
tcp-rr,aya,64,64,1024,100,3,0.00019066514009016128,0.00019066182264361348,0.000190676968033446,199.92688993518095,199.92341134034965,199.93929243263867,0.0599817877297916,0.04998172248379524,0.07996936453613986,314.5728,262.144,419.4304,300.0,250.0,400.0,417.899,272.971,428.214,2622.736,514.714,2722.215,0,0,0,0,0,0,,,,,,
tcp-rr,aya,64,64,1024,1000,3,0.0019066432320159511,0.0019066417244201122,0.0019067570804958472,1999.260333654358,1999.2587528255435,1999.3797124380135,0.049981468820638586,0.03998520667308716,0.899720870597106,26.2144,20.97152,471.8592,25.0,20.0,450.0,337.238,312.139,387.884,397.588,376.887,442.326,0,0,0,0,0,0,,,,,,
tcp-rr,aya,64,64,65536,0,3,1.9109305961114502,1.8835932070533916,1.9287418853564295,31308.68688669,30860.79110436277,31600.50704967974,3.98906817760812,3.9888134835523696,4.108765706238018,2.1177970714008034,2.087367009387573,2.1302828218918064,129.26007515874045,127.4027715690657,130.02214489085733,213.771,213.701,218.028,462.667,347.353,533.363,0,0,0,0,0,0,,,,,,
tcp-rr,aya,64,64,65536,100,3,0.012203307142352753,0.012203053249889387,0.012203670517787117,199.9389842203075,199.93482444618772,199.94493776342412,0.059981695266092254,0.04998623444085604,0.18993808322387834,4.9152,4.096,15.5648,300.0,250.0,950.0,938.592,869.098,976.009,973.354,940.004,1023.45,0,0,0,0,0,0,,,,,,
tcp-rr,aya,64,64,65536,1000,3,0.12203667943522101,0.12202665599949632,0.12204042833827237,1999.448955866661,1999.2847318957477,1999.5103778942546,0.4698319119955007,0.059985311336827635,1.0597079466093304,3.85024,0.49151999999999996,8.68352,235.0,30.0,530.0,678.051,671.23,706.233,784.551,765.411,816.359,0,0,0,0,0,0,,,,,,
tcp-rr,kernel,1,1,64,0,3,0.0008348028084054674,0.0008213892782497603,0.0008356711155400675,14005.667034025142,13780.62534128033,14020.234810376669,1.1098892852141322,1.0698217965738794,1.1298577475200138,1351.2342011319113,1281.5263506567676,1352.0363771216657,80.5398345668263,76.38492290119932,80.58764798174298,175.173,165.549,176.025,223.226,182.705,233.591,0,0,0,0,0,0,,,,,,
tcp-rr,kernel,1,1,64,100,3,2.9793037625863512e-06,2.979134255006775e-06,2.9794521973281056e-06,49.98442275452393,49.98157888924774,49.98691307624825,0.10997120876774615,0.09996884550904787,0.14994473666774322,36909.8752,33554.432,50331.648,2200.0,2000.0,3000.0,528.455,437.919,535.015,536.037,438.64,572.261,0,0,0,0,0,0,,,,,,
tcp-rr,kernel,1,1,64,1000,3,2.9794547947326676e-05,2.9792713075812555e-05,2.9797004158799044e-05,499.86956653465626,499.8387824989316,499.91077492506986,0.2799269572594075,0.07997420519982906,0.33993932694904755,9395.240960000001,2684.35456,11408.50688,560.0,160.0,680.0,453.983,415.525,478.9,465.21,448.144,489.086,0,0,0,0,0,0,,,,,,
tcp-rr,kernel,1,1,1024,0,3,0.013053550267697247,0.012974356545991477,0.013135956989767867,13687.639525500908,13604.59888956956,13774.049236502831,1.089887754639925,1.0798470655794903,1.1098086101757494,84.00322210789358,82.20543554006969,85.01967567567569,80.11171541966779,78.397212543554,81.08108108108108,173.711,170.637,175.965,198.578,195.194,207.763,0,0,0,0,0,0,,,,,,
tcp-rr,kernel,1,1,1024,100,3,4.76710251260296e-05,4.766636855113931e-05,4.7674921179927515e-05,49.98669284255161,49.98181006987945,49.990778151163674,0.07997870854808257,0.05998893378139641,0.12995270618168658,1677.7216,1258.2912,2726.2976,1600.0,1200.0,2600.0,435.065,365.75,471.109,444.949,366.852,472.03,0,0,0,0,0,0,,,,,,
tcp-rr,kernel,1,1,1024,1000,3,0.0004767207234569071,0.0004766939426584624,0.00047674565068944036,499.8779093195498,499.84982761703986,499.9040474173306,0.09998080948346612,0.06997897586638559,0.10997314005030097,209.7152,146.80064000000002,230.68672,200.0,140.0,220.0,345.249,321.775,366.271,370.918,332.551,392.21,0,0,0,0,0,0,,,,,,
tcp-rr,kernel,1,1,65536,0,3,0.002926949134198518,0.0029267067985048376,0.002931451677637667,47.95513461470852,47.95116418670326,48.02890428641554,0.07992522435784753,0.07672186269872522,0.08645202771554797,27.30666666666667,26.2144,29.4912,1666.6666666666667,1600.0,1800.0,43884.388,43870.256,43888.284,43888.915,43881.003,43914.903,0,0,0,0,0,0,,,,,,
tcp-rr,kernel,1,1,65536,100,3,0.0028456519103190366,0.0028373712514542003,0.0028465947114955253,46.623160898667095,46.48749058382562,46.638607753142686,0.06799210964388952,0.038865506460952236,0.0774791509730427,23.893333333333334,13.653333333333334,27.30666666666667,1458.3333333333333,833.3333333333334,1666.6666666666667,42991.094,42920.918,43724.177,42991.474,42959.456,43838.86,0,0,0,0,0,0,,,,,,
tcp-rr,kernel,1,1,65536,1000,3,0.002929623963252965,0.002927709217604572,0.0029402416842899104,47.99895901393658,47.96758782123331,48.17291975540589,0.07707667160864944,0.009599791802787316,0.07994597970205551,26.2144,3.2768,27.30666666666667,1600.0,200.0,1666.6666666666667,43919.571,42901.399,43924.448,43923.927,43570.215,43942.045,0,0,0,0,0,0,,,,,,
tcp-rr,kernel,64,64,64,0,3,0.0033884353311365383,0.003011290987432136,0.0035045639542663704,56848.51145250923,50521.07933500223,58796.82644654102,3.409004287800607,3.2091792588229144,3.469054845600152,1023.7925492402927,972.7327942326657,1065.7154264455614,61.02279122115926,57.97939266161118,63.521589424941624,247.642,243.606,261.013,303.086,298.049,307.442,0,0,0,0,0,0,,,,,,
tcp-rr,kernel,64,64,64,100,3,1.191741466441998e-05,1.191650064044213e-05,1.1917625139119433e-05,199.9410399865415,199.92570520883595,199.94457116603678,0.04998142630220899,0.0399882079973083,0.0499861427915092,4194.304,3355.4432,4194.304,250.0,200.0,250.0,580.754,543.458,624.72,2303.235,1660.258,3925.486,0,0,0,0,0,0,,,,,,
tcp-rr,kernel,64,64,64,1000,3,0.00011917948645578274,0.00011917546028544916,0.0001191818467387512,1999.4999870377414,1999.4324391084021,1999.5395860149245,0.049988489650373114,0.029991486586626034,0.18995249876858544,419.4304,251.65823999999998,1593.83552,25.0,15.0,95.0,452.711,404.589,454.474,497.819,488.114,508.004,0,0,0,0,0,0,,,,,,
tcp-rr,kernel,64,64,1024,0,3,0.04500800624866232,0.04445782231840144,0.05438880455095323,47194.315160197344,46617.40549534011,57030.79512082034,3.13935576652444,3.139286550042205,3.4489595282364007,69.75105160579612,63.41304164913757,70.61269280260788,66.51978645877467,60.475389145982334,67.3415115381316,272.67,248.183,273.181,319.29,312.93,344.588,0,0,0,0,0,0,,,,,,
tcp-rr,kernel,64,64,1024,100,3,0.0001906803776980854,0.0001906638213694163,0.0001906898454132347,199.9428677251476,199.92550715625705,199.95279534402798,0.039990559068805595,0.02999143015877214,0.07997020286250282,209.7152,157.2864,419.4304,200.0,150.0,400.0,596.948,562.637,1788.07,761.195,625.521,1888.632,0,0,0,0,0,0,,,,,,
tcp-rr,kernel,64,64,1024,1000,3,0.0019068620645400775,0.0019068243590822677,0.0019068750470464407,1999.4897961871764,1999.450259149048,1999.5034093317686,0.04998758523329422,0.019994897961871764,0.8997526166170716,26.2144,10.48576,471.8592,25.0,10.0,450.0,453.042,417.017,512.161,494.274,451.119,553.843,0,0,0,0,0,0,,,,,,
tcp-rr,kernel,64,64,65536,0,3,0.10014033626015732,0.09899166165742461,0.10092604052638875,1640.6992692864176,1621.8793845952448,1653.5722479843532,0.4827021977962038,0.41213737625615754,0.5235324321575312,4.876190476190477,4.115598086124402,5.187287933094385,297.6190476190476,251.19617224880383,316.60692951015534,42577.762,42563.761,42579.485,43634.913,43617.206,43636.615,0,0,0,0,0,0,,,,,,
tcp-rr,kernel,64,64,65536,100,3,0.012202961623313432,0.012202919098119396,0.012203436154319246,199.93332323636727,199.93262650358818,199.94109795236653,0.11995999394182037,0.09997054897618328,0.15994610120287056,9.8304,8.192,13.1072,600.0,500.0,800.0,3563.892,2992.323,3642.901,3669.161,3011.321,3755.891,0,0,0,0,0,0,,,,,,
tcp-rr,kernel,64,64,65536,1000,3,0.12204265470542004,0.12203485271081296,0.12204473948937687,1999.546854693602,1999.4190268139596,1999.5810117939507,0.2899342939305723,0.20995600623836483,0.7797734204574442,2.37568,1.7203199999999998,6.38976,145.0,105.0,390.0,3091.121,2732.541,3112.663,3158.512,2795.617,3174.987,0,0,0,0,0,0,,,,,,
udp-rr,aya,1,1,0,0,3,0.0,0.0,0.0,20765.24397452397,19653.06426456629,20972.623931862567,1.0698580052359712,1.0198476571966635,1.099822955999658,,,,51.89255189255189,51.52157164869029,52.44088482074752,129.185,108.032,145.099,146.911,123.005,189.565,0,0,0,0,0,0,,,,,,
udp-rr,aya,1,1,0,100,3,0.0,0.0,0.0,49.98360452799354,49.98142375410328,49.98425510959324,0.029990162716796123,0.02998885425246197,0.04998425510959324,,,,600.0,600.0,1000.0,455.516,447.824,472.131,458.73,452.841,481.294,0,0,0,0,0,0,,,,,,
udp-rr,aya,1,1,0,1000,3,0.0,0.0,0.0,499.8841858320581,499.87445603049343,499.9005482852225,0.23993973889463685,0.14996525574961742,0.3599283947653602,,,,480.0,300.0,720.0,277.568,268.264,285.61,297.798,295.555,304.228,0,0,0,0,0,0,,,,,,
udp-rr,aya,1,1,64,0,3,0.0011667079548768658,0.0011164037006475116,0.0012015454419381964,19574.11136788743,18730.14602896264,20158.58741321258,1.0497839932961874,0.9998307416532377,1.1197775427538015,940.3265079534536,832.120622954072,959.7753560118501,56.04782747944913,49.59825414145422,57.20706915926039,137.878,127.362,138.078,152.39,149.976,168.523,0,0,0,0,0,0,,,,,,
udp-rr,aya,1,1,64,100,3,2.979180933484999e-06,2.9791401306847237e-06,2.9793420620102172e-06,49.982362024159464,49.98167746676584,49.98506531223081,0.05997801296011901,0.019992944809663786,0.11996415674935394,20132.6592,6710.8864,40265.3184,1200.0,400.0,2400.0,426.422,406.742,460.993,432.721,425.791,461.484,0,0,0,0,0,0,,,,,,
udp-rr,aya,1,1,64,1000,3,2.97939993445964e-05,2.9792698482097338e-05,2.9797520070373173e-05,499.86036250815226,499.8385376570192,499.9194304849859,0.0699773952719827,0.059983243500978264,0.06998872026789803,2348.8102400000002,2013.2659199999998,2348.8102400000002,140.0,120.0,140.0,312.66,278.519,348.193,322.566,284.418,371.969,0,0,0,0,0,0,,,,,,
udp-rr,aya,1,1,1431,0,3,0.024104296552119923,0.018208837752906947,0.024195186904342678,18086.506880580124,13662.88655606315,18154.705883081635,1.1097856626558287,1.0498095152128932,1.1297425587846741,46.04098942510833,43.38918807957082,62.04363914464099,61.359867330016584,57.82575173477255,82.68696033952875,148.544,145.228,177.918,175.905,159.71,195.283,0,0,0,0,0,0,,,,,,
udp-rr,aya,1,1,1431,100,3,6.66149238856379e-05,6.661046833098158e-05,6.661672529459298e-05,49.9840879654689,49.98074476813584,49.985439641316,0.07997454074475024,0.0199941758565264,0.12994993639715322,1200.5499080363381,300.13747700908453,1950.8936005590497,1600.0,400.0,2600.0,437.308,395.334,466.091,445.921,397.077,493.222,0,0,0,0,0,0,,,,,,
udp-rr,aya,1,1,1431,1000,3,0.0006661932062689894,0.0006661752833483044,0.0006662427102687043,499.8738703254179,499.86042197493026,499.9110153393585,0.06998234184555852,0.06998045907649024,0.25995372797646643,105.0481169531796,105.0481169531796,390.1787201118099,140.0,140.0,520.0,376.928,228.423,377.047,391.519,241.504,409.516,0,0,0,0,0,0,,,,,,
udp-rr,aya,1,1,59000,0,3,0.3494610993104608,0.34597742356172534,0.3669027562424518,6359.847426960328,6296.44796335572,6677.268385057586,1.0397437094140918,1.0296515010639953,1.0498849662040228,2.946398048582953,2.861480183349323,3.005235713678273,161.89877397044955,157.23270440251574,165.1317878691648,278.94,264.808,308.124,334.863,294.173,389.576,0,0,0,0,0,0,,,,,,
udp-rr,aya,1,1,59000,100,3,0.002746472924732676,0.0027463985197451,0.0027465461503585788,49.98309911473014,49.98174501732209,49.98443174891862,0.05997809402078651,0.04998309911473014,0.10996574984762096,21.838816759322032,18.199013966101695,40.03783072542373,1200.0,1000.0,2200.0,677.46,647.865,680.524,694.275,688.236,748.006,0,0,0,0,0,0,,,,,,
udp-rr,aya,1,1,59000,1000,3,0.027466066502460938,0.027465254727155435,0.027466619520119286,499.8553278721646,499.8405543620424,499.8653922482523,0.08997395901698962,0.03998724434896339,0.09997307844965046,3.275822513898305,1.4559211172881357,3.639802793220339,180.0,80.0,200.0,537.118,514.574,563.839,567.233,565.792,621.224,0,0,0,0,0,0,,,,,,
udp-rr,aya,64,64,0,0,3,0.0,0.0,0.0,101128.22903969554,68695.04775483097,114807.4510193686,3.7193464104133374,3.0394269251715396,4.029348994200403,,,,36.778518181638425,35.09658091373034,44.245211620189785,133.26,78.789,185.81,162.955,141.072,229.155,0,0,0,0,0,0,,,,,,
udp-rr,aya,64,64,0,100,3,0.0,0.0,0.0,199.92748450202376,199.92696408097066,199.92898362558432,0.0299890446121456,0.019992898362558433,0.0799709938008095,,,,150.0,100.0,400.0,471.99,444.789,472.511,499.902,487.423,506.712,0,0,0,0,0,0,,,,,,
udp-rr,aya,64,64,0,1000,3,0.0,0.0,0.0,1999.3755690179132,1999.3247660474383,1999.4461534155037,0.6298255383258837,0.03998751138035827,1.0096590068539564,,,,315.0,20.0,505.0,281.723,236.045,337.428,314.954,289.956,371.569,0,0,0,0,0,0,,,,,,
udp-rr,aya,64,64,64,0,3,0.006807196631617826,0.006780116656001954,0.00686558170499954,114205.8082431247,113751.48164294248,115185.34723042556,3.9994329723914728,3.999208312723205,4.059342642230545,589.8435846502716,587.5301080352297,591.2598257004964,35.157417336122485,35.01952338428674,35.241831880837466,79.169,78.438,80.321,144.247,128.223,145.499,0,0,0,0,0,0,,,,,,
udp-rr,aya,64,64,64,100,3,1.1917054089189863e-05,1.1916834926439147e-05,1.19172387940028e-05,199.9349905380216,199.9313135972137,199.93808937056448,0.06997724668830757,0.029990713405584672,0.07997252543888547,5872.025600000001,2516.5824,6710.8864,350.0,150.0,400.0,414.013,356.426,431.469,440.633,419.841,478.821,0,0,0,0,0,0,,,,,,
udp-rr,aya,64,64,64,1000,3,0.0001191734450386763,0.00011916694750849338,0.0001191796487378826,1999.3986288780006,1999.2896184106553,1999.5027096795839,0.16995773032276465,0.06997513664437295,0.9996993144390003,1426.06336,587.2025600000001,8388.608,85.0,35.0,500.0,306.471,279.26,314.253,344.188,330.217,383.588,0,0,0,0,0,0,,,,,,
udp-rr,aya,64,64,1431,0,3,0.1493794659137917,0.14907422412429938,0.15024871748131494,112085.94004082498,111856.90378938506,112738.17747173151,4.029291537727505,3.9993555998296215,4.029312115835585,26.817477082482192,26.773128256715598,27.028898788538445,35.74025789744409,35.681153214871905,36.022024384139584,79.35,79.189,79.95,138.849,117.767,139.56,0,0,0,0,0,0,,,,,,
udp-rr,aya,64,64,1431,100,3,0.000266462605986468,0.00026644924100440993,0.00026646784047036913,199.93853569511074,199.9285073651228,199.94246335708957,0.03998770713902215,0.02998927610476842,0.05998273900712687,150.06873850454227,112.55155387840671,225.10310775681342,200.0,150.0,300.0,435.275,407.933,468.705,518.3,441.494,5967.819,0,0,0,0,0,0,,,,,,
udp-rr,aya,64,64,1431,1000,3,0.002664706312136207,0.0026645871928213005,0.0026648063372189893,1999.4455737368583,1999.3561933102606,1999.5206269268183,0.23994247523121817,0.08997505081815863,0.9696877537554763,90.04124310272536,33.765466163522014,363.916690873515,120.0,45.0,485.0,338.58,249.075,352.51,387.654,306.832,407.583,0,0,0,0,0,0,,,,,,
udp-rr,aya,64,64,59000,0,3,2.3960186601598488,2.3916541699343434,2.40736252076474,43605.17705928936,43525.747640720474,43811.624136867285,3.9990580338772945,3.9890552760280333,4.029184746845878,1.6720887510200013,1.6570230871422063,1.6816165975005695,91.87798603454613,91.0501574551595,92.40152244692072,134.422,133.581,134.652,261.643,254.242,340.363,0,0,0,0,0,0,,,,,,
udp-rr,aya,64,64,59000,100,3,0.010985939109198909,0.010985856171698881,0.010986166567765613,199.93325927905374,199.93174989833244,199.9373988006859,0.12995563743391608,0.03998747976013718,0.1699432703871957,11.829359077966101,3.639802793220339,15.469161871186442,650.0,200.0,850.0,695.796,626.923,700.744,821.155,767.275,856.829,0,0,0,0,0,0,,,,,,
udp-rr,aya,64,64,59000,1000,3,0.10986024024790571,0.10985748383373876,0.10986520640356472,1999.3480465909233,1999.2978825710031,1999.4384257271197,1.0296384095240665,0.28990546675568385,1.0297107892494668,9.372492192542373,2.6388570250847456,9.372492192542373,515.0,145.0,515.0,483.037,481.895,502.707,633.373,562.797,649.938,0,0,0,0,0,0,,,,,,
udp-rr,kernel,1,1,0,0,3,0.0,0.0,0.0,20074.46916184253,19693.720117103203,20382.24742442669,1.149866883360514,1.0398171096880284,1.1697846309515956,,,,57.392328068282154,51.797987847395156,58.38748984565394,123.656,121.152,131.988,158.348,140.06,164.517,0,0,0,0,0,0,,,,,,
udp-rr,kernel,1,1,0,100,3,0.0,0.0,0.0,49.987089284592486,49.98527548750272,49.98735200024749,0.08997676071226647,0.07997644078000435,0.12996711520064347,,,,1800.0,1600.0,2600.0,409.636,374.343,455.225,411.85,387.973,458.19,0,0,0,0,0,0,,,,,,
udp-rr,kernel,1,1,0,1000,3,0.0,0.0,0.0,499.90637003642405,499.9046481874047,499.90805191201184,0.10997977142064261,0.019996185927496187,0.12997565620947027,,,,220.0,40.0,260.0,247.282,237.518,282.535,255.164,253.731,297.918,0,0,0,0,0,0,,,,,,
udp-rr,kernel,1,1,64,0,3,0.0008393163999595046,0.0008182372046571982,0.000844200218027673,14081.392534463,13727.74232177002,14163.329405097364,1.0897982009773268,1.0897945116162733,1.1098174783077002,1298.4354899176371,1290.9194860934633,1356.3517669337218,77.39278614030106,76.94479740223069,80.8448652585579,172.199,161.093,174.062,216.946,192.339,243.857,0,0,0,0,0,0,,,,,,
udp-rr,kernel,1,1,64,100,3,2.979473706476494e-06,2.9793870164668296e-06,2.979512069845665e-06,49.98727393987674,49.98581952285956,49.98791757040781,0.10996880295029103,0.009997583514081561,0.15995927660760556,36909.8752,3355.4432,53687.0912,2200.0,200.0,3200.0,364.418,338.86,489.477,372.971,339.251,489.987,0,0,0,0,0,0,,,,,,
udp-rr,kernel,1,1,64,1000,3,2.979627377391548e-05,2.9796116571720224e-05,2.979645308236715e-05,499.89852110011515,499.8958836849297,499.9015293967395,0.2499492605500576,0.1599666827791775,0.25994879528630455,8388.608,5368.70912,8724.152320000001,500.0,320.0,520.0,359.291,351.789,385.61,402.185,366.061,415.616,0,0,0,0,0,0,,,,,,
udp-rr,kernel,1,1,1431,0,3,0.017827143487691887,0.017659887398733,0.01840609427621378,13376.484671686938,13250.98512030062,13810.896744135389,1.089916524383314,1.0199185258483998,1.1198731374113748,61.71707099681222,55.41200161983534,62.818428436645,82.2517355870812,73.8488271068636,83.71953954253252,182.484,163.145,182.694,203.987,187.552,234.093,0,0,0,0,0,0,,,,,,
udp-rr,kernel,1,1,1431,100,3,6.661419895424418e-05,6.661345326229722e-05,6.661861225007882e-05,49.983544017770114,49.982984492521155,49.986855506462874,0.059984226607755445,0.02999012641066207,0.07997277518803385,900.4124310272537,450.20621551362683,1200.5499080363381,1200.0,600.0,1600.0,457.098,449.566,495.105,499.432,465.941,506.412,0,0,0,0,0,0,,,,,,
udp-rr,kernel,1,1,1431,1000,3,0.0006662089621326309,0.0006661949406030024,0.000666238674246993,499.8856926383215,499.87517167200525,499.90798693592455,0.17995884934979572,0.07998002746752085,0.3099429519002732,270.1237293081761,120.05499080363383,465.21308936408104,360.0,160.0,620.0,385.219,374.133,412.5,399.711,389.766,424.558,0,0,0,0,0,0,,,,,,
udp-rr,kernel,1,1,59000,0,3,0.2887287080777013,0.2859656842197929,0.29775919167674586,5254.577790720586,5204.2934809418375,5418.923687860249,1.1896780005626897,1.1393531914719077,1.229596807829132,4.120400802827438,3.8264249209435506,4.299805451076659,226.40791476407915,210.25451862781262,236.26584709950058,415.806,380.132,422.426,481.204,422.015,484.66,0,0,0,0,0,0,,,,,,
udp-rr,kernel,1,1,59000,100,3,0.0027466692644230344,0.0027466400589462783,0.0027468996047067006,49.98667230349707,49.986140792617704,49.990864269536466,0.09997334460699416,0.04999086426953647,0.1699528786949002,36.39802793220339,18.199013966101695,61.87664748474577,2000.0,1000.0,3400.0,696.658,626.753,722.577,705.392,632.802,731.12,0,0,0,0,0,0,,,,,,
udp-rr,kernel,1,1,59000,1000,3,0.027468621992793138,0.027468050714582932,0.027469101097181006,499.9018352764105,499.8914385762844,499.91055450385653,0.20996243289161973,0.04998914385762844,0.2699469910492617,7.643585865762711,1.8199013966101696,9.827467541694915,420.0,100.0,540.0,604.86,554.744,664.4,619.161,571.349,693.173,0,0,0,0,0,0,,,,,,
udp-rr,kernel,64,64,0,0,3,0.0,0.0,0.0,59609.24516198203,57371.940002436386,61496.50482733165,3.0392477071720343,2.99947405122354,3.1094187750049005,,,,50.98618006172011,50.56252845158353,52.281203164755496,200.862,193.161,208.664,243.716,220.943,247.232,0,0,0,0,0,0,,,,,,
udp-rr,kernel,64,64,0,100,3,0.0,0.0,0.0,199.94296986681894,199.93768901934175,199.94877132524752,0.049984422254835445,0.039989754265049506,0.08997433644006853,,,,250.0,200.0,450.0,436.808,417.338,449.015,495.866,452.321,2528.805,0,0,0,0,0,0,,,,,,
udp-rr,kernel,64,64,0,1000,3,0.0,0.0,0.0,1999.4632900674371,1999.4124226742863,1999.510917630037,0.08997584805303467,0.01999510917630037,0.9797120871104003,,,,45.0,10.0,490.0,339.2,318.98,357.057,374.995,359.171,387.833,0,0,0,0,0,0,,,,,,
udp-rr,kernel,64,64,64,0,3,0.002968244312815855,0.0029085704787204084,0.0030255531527225276,49798.875976883166,48797.715172715696,50760.358762706834,3.229132209468292,3.199285346838509,3.279443219409652,1077.8376069062438,1067.2865576870051,1127.5103159447608,64.24412768520378,63.6152361444834,67.20485186247592,268.855,268.323,269.986,326.771,325.64,337.979,0,0,0,0,0,0,,,,,,
udp-rr,kernel,64,64,64,100,3,1.1917335437502308e-05,1.1917243202017847e-05,1.191784338967101e-05,199.93971077943073,199.93816332478505,199.9482328026827,0.049987058200670675,0.049984540831196266,0.08997286985074382,4194.304,4194.304,7549.7472,250.0,250.0,450.0,569.777,501.655,601.425,2062.443,614.695,2429.466,0,0,0,0,0,0,,,,,,
udp-rr,kernel,64,64,64,1000,3,0.00011917462391700165,0.00011916894097323971,0.00011917664051422918,1999.4184071743027,1999.3230631992928,1999.452240061574,0.04998630600153935,0.04998546017935757,0.9596750703356605,419.4304,419.4304,8053.063679999999,25.0,25.0,480.0,460.873,445.7,504.049,515.726,504.58,547.584,0,0,0,0,0,0,,,,,,
udp-rr,kernel,64,64,1431,0,3,0.06648180671826272,0.06422228670628476,0.07390253744834283,49884.20433856245,48188.787749445946,55452.302835787516,3.2493788162516974,3.179375672357971,3.359291387715384,47.82324412198305,45.45569751327546,50.59581311877696,63.735118451116364,60.57983556901774,67.43018382505498,267.382,236.977,274.984,329.156,280.813,331.208,0,0,0,0,0,0,,,,,,
udp-rr,kernel,64,64,1431,100,3,0.00026647246403595,0.0002664710659738457,0.0002664769811981573,199.94593262036014,199.94488359327843,199.9493220445305,0.05998346507798353,0.049986483155090036,0.10997212712449178,225.10310775681342,187.58592313067786,412.68903088749124,300.0,250.0,550.0,610.859,574.234,613.964,633.113,618.931,2559.2,0,0,0,0,0,0,,,,,,
udp-rr,kernel,64,64,1431,1000,3,0.00266468992883607,0.0026646703730337585,0.002664767488893119,1999.4332806309378,1999.4186070580213,1999.4914773305363,0.36989515691672353,0.2999237215995804,0.559837209976246,138.8135831167016,112.55155387840671,210.0962339063592,185.0,150.0,280.0,444.218,414.143,479.952,476.887,468.225,519.582,0,0,0,0,0,0,,,,,,
udp-rr,kernel,64,64,59000,0,3,1.1868606946650646,1.1574578827170134,1.4135431797231133,21599.69435802667,21064.592172741424,25725.092069468737,3.1990660902381443,3.168885591666207,3.478795383607337,2.695401494562873,2.4610464211562095,2.7377977540120715,148.10700731278348,135.22965726276522,150.43659832953682,570.339,466.762,586.412,699.222,660.935,702.567,0,0,0,0,0,0,,,,,,
udp-rr,kernel,64,64,59000,100,3,0.010986279416453242,0.01098591808916849,0.010986358834763808,199.93945253552812,199.93287673522659,199.9408978704713,0.11996367152131687,0.09996643836761329,0.11996453872228278,10.919408379661016,9.099506983050848,10.919408379661016,600.0,500.0,600.0,843.239,756.468,900.465,935.067,794.896,16091.07,0,0,0,0,0,0,,,,,,
udp-rr,kernel,64,64,59000,1000,3,0.10986579380085004,0.1098623773630299,0.10987422377554394,1999.449115778519,1999.3869399789157,1999.602533005707,0.8597363841909338,0.5998347347335556,0.9198171651826252,7.825576005423729,5.459704189830508,8.37154642440678,430.0,300.0,460.0,709.818,650.399,788.767,783.559,740.945,871.18,0,0,0,0,0,0,,,,,,
