trial	healthy_deploy	healthy_terminal	healthy_target	healthy_peer	failure_deploy	failure_terminal	failure_target	failure_peer	cleanup
1	0	Stable	guest	exact-reply	nonzero	StartupProbeFailed	guest	unreachable-verified	zero-delta
2	0	Stable	guest	exact-reply	nonzero	StartupProbeFailed	guest	unreachable-verified	zero-delta
3	0	Stable	guest	exact-reply	nonzero	StartupProbeFailed	guest	unreachable-verified	zero-delta
4	0	Stable	guest	exact-reply	nonzero	StartupProbeFailed	guest	unreachable-verified	zero-delta
5	0	Stable	guest	exact-reply	nonzero	StartupProbeFailed	guest	unreachable-verified	zero-delta
6	0	Stable	guest	exact-reply	nonzero	StartupProbeFailed	guest	unreachable-verified	zero-delta
7	0	Stable	guest	exact-reply	nonzero	StartupProbeFailed	guest	unreachable-verified	zero-delta
8	0	Stable	guest	exact-reply	nonzero	StartupProbeFailed	guest	unreachable-verified	zero-delta
9	0	Stable	guest	exact-reply	nonzero	StartupProbeFailed	guest	unreachable-verified	zero-delta
10	0	Stable	guest	exact-reply	nonzero	StartupProbeFailed	guest	unreachable-verified	zero-delta
11	0	Stable	guest	exact-reply	nonzero	StartupProbeFailed	guest	unreachable-verified	zero-delta
12	0	Stable	guest	exact-reply	nonzero	StartupProbeFailed	guest	unreachable-verified	zero-delta
13	0	Stable	guest	exact-reply	nonzero	StartupProbeFailed	guest	unreachable-verified	zero-delta
14	0	Stable	guest	exact-reply	nonzero	StartupProbeFailed	guest	unreachable-verified	zero-delta
15	0	Stable	guest	exact-reply	nonzero	StartupProbeFailed	guest	unreachable-verified	zero-delta
16	0	Stable	guest	exact-reply	nonzero	StartupProbeFailed	guest	unreachable-verified	zero-delta
17	0	Stable	guest	exact-reply	nonzero	StartupProbeFailed	guest	unreachable-verified	zero-delta
18	0	Stable	guest	exact-reply	nonzero	StartupProbeFailed	guest	unreachable-verified	zero-delta
19	0	Stable	guest	exact-reply	nonzero	StartupProbeFailed	guest	unreachable-verified	zero-delta
20	0	Stable	guest	exact-reply	nonzero	StartupProbeFailed	guest	unreachable-verified	zero-delta
21	0	Stable	guest	exact-reply	nonzero	StartupProbeFailed	guest	unreachable-verified	zero-delta
22	0	Stable	guest	exact-reply	nonzero	StartupProbeFailed	guest	unreachable-verified	zero-delta
23	0	Stable	guest	exact-reply	nonzero	StartupProbeFailed	guest	unreachable-verified	zero-delta
24	0	Stable	guest	exact-reply	nonzero	StartupProbeFailed	guest	unreachable-verified	zero-delta
25	0	Stable	guest	exact-reply	nonzero	StartupProbeFailed	guest	unreachable-verified	zero-delta
26	0	Stable	guest	exact-reply	nonzero	StartupProbeFailed	guest	unreachable-verified	zero-delta
27	0	Stable	guest	exact-reply	nonzero	StartupProbeFailed	guest	unreachable-verified	zero-delta
28	0	Stable	guest	exact-reply	nonzero	StartupProbeFailed	guest	unreachable-verified	zero-delta
29	0	Stable	guest	exact-reply	nonzero	StartupProbeFailed	guest	unreachable-verified	zero-delta
30	0	Stable	guest	exact-reply	nonzero	StartupProbeFailed	guest	unreachable-verified	zero-delta
31	0	Stable	guest	exact-reply	nonzero	StartupProbeFailed	guest	unreachable-verified	zero-delta
32	0	Stable	guest	exact-reply	nonzero	StartupProbeFailed	guest	unreachable-verified	zero-delta
33	0	Stable	guest	exact-reply	nonzero	StartupProbeFailed	guest	unreachable-verified	zero-delta
34	0	Stable	guest	exact-reply	nonzero	StartupProbeFailed	guest	unreachable-verified	zero-delta
35	0	Stable	guest	exact-reply	nonzero	StartupProbeFailed	guest	unreachable-verified	zero-delta
36	0	Stable	guest	exact-reply	nonzero	StartupProbeFailed	guest	unreachable-verified	zero-delta
37	0	Stable	guest	exact-reply	nonzero	StartupProbeFailed	guest	unreachable-verified	zero-delta
38	0	Stable	guest	exact-reply	nonzero	StartupProbeFailed	guest	unreachable-verified	zero-delta
39	0	Stable	guest	exact-reply	nonzero	StartupProbeFailed	guest	unreachable-verified	zero-delta
40	0	Stable	guest	exact-reply	nonzero	StartupProbeFailed	guest	unreachable-verified	zero-delta
41	0	Stable	guest	exact-reply	nonzero	StartupProbeFailed	guest	unreachable-verified	zero-delta
42	0	Stable	guest	exact-reply	nonzero	StartupProbeFailed	guest	unreachable-verified	zero-delta
43	0	Stable	guest	exact-reply	nonzero	StartupProbeFailed	guest	unreachable-verified	zero-delta
44	0	Stable	guest	exact-reply	nonzero	StartupProbeFailed	guest	unreachable-verified	zero-delta
45	0	Stable	guest	exact-reply	nonzero	StartupProbeFailed	guest	unreachable-verified	zero-delta
46	0	Stable	guest	exact-reply	nonzero	StartupProbeFailed	guest	unreachable-verified	zero-delta
47	0	Stable	guest	exact-reply	nonzero	StartupProbeFailed	guest	unreachable-verified	zero-delta
48	0	Stable	guest	exact-reply	nonzero	StartupProbeFailed	guest	unreachable-verified	zero-delta
49	0	Stable	guest	exact-reply	nonzero	StartupProbeFailed	guest	unreachable-verified	zero-delta
50	0	Stable	guest	exact-reply	nonzero	StartupProbeFailed	guest	unreachable-verified	zero-delta
51	0	Stable	guest	exact-reply	nonzero	StartupProbeFailed	guest	unreachable-verified	zero-delta
52	0	Stable	guest	exact-reply	nonzero	StartupProbeFailed	guest	unreachable-verified	zero-delta
53	0	Stable	guest	exact-reply	nonzero	StartupProbeFailed	guest	unreachable-verified	zero-delta
54	0	Stable	guest	exact-reply	nonzero	StartupProbeFailed	guest	unreachable-verified	zero-delta
55	0	Stable	guest	exact-reply	nonzero	StartupProbeFailed	guest	unreachable-verified	zero-delta
56	0	Stable	guest	exact-reply	nonzero	StartupProbeFailed	guest	unreachable-verified	zero-delta
57	0	Stable	guest	exact-reply	nonzero	StartupProbeFailed	guest	unreachable-verified	zero-delta
58	0	Stable	guest	exact-reply	nonzero	StartupProbeFailed	guest	unreachable-verified	zero-delta
59	0	Stable	guest	exact-reply	nonzero	StartupProbeFailed	guest	unreachable-verified	zero-delta
60	0	Stable	guest	exact-reply	nonzero	StartupProbeFailed	guest	unreachable-verified	zero-delta
61	0	Stable	guest	exact-reply	nonzero	StartupProbeFailed	guest	unreachable-verified	zero-delta
62	0	Stable	guest	exact-reply	nonzero	StartupProbeFailed	guest	unreachable-verified	zero-delta
63	0	Stable	guest	exact-reply	nonzero	StartupProbeFailed	guest	unreachable-verified	zero-delta
64	0	Stable	guest	exact-reply	nonzero	StartupProbeFailed	guest	unreachable-verified	zero-delta
65	0	Stable	guest	exact-reply	nonzero	StartupProbeFailed	guest	unreachable-verified	zero-delta
66	0	Stable	guest	exact-reply	nonzero	StartupProbeFailed	guest	unreachable-verified	zero-delta
67	0	Stable	guest	exact-reply	nonzero	StartupProbeFailed	guest	unreachable-verified	zero-delta
68	0	Stable	guest	exact-reply	nonzero	StartupProbeFailed	guest	unreachable-verified	zero-delta
69	0	Stable	guest	exact-reply	nonzero	StartupProbeFailed	guest	unreachable-verified	zero-delta
70	0	Stable	guest	exact-reply	nonzero	StartupProbeFailed	guest	unreachable-verified	zero-delta
71	0	Stable	guest	exact-reply	nonzero	StartupProbeFailed	guest	unreachable-verified	zero-delta
72	0	Stable	guest	exact-reply	nonzero	StartupProbeFailed	guest	unreachable-verified	zero-delta
73	0	Stable	guest	exact-reply	nonzero	StartupProbeFailed	guest	unreachable-verified	zero-delta
74	0	Stable	guest	exact-reply	nonzero	StartupProbeFailed	guest	unreachable-verified	zero-delta
75	0	Stable	guest	exact-reply	nonzero	StartupProbeFailed	guest	unreachable-verified	zero-delta
76	0	Stable	guest	exact-reply	nonzero	StartupProbeFailed	guest	unreachable-verified	zero-delta
77	0	Stable	guest	exact-reply	nonzero	StartupProbeFailed	guest	unreachable-verified	zero-delta
78	0	Stable	guest	exact-reply	nonzero	StartupProbeFailed	guest	unreachable-verified	zero-delta
79	0	Stable	guest	exact-reply	nonzero	StartupProbeFailed	guest	unreachable-verified	zero-delta
80	0	Stable	guest	exact-reply	nonzero	StartupProbeFailed	guest	unreachable-verified	zero-delta
81	0	Stable	guest	exact-reply	nonzero	StartupProbeFailed	guest	unreachable-verified	zero-delta
82	0	Stable	guest	exact-reply	nonzero	StartupProbeFailed	guest	unreachable-verified	zero-delta
83	0	Stable	guest	exact-reply	nonzero	StartupProbeFailed	guest	unreachable-verified	zero-delta
84	0	Stable	guest	exact-reply	nonzero	StartupProbeFailed	guest	unreachable-verified	zero-delta
85	0	Stable	guest	exact-reply	nonzero	StartupProbeFailed	guest	unreachable-verified	zero-delta
86	0	Stable	guest	exact-reply	nonzero	StartupProbeFailed	guest	unreachable-verified	zero-delta
87	0	Stable	guest	exact-reply	nonzero	StartupProbeFailed	guest	unreachable-verified	zero-delta
88	0	Stable	guest	exact-reply	nonzero	StartupProbeFailed	guest	unreachable-verified	zero-delta
89	0	Stable	guest	exact-reply	nonzero	StartupProbeFailed	guest	unreachable-verified	zero-delta
90	0	Stable	guest	exact-reply	nonzero	StartupProbeFailed	guest	unreachable-verified	zero-delta
91	0	Stable	guest	exact-reply	nonzero	StartupProbeFailed	guest	unreachable-verified	zero-delta
92	0	Stable	guest	exact-reply	nonzero	StartupProbeFailed	guest	unreachable-verified	zero-delta
93	0	Stable	guest	exact-reply	nonzero	StartupProbeFailed	guest	unreachable-verified	zero-delta
94	0	Stable	guest	exact-reply	nonzero	StartupProbeFailed	guest	unreachable-verified	zero-delta
95	0	Stable	guest	exact-reply	nonzero	StartupProbeFailed	guest	unreachable-verified	zero-delta
96	0	Stable	guest	exact-reply	nonzero	StartupProbeFailed	guest	unreachable-verified	zero-delta
97	0	Stable	guest	exact-reply	nonzero	StartupProbeFailed	guest	unreachable-verified	zero-delta
98	0	Stable	guest	exact-reply	nonzero	StartupProbeFailed	guest	unreachable-verified	zero-delta
99	0	Stable	guest	exact-reply	nonzero	StartupProbeFailed	guest	unreachable-verified	zero-delta
100	0	Stable	guest	exact-reply	nonzero	StartupProbeFailed	guest	unreachable-verified	zero-delta
