source_increment,run,serial_line,kind,variant,protocol,population,eligible_active,participating_peers,maximum_inflight_datagrams,payload,target_per_s,actual_offered_per_s,actual_sent_per_s,maximum_inflight_peers,actor_user_cpu_s,actor_system_cpu_s,latency_sample_count,repeat,duration_s,delivered_roundtrips,application_bytes_delivered,application_GiB_per_s,delivered_datagrams_per_s,vm_busy_core_seconds,vm_mean_busy_cores,vm_steal_seconds,vm_core_seconds_per_delivered_GiB,vm_cpu_us_per_delivered_datagram,p50_us,p95_us,p99_us,offered,sent,guest_delivered,app_delivered,loss_host_guest,loss_guest_host,qemu_cpu_seconds_approx,corrupt,boundary_violations
increment-c,00-kernel-tcp,959,tcp-rr,kernel,tcp,1,1,,,64,100,99.97583114274873,99.97583114274873,,,,100,0,1.000241747,100,12800,1.1918047802775947e-05,199.95166228549746,0.06,0.05998549868564924,0.0,5033.1648,300.0,522.086,616.307,721.235,100,100,100,100,0,0,0.37718622019314196,0,0
increment-c,00-kernel-tcp,962,tcp-rr,kernel,tcp,1,1,,,64,1000,999.8218807321256,999.8218807321256,,,,1000,0,1.000178151,1000,128000,0.00011918805607940263,1999.6437614642512,1.1,1.0998040688053383,0.0,9227.4688,550.0,519.732,583.588,610.249,1000,1000,1000,1000,0,0,1.6941795487702347,0,0
increment-c,00-kernel-tcp,965,tcp-rr,kernel,tcp,1,1,,,64,0,4096.258843406168,4096.258843406168,,,,4097,0,1.000180935,4097,524416,0.0004883121065385542,8192.517686812336,1.2,1.1997829172778625,0.0,2457.000146448621,146.4486209421528,229.385,366.191,474.013,4097,4097,4097,4097,0,0,3.081603029557469,0,0
increment-c,00-kernel-tcp,968,tcp-rr,kernel,tcp,1,1,,,64,0,4371.150576164287,4371.150576164287,,,,4372,1,1.000194325,4372,559616,0.0005210817547040327,8742.301152328573,1.26,1.2597551980711348,0.0,2417.5768709972554,144.09881061299177,228.204,258.008,277.728,4372,4372,4372,4372,0,0,3.073921584329959,0,0
increment-c,00-kernel-tcp,971,tcp-rr,kernel,tcp,1,1,,,64,1000,999.7500235038731,999.7500235038731,,,,1000,1,1.000250039,1000,128000,0.00011917949003027357,1999.5000470077462,1.04,1.039740024444028,0.0,8724.152320000001,520.0,544.349,590.87,622.457,1000,1000,1000,1000,0,0,1.5810297761427314,0,0
increment-c,00-kernel-tcp,974,tcp-rr,kernel,tcp,1,1,,,64,100,99.97039886486651,99.97039886486651,,,,100,1,1.000296099,100,12800,1.1917400224788965e-05,199.94079772973302,0.07,0.06997927920540656,0.0,5872.025600000001,350.0,524.469,728.777,766.163,100,100,100,100,0,0,0.31619253042282125,0,0
increment-c,00-kernel-tcp,977,tcp-rr,kernel,tcp,1,1,,,64,100,99.97208749325561,99.97208749325561,,,,100,2,1.000279203,100,12800,1.1917601524979545e-05,199.94417498651123,0.0,0.0,0.0,0.0,0.0,566.372,714.475,731.831,100,100,100,100,0,0,0.5972419935597948,0,0
increment-c,00-kernel-tcp,980,tcp-rr,kernel,tcp,1,1,,,64,1000,999.7890035289063,999.7890035289063,,,,1000,2,1.000211041,1000,128000,0.00011918413681136445,1999.5780070578126,0.0,0.0,0.0,0.0,0.0,444.679,500.222,537.278,1000,1000,1000,1000,0,0,1.6976792170668418,0,0
increment-c,00-kernel-tcp,983,tcp-rr,kernel,tcp,1,1,,,64,0,4248.106708121417,4248.106708121417,,,,4249,2,1.00021028,4249,543872,0.0005064137826110622,8496.213416242834,1.2,1.1997477170500588,0.0,2369.105577783008,141.20969639915273,228.994,290.517,375.755,4249,4249,4249,4249,0,0,2.74604893499826,0,0
increment-c,00-kernel-tcp,989,tcp-rr,kernel,tcp,1,1,,,1024,100,99.98421339256323,99.98421339256323,,,,100,0,1.000157891,100,204800,0.00019070475271713874,199.96842678512647,0.01,0.009998421339256325,0.0,52.4288,50.0,478.8,557.649,626.122,100,100,100,100,0,0,0.5694539177735471,0,0
increment-c,00-kernel-tcp,992,tcp-rr,kernel,tcp,1,1,,,1024,1000,999.7708745105214,999.7708745105214,,,,1000,0,1.000229178,1000,2048000,0.0019069116106234004,1999.5417490210427,1.14,1.1397387969419943,0.0,597.68832,570.0,527.163,600.143,629.347,1000,1000,1000,1000,0,0,1.6774757950453747,0,0
increment-c,00-kernel-tcp,995,tcp-rr,kernel,tcp,1,1,,,1024,0,4126.86971228885,4126.86971228885,,,,4128,0,1.000273885,4128,8454144,0.007871379303529453,8253.7394245777,1.2,1.1996714279909448,0.0,152.4093023255814,145.34883720930233,230.567,352.5,433.693,4128,4128,4128,4128,0,0,2.7433469357010054,0,0
increment-c,00-kernel-tcp,998,tcp-rr,kernel,tcp,1,1,,,1024,0,4302.682673461963,4302.682673461963,,,,4304,1,1.000306164,4304,8814592,0.008206715914653707,8605.365346923925,1.24,1.2396204728375542,0.0,151.04951672862452,144.05204460966542,229.435,269.045,313.232,4304,4304,4304,4304,0,0,2.9568526047083807,0,0
increment-c,00-kernel-tcp,1001,tcp-rr,kernel,tcp,1,1,,,1024,1000,999.8033396828878,999.8033396828878,,,,1000,1,1.000196699,1000,2048000,0.0019069735330255275,1999.6066793657756,1.14,1.139775807238492,0.0,597.68832,570.0,488.505,556.577,589.056,1000,1000,1000,1000,0,0,1.6332564045689395,0,0
increment-c,00-kernel-tcp,1004,tcp-rr,kernel,tcp,1,1,,,1024,100,99.98012565068277,99.98012565068277,,,,100,1,1.000198783,100,204800,0.00019069695596825173,199.96025130136553,0.0,0.0,0.0,0.0,0.0,552.772,617.839,632.181,100,100,100,100,0,0,0.5111665991235341,0,0
increment-c,00-kernel-tcp,1007,tcp-rr,kernel,tcp,1,1,,,1024,100,99.97884527617032,99.97884527617032,,,,100,2,1.000211592,100,204800,0.00019069451384767593,199.95769055234064,0.0,0.0,0.0,0.0,0.0,556.517,604.309,639.311,100,100,100,100,0,0,0.4335616227621628,0,0
increment-c,00-kernel-tcp,1010,tcp-rr,kernel,tcp,1,1,,,1024,1000,999.8157139676015,999.8157139676015,,,,1000,2,1.00018432,1000,2048000,0.0019069971351005582,1999.631427935203,1.06,1.0598046568056576,0.0,555.74528,530.0,469.777,560.483,593.493,1000,1000,1000,1000,0,0,1.4873517008532886,0,0
increment-c,00-kernel-tcp,1013,tcp-rr,kernel,tcp,1,1,,,1024,0,4220.886825517507,4220.886825517507,,,,4222,2,1.00026373,4222,8646656,0.00805070271590711,8441.773651035013,1.19,1.1896862440468576,0.0,147.77421127427758,140.92846991946945,230.747,280.432,377.347,4222,4222,4222,4222,0,0,3.1199075009034587,0,0
increment-c,00-kernel-tcp,1019,tcp-rr,kernel,tcp,1,1,,,65536,100,23.823390842836698,23.823390842836698,,,,24,0,1.007413267,24,3145728,0.002908128764994714,47.646781685673396,0.06,0.05955847710709174,0.0,20.48,1250.0,42907.568,43955.995,43989.897,24,24,24,24,0,0,0.2560385336641744,0,0
increment-c,00-kernel-tcp,1022,tcp-rr,kernel,tcp,1,1,,,65536,1000,23.945346709653645,23.945346709653645,,,,24,0,1.002282418,24,3145728,0.002923015955768267,47.89069341930729,0.02,0.019954455591378036,0.0,6.826666666666667,416.6666666666667,42955.721,43910.617,43911.398,24,24,24,24,0,0,0.4460154240854237,0,0
increment-c,00-kernel-tcp,1025,tcp-rr,kernel,tcp,1,1,,,65536,0,23.749508401256488,23.749508401256488,,,,24,0,1.010547233,24,3145728,0.002899109912262755,47.499016802512976,0.03,0.02968688550157061,0.0,10.24,625.0,43858.368,43977.668,44823.391,24,24,24,24,0,0,0.37578303877932484,0,0
increment-c,00-kernel-tcp,1028,tcp-rr,kernel,tcp,1,1,,,65536,0,23.917130324404273,23.917130324404273,,,,24,1,1.003464867,24,3145728,0.002919571572803256,47.834260648808545,0.03,0.02989641290550534,0.0,10.24,625.0,43058.515,43911.448,43926.982,24,24,24,24,0,0,0.3222438075145888,0,0
increment-c,00-kernel-tcp,1031,tcp-rr,kernel,tcp,1,1,,,65536,1000,23.98286572937404,23.98286572937404,,,,24,1,1.000714438,24,3145728,0.0029275959142302296,47.96573145874808,0.02,0.01998572144114503,0.0,6.826666666666667,416.6666666666667,42905.795,43935.695,43975.435,24,24,24,24,0,0,0.43620579425729744,0,0
increment-c,00-kernel-tcp,1034,tcp-rr,kernel,tcp,1,1,,,65536,100,23.93691717508895,23.93691717508895,,,,24,1,1.002635378,24,3145728,0.0029219869598497254,47.8738343501779,0.0,0.0,0.0,0.0,0.0,42926.236,43790.476,43942.024,24,24,24,24,0,0,0.2854402344207969,0,0
increment-c,00-kernel-tcp,1037,tcp-rr,kernel,tcp,1,1,,,65536,100,23.843213773852643,23.843213773852643,,,,24,2,1.006575717,24,3145728,0.0029105485563784964,47.686427547705286,0.02,0.019869344811543867,0.0,6.826666666666667,416.6666666666667,42945.995,43929.956,43940.602,24,24,24,24,0,0,0.3849160916700711,0,0
increment-c,00-kernel-tcp,1040,tcp-rr,kernel,tcp,1,1,,,65536,1000,23.968477090363344,23.968477090363344,,,,24,2,1.001315182,24,3145728,0.002925839488569744,47.93695418072669,0.02,0.01997373090863612,0.0,6.826666666666667,416.6666666666667,42937.754,44057.618,44729.089,24,24,24,24,0,0,0.431377379262166,0,0
increment-c,00-kernel-tcp,1043,tcp-rr,kernel,tcp,1,1,,,65536,0,23.841098577319094,23.841098577319094,,,,24,2,1.006665021,24,3145728,0.0029102903536766473,47.68219715463819,0.03,0.02980137322164887,0.0,10.24,625.0,43844.889,43902.364,43940.903,24,24,24,24,0,0,0.2603012295552105,0,0
increment-c,00-kernel-tcp,1054,tcp-rr,kernel,tcp,64,64,,,64,100,99.9612964854203,99.9612964854203,,,,100,0,1.000387185,100,12800,1.1916315136601961e-05,199.9225929708406,0.0,0.0,0.0,0.0,0.0,417.448,747.185,2918.151,100,100,100,100,0,0,0.18393625876932163,0,0
increment-c,00-kernel-tcp,1057,tcp-rr,kernel,tcp,64,64,,,64,1000,999.7588221807724,999.7588221807724,,,,1000,0,1.000241236,1000,128000,0.00011918053891429572,1999.5176443615449,0.73,0.7298239401919638,0.0,6123.68384,365.0,372.089,660.073,748.125,1000,1000,1000,1000,0,0,0.8392284639997669,0,0
increment-c,00-kernel-tcp,1060,tcp-rr,kernel,tcp,64,64,,,64,0,38633.41723641419,38633.41723641419,,,,38651,0,1.000455118,38651,4947328,0.004605462221671843,77266.83447282838,3.87,3.8682394945777068,0.0,839.9242700059507,50.06338775193397,92.62,145.249,328.434,38651,38651,38651,38651,0,0,3.955094589901613,0,0
increment-c,00-kernel-tcp,1064,tcp-rr,kernel,tcp,64,64,,,64,0,20752.70787200252,20752.70787200252,,,,20760,1,1.000351382,20760,2657280,0.002473915561676326,41505.41574400504,3.01,3.0089427116920797,0.0,1216.2673448940268,72.495183044316,158.318,356.507,428.424,20760,20760,20760,20760,0,0,3.487580729156349,0,0
increment-c,00-kernel-tcp,1067,tcp-rr,kernel,tcp,64,64,,,64,1000,999.4919202762306,999.4919202762306,,,,1000,1,1.000508338,1000,128000,0.00011914872172787555,1998.9838405524613,0.54,0.5397256369491646,0.0,4529.84832,270.0,438.119,637.229,701.535,1000,1000,1000,1000,0,0,0.7732577026505538,0,0
increment-c,00-kernel-tcp,1070,tcp-rr,kernel,tcp,64,64,,,64,100,99.97039786545845,99.97039786545845,,,,100,1,1.000296109,100,12800,1.191740010565024e-05,199.9407957309169,0.08,0.07997631829236677,0.0,6710.8864,400.0,578.36,774.555,1339.475,100,100,100,100,0,0,0.4597861155212968,0,0
increment-c,00-kernel-tcp,1073,tcp-rr,kernel,tcp,64,64,,,64,100,99.9704830150964,99.9704830150964,,,,100,2,1.000295257,100,12800,1.1917410256278086e-05,199.9409660301928,0.05,0.049985241507548205,0.0,4194.304,250.0,460.713,736.017,838.542,100,100,100,100,0,0,0.20185855960893662,0,0
increment-c,00-kernel-tcp,1076,tcp-rr,kernel,tcp,64,64,,,64,1000,999.7642975687337,999.7642975687337,,,,1000,2,1.000235758,1000,128000,0.0001191811916314046,1999.5285951374674,0.0,0.0,0.0,0.0,0.0,317.448,565.752,639.542,1000,1000,1000,1000,0,0,0.863137762751407,0,0
increment-c,00-kernel-tcp,1079,tcp-rr,kernel,tcp,64,64,,,64,0,19780.60452648266,19780.60452648266,,,,19788,2,1.000373875,19788,2532864,0.0023580318124869657,39561.20905296532,3.01,3.0088750568381246,0.0,1276.0112229634121,76.05619567414595,185.879,356.176,440.162,19788,19788,19788,19788,0,0,3.7908710723070556,0,0
increment-c,00-kernel-tcp,1085,tcp-rr,kernel,tcp,64,64,,,1024,100,99.95238568203266,99.95238568203266,,,,100,0,1.00047637,100,204800,0.00019064404617697269,199.9047713640653,0.08,0.07996190854562613,0.0,419.4304,400.0,538.79,757.61,869.278,100,100,100,100,0,0,0.3376325859033926,0,0
increment-c,00-kernel-tcp,1088,tcp-rr,kernel,tcp,64,64,,,1024,1000,999.7161206103915,999.7161206103915,,,,1000,0,1.00028396,1000,2048000,0.0019068071758468466,1999.432241220783,0.32,0.31990915859532526,0.0,167.77216,160.0,372.951,656.537,745.231,1000,1000,1000,1000,0,0,0.8076225007849445,0,0
increment-c,00-kernel-tcp,1091,tcp-rr,kernel,tcp,64,64,,,1024,0,19477.780686193557,19477.780686193557,,,,19484,0,1.000319303,19484,39903232,0.037150918362033,38955.561372387114,3.02,3.019036012744023,0.0,81.26410182714022,77.49948675836583,194.653,353.723,418.57,19484,19484,19484,19484,0,0,3.7547518246994827,0,0
increment-c,00-kernel-tcp,1094,tcp-rr,kernel,tcp,64,64,,,1024,0,25892.66743245277,25892.66743245277,,,,25896,1,1.000128707,25896,53035008,0.049386343827157536,51785.33486490554,3.3,3.2995753215590877,0.0,66.8114921223355,63.71640407784986,132.059,288.745,362.645,25896,25896,25896,25896,0,0,3.7540329192722055,0,0
increment-c,00-kernel-tcp,1097,tcp-rr,kernel,tcp,64,64,,,1024,1000,999.6585995940424,999.6585995940424,,,,1000,1,1.000341517,1000,2048000,0.001906697463214955,1999.3171991880847,0.55,0.5498122297767234,0.0,288.3584,275.0,465.35,669.267,735.967,1000,1000,1000,1000,0,0,0.8647836995178295,0,0
increment-c,00-kernel-tcp,1100,tcp-rr,kernel,tcp,64,64,,,1024,100,99.96695792139823,99.96695792139823,,,,100,1,1.00033053,100,204800,0.00019067184051780364,199.93391584279647,0.07,0.06997687054497877,0.0,367.00160000000005,350.0,518.21,734.805,900.245,100,100,100,100,0,0,0.31506536923215833,0,0
increment-c,00-kernel-tcp,1103,tcp-rr,kernel,tcp,64,64,,,1024,100,99.97213146871538,99.97213146871538,,,,100,2,1.000278763,100,204800,0.00019068170827620578,199.94426293743075,0.0,0.0,0.0,0.0,0.0,531.209,742.808,813.764,100,100,100,100,0,0,0.42692451992708413,0,0
increment-c,00-kernel-tcp,1106,tcp-rr,kernel,tcp,64,64,,,1024,1000,999.7241880931954,999.7241880931954,,,,1000,2,1.000275888,1000,2048000,0.0019068225633491428,1999.4483761863908,0.02,0.019994483761863906,0.0,10.48576,10.0,271.368,491.259,661.786,1000,1000,1000,1000,0,0,0.5865000576391708,0,0
increment-c,00-kernel-tcp,1109,tcp-rr,kernel,tcp,64,64,,,1024,0,19249.889487357297,19249.889487357297,,,,19253,2,1.000161586,19253,39430144,0.03671625039550266,38499.778974714594,3.0,2.9995153203174514,0.0,81.69448917051888,77.90993611385238,189.445,363.277,429.787,19253,19253,19253,19253,0,0,3.3068649790169786,0,0
increment-c,00-kernel-tcp,1115,tcp-rr,kernel,tcp,64,64,,,65536,100,99.96835601658651,99.96835601658651,,,,100,0,1.00031654,100,13107200,0.01220316845905597,199.93671203317302,0.1,0.09996835601658652,0.0,8.192,500.0,2195.653,3340.026,4019.167,100,100,100,100,0,0,0.47414014654586367,0,0
increment-c,00-kernel-tcp,1118,tcp-rr,kernel,tcp,64,64,,,65536,1000,999.6251635550456,999.6251635550456,,,,1000,0,1.000374977,1000,131072000,0.12202455609802802,1999.2503271100911,0.9,0.899662647199541,0.0,7.3728,450.0,2463.577,2717.248,3446.095,1000,1000,1000,1000,0,0,1.6537409306083788,0,0
increment-c,00-kernel-tcp,1121,tcp-rr,kernel,tcp,64,64,,,65536,0,824.4159053413434,824.4159053413434,,,,848,0,1.028607035,848,111149056,0.10063670719498821,1648.8318106826869,0.72,0.6999757686860463,0.0,6.955471698113207,424.52830188679246,2053.159,42431.351,43608.813,848,848,848,848,0,0,2.113784785279279,0,0
increment-c,00-kernel-tcp,1124,tcp-rr,kernel,tcp,64,64,,,65536,0,815.5373531324351,815.5373531324351,,,,846,1,1.037352853,846,110886912,0.0995528995522992,1631.0747062648702,0.69,0.6651545787959576,0.0,6.681418439716311,407.8014184397163,2045.748,42490.931,43629.675,846,846,846,846,0,0,1.759736764837072,0,0
increment-c,00-kernel-tcp,1127,tcp-rr,kernel,tcp,64,64,,,65536,1000,999.7518346013525,999.7518346013525,,,,1000,1,1.000248227,1000,131072000,0.12204001887223541,1999.503669202705,0.87,0.8697840961031766,0.0,7.12704,435.0,1706.298,2760.223,3657.583,1000,1000,1000,1000,0,0,1.6715094505871946,0,0
increment-c,00-kernel-tcp,1130,tcp-rr,kernel,tcp,64,64,,,65536,100,99.96030366424856,99.96030366424856,,,,100,1,1.000397121,100,13107200,0.012202185505889716,199.9206073284971,0.06,0.059976182198549124,0.0,4.9152,300.0,2349.115,3306.615,3386.455,100,100,100,100,0,0,0.3820167798752294,0,0
increment-c,00-kernel-tcp,1133,tcp-rr,kernel,tcp,64,64,,,65536,100,99.9649582835233,99.9649582835233,,,,100,2,1.00035054,100,13107200,0.012202753696719153,199.9299165670466,0.07,0.06997547079846632,0.0,5.734400000000001,350.0,2256.906,3389.71,15151.577,100,100,100,100,0,0,0.5693489635950613,0,0
increment-c,00-kernel-tcp,1136,tcp-rr,kernel,tcp,64,64,,,65536,1000,999.7152790890849,999.7152790890849,,,,1000,2,1.000284802,1000,131072000,0.12203555652942931,1999.4305581781698,0.16,0.1599544446542536,0.0,1.31072,80.0,2304.027,3191.201,3451.143,1000,1000,1000,1000,0,0,1.5600802312528685,0,0
increment-c,00-kernel-tcp,1139,tcp-rr,kernel,tcp,64,64,,,65536,0,829.1312324678606,829.1312324678606,,,,845,2,1.01913903,845,110755840,0.10121230865086189,1658.2624649357213,0.7,0.6868542754171626,0.0,6.786272189349112,414.20118343195264,2002.042,42431.081,43420.42,845,845,845,845,0,0,1.954085868367855,0,0
increment-c,00-kernel-tcp,1154,tcp-rr,kernel,tcp,1024,64,,,64,100,99.96833303114573,99.96833303114573,,,,100,0,1.00031677,100,12800,1.1917153958218781e-05,199.93666606229147,0.08,0.07997466642491659,0.0,6710.8864,400.0,421.845,667.664,4353.69,100,100,100,100,0,0,0.3234322090392254,0,0
increment-c,00-kernel-tcp,1157,tcp-rr,kernel,tcp,1024,64,,,64,1000,999.5752574828647,999.5752574828647,,,,1000,0,1.000424923,1000,128000,0.00011915865629707154,1999.1505149657294,0.77,0.7696729482618058,0.0,6459.228160000001,385.0,440.022,697.87,831.231,1000,1000,1000,1000,0,0,0.9156021088083719,0,0
increment-c,00-kernel-tcp,1160,tcp-rr,kernel,tcp,1024,64,,,64,0,17726.57964557133,17726.57964557133,,,,17733,0,1.000362188,17733,2269824,0.002113172965713898,35453.15929114266,2.86,2.8589645173593867,0.0,1352.9249918231544,80.6406135453674,223.206,370.787,462.777,17733,17733,17733,17733,0,0,3.9770420962348396,0,0
increment-c,00-kernel-tcp,1163,tcp-rr,kernel,tcp,1024,64,,,64,0,21335.379855573825,21335.379855573825,,,,21341,1,1.000263419,21341,2731648,0.0025433754748790055,42670.75971114765,3.02,3.0192046841213136,0.0,1187.0857110725833,70.75582212642331,164.678,338.309,440.663,21341,21341,21341,21341,0,0,3.42915838461397,0,0
increment-c,00-kernel-tcp,1166,tcp-rr,kernel,tcp,1024,64,,,64,1000,999.5891668532449,999.5891668532449,,,,1000,1,1.000411002,1000,128000,0.00011916031442323267,1999.1783337064899,0.03,0.029987675005597344,0.0,251.65823999999998,15.0,429.607,657.279,840.484,1000,1000,1000,1000,0,0,0.972996173023688,0,0
increment-c,00-kernel-tcp,1169,tcp-rr,kernel,tcp,1024,64,,,64,100,99.96055386611502,99.96055386611502,,,,100,1,1.000394617,100,12800,1.1916226609482172e-05,199.92110773223004,0.08,0.07996844309289201,0.0,6710.8864,400.0,593.153,846.804,1148.448,100,100,100,100,0,0,0.43310156813709,0,0
increment-c,00-kernel-tcp,1172,tcp-rr,kernel,tcp,1024,64,,,64,100,99.97181924378881,99.97181924378881,,,,100,2,1.000281887,100,12800,1.1917569547151186e-05,199.94363848757763,0.03,0.029991545773136643,0.0,2516.5824,150.0,421.774,687.654,842.247,100,100,100,100,0,0,0.3531270836830913,0,0
increment-c,00-kernel-tcp,1175,tcp-rr,kernel,tcp,1024,64,,,64,1000,999.6790670310365,999.6790670310365,,,,1000,2,1.000321036,1000,128000,0.00011917103135955769,1999.358134062073,0.01,0.009996790670310365,0.0,83.88608,5.0,388.365,610.819,683.158,1000,1000,1000,1000,0,0,0.8942474248851227,0,0
increment-c,00-kernel-tcp,1178,tcp-rr,kernel,tcp,1024,64,,,64,0,24887.151457328095,24887.151457328095,,,,24897,2,1.000395728,24897,3186816,0.0029667796441707724,49774.30291465619,3.18,3.1787420827530766,0.0,1071.44529220388,63.863116038076875,113.611,337.378,429.216,24897,24897,24897,24897,0,0,3.5789783190097637,0,0
increment-c,00-kernel-tcp,1184,tcp-rr,kernel,tcp,1024,64,,,1024,100,99.9626914244931,99.9626914244931,,,,100,0,1.000373225,100,204800,0.00019066370282076474,199.9253828489862,0.06,0.05997761485469586,0.0,314.5728,300.0,507.263,957.19,3146.174,100,100,100,100,0,0,0.46545450537851707,0,0
increment-c,00-kernel-tcp,1187,tcp-rr,kernel,tcp,1024,64,,,1024,1000,999.6374624811194,999.6374624811194,,,,1000,0,1.000362669,1000,2048000,0.00190665714737152,1999.2749249622389,0.13,0.12995287012254553,0.0,68.15744000000001,65.0,337.818,580.173,682.637,1000,1000,1000,1000,0,0,0.7204872099792681,0,0
increment-c,00-kernel-tcp,1190,tcp-rr,kernel,tcp,1024,64,,,1024,0,18365.431470363725,18365.431470363725,,,,18370,0,1.000248757,18370,37621760,0.03502928060600991,36730.86294072745,2.89,2.8892812710588553,0.0,82.4818900381056,78.66086009798585,206.821,366.943,454.114,18370,18370,18370,18370,0,0,3.311749202551539,0,0
increment-c,00-kernel-tcp,1193,tcp-rr,kernel,tcp,1024,64,,,1024,0,23055.55647882854,23055.55647882854,,,,23064,1,1.000366225,23064,47235072,0.043974984128624994,46111.11295765708,3.12,3.1188577963035486,0.0,70.9234547346514,67.63787721123829,145.719,317.438,389.056,23064,23064,23064,23064,0,0,3.3738091925973492,0,0
increment-c,00-kernel-tcp,1196,tcp-rr,kernel,tcp,1024,64,,,1024,1000,999.6559574060433,999.6559574060433,,,,1000,1,1.000344161,1000,2048000,0.0019066924236412874,1999.3119148120866,0.77,0.7697350872026534,0.0,403.70176000000004,385.0,400.442,616.568,791.972,1000,1000,1000,1000,0,0,0.8608162236899375,0,0
increment-c,00-kernel-tcp,1199,tcp-rr,kernel,tcp,1024,64,,,1024,100,99.96852121226102,99.96852121226102,,,,100,1,1.000314887,100,204800,0.00019067482225849347,199.93704242452205,0.07,0.06997796484858272,0.0,367.00160000000005,350.0,476.416,682.687,766.423,100,100,100,100,0,0,0.28346889433683486,0,0
increment-c,00-kernel-tcp,1202,tcp-rr,kernel,tcp,1024,64,,,1024,100,99.96669569546228,99.96669569546228,,,,100,2,1.000333154,100,204800,0.0001906713403615232,199.93339139092456,0.0,0.0,0.0,0.0,0.0,408.454,703.358,767.004,100,100,100,100,0,0,0.46240323258726335,0,0
increment-c,00-kernel-tcp,1205,tcp-rr,kernel,tcp,1024,64,,,1024,1000,999.7388412217242,999.7388412217242,,,,1000,2,1.000261227,1000,2048000,0.0019068505119738087,1999.4776824434484,0.79,0.7897936845651622,0.0,414.18752,395.0,353.622,618.441,754.596,1000,1000,1000,1000,0,0,0.7775444766395765,0,0
increment-c,00-kernel-tcp,1208,tcp-rr,kernel,tcp,1024,64,,,1024,0,17176.995630070734,17176.995630070734,,,,17181,2,1.000233124,17181,35186688,0.0327625191308417,34353.99126014147,2.86,2.8593334207556196,0.0,87.27452883999767,83.23147663116234,231.198,383.377,456.066,17181,17181,17181,17181,0,0,3.460294118276323,0,0
increment-c,00-kernel-tcp,1214,tcp-rr,kernel,tcp,1024,64,,,65536,100,99.96798974984216,99.96798974984216,,,,100,0,1.000320205,100,13107200,0.01220312374876003,199.93597949968432,0.09,0.08997119077485793,0.0,7.3728,450.0,2386.07,3293.265,3484.042,100,100,100,100,0,0,0.6840528461181918,0,0
increment-c,00-kernel-tcp,1217,tcp-rr,kernel,tcp,1024,64,,,65536,1000,999.6145856015316,999.6145856015316,,,,1000,0,1.000385563,1000,131072000,0.12202326484393697,1999.2291712030633,1.08,1.0795837524496543,0.0,8.84736,540.0,2394.864,3397.281,3528.088,1000,1000,1000,1000,0,0,1.6540044803435876,0,0
increment-c,00-kernel-tcp,1220,tcp-rr,kernel,tcp,1024,64,,,65536,0,834.4849405712163,834.4849405712163,,,,849,0,1.017394034,849,111280128,0.1018658374720723,1668.9698811424325,0.74,0.7273484758806832,0.0,7.140259128386337,435.8068315665489,2001.271,42435.337,43442.533,849,849,849,849,0,0,2.171480833791094,0,0
increment-c,00-kernel-tcp,1223,tcp-rr,kernel,tcp,1024,64,,,65536,0,818.1700518830899,818.1700518830899,,,,847,1,1.03523711,847,111017984,0.09987427391150999,1636.3401037661797,0.75,0.7244717106402803,0.0,7.25383707201889,442.7390791027155,2008.512,42460.135,43556.184,847,847,847,847,0,0,2.1567519512671254,0,0
increment-c,00-kernel-tcp,1226,tcp-rr,kernel,tcp,1024,64,,,65536,1000,999.7085729544809,999.7085729544809,,,,1000,1,1.000291512,1000,131072000,0.12203473790948254,1999.4171459089619,0.96,0.9597202300363016,0.0,7.864319999999999,480.0,2430.697,2684.288,2837.229,1000,1000,1000,1000,0,0,1.646973739883009,0,0
increment-c,00-kernel-tcp,1229,tcp-rr,kernel,tcp,1024,64,,,65536,100,99.9559277322121,99.9559277322121,,,,100,1,1.000440917,100,13107200,0.012201651334498548,199.9118554644242,0.11,0.10995152050543332,0.0,9.0112,550.0,2629.416,3664.343,3805.096,100,100,100,100,0,0,0.5190606713771047,0,0
increment-c,00-kernel-tcp,1232,tcp-rr,kernel,tcp,1024,64,,,65536,100,99.96337791668334,99.96337791668334,,,,100,2,1.000366355,100,13107200,0.012202560780845135,199.92675583336668,0.12,0.11995605350002,0.0,9.8304,600.0,2476.476,3610.041,3945.015,100,100,100,100,0,0,0.6104903971395572,0,0
increment-c,00-kernel-tcp,1235,tcp-rr,kernel,tcp,1024,64,,,65536,1000,999.7409741117946,999.7409741117946,,,,1000,2,1.000259093,1000,131072000,0.12203869312888117,1999.4819482235891,0.14,0.13996373637565124,0.0,1.1468800000000001,70.0,2312.099,2573.041,3128.788,1000,1000,1000,1000,0,0,1.6455939304822778,0,0
increment-c,00-kernel-tcp,1238,tcp-rr,kernel,tcp,1024,64,,,65536,0,817.2270680791183,817.2270680791183,,,,841,2,1.029089751,841,110231552,0.09975916358387675,1634.4541361582367,0.7,0.6802127796140104,0.0,6.818549346016646,416.1712247324614,2087.951,42466.825,43663.175,841,841,841,841,0,0,1.843946649889375,0,0
increment-c,00-kernel-tcp,1244,tcp-rr,kernel,tcp,1024,1024,,,64,100,99.9690376896158,99.9690376896158,,,,100,0,1.000309719,100,12800,1.1917237960054374e-05,199.9380753792316,0.02,0.01999380753792316,0.0,1677.7216,100.0,446.742,652.752,693.694,100,100,100,100,0,0,0.319786466673321,0,0
increment-c,00-kernel-tcp,1247,tcp-rr,kernel,tcp,1024,1024,,,64,1000,999.5786306269952,999.5786306269952,,,,1000,0,1.000421547,1000,128000,0.00011915905840718689,1999.1572612539903,0.38,0.37983987963825816,0.0,3187.67104,190.0,336.046,700.334,1665.967,1000,1000,1000,1000,0,0,0.8208324011624768,0,0
increment-c,00-kernel-tcp,1250,tcp-rr,kernel,tcp,1024,1024,,,64,0,13899.634319455141,13899.634319455141,,,,13904,0,1.000314086,13904,1779712,0.0016569655322379042,27799.268638910282,2.65,2.6491679334404576,0.0,1598.806904487917,95.29631760644419,281.955,419.511,536.477,13904,13904,13904,13904,0,0,3.7174647020147233,0,0
increment-c,00-kernel-tcp,1253,tcp-rr,kernel,tcp,1024,1024,,,64,0,14135.14500671319,14135.14500671319,,,,14139,1,1.000272724,14139,1809792,0.0016850405939475524,28270.29001342638,2.71,2.7092611194704537,0.0,1607.831365726006,95.83421741282976,282.836,404.629,488.875,14139,14139,14139,14139,0,0,3.6197687273623274,0,0
increment-c,00-kernel-tcp,1256,tcp-rr,kernel,tcp,1024,1024,,,64,1000,999.6506730719457,999.6506730719457,,,,1000,1,1.000349449,1000,128000,0.00011916764653586694,1999.3013461438914,0.89,0.8896890990340317,0.0,7465.8611200000005,445.0,384.117,678.25,1591.415,1000,1000,1000,1000,0,0,0.8411035397191426,0,0
increment-c,00-kernel-tcp,1259,tcp-rr,kernel,tcp,1024,1024,,,64,100,99.95031160164316,99.95031160164316,,,,100,1,1.000497131,100,12800,1.191500563641109e-05,199.90062320328633,0.05,0.04997515580082159,0.0,4194.304,250.0,429.947,760.414,913.584,100,100,100,100,0,0,0.41132120010587414,0,0
increment-c,00-kernel-tcp,1262,tcp-rr,kernel,tcp,1024,1024,,,64,100,99.96783165135639,99.96783165135639,,,,100,2,1.000321787,100,12800,1.1917094189090299e-05,199.93566330271278,0.05,0.0499839158256782,0.0,4194.304,250.0,423.337,694.805,716.328,100,100,100,100,0,0,0.4731171657115283,0,0
increment-c,00-kernel-tcp,1265,tcp-rr,kernel,tcp,1024,1024,,,64,1000,999.6893155548225,999.6893155548225,,,,1000,2,1.000310781,1000,128000,0.00011917225307879717,1999.378631109645,0.05,0.04998446577774113,0.0,419.4304,25.0,387.112,610.859,1550.763,1000,1000,1000,1000,0,0,0.7742122997916567,0,0
increment-c,00-kernel-tcp,1268,tcp-rr,kernel,tcp,1024,1024,,,64,0,13562.158309483515,13562.158309483515,,,,13567,2,1.000357,13567,1736576,0.0016167352568487543,27124.31661896703,2.59,2.589075699975109,0.0,1601.4221802904106,95.45220019164148,284.378,425.4,548.986,13567,13567,13567,13567,0,0,3.2642015793366568,0,0
increment-c,00-kernel-tcp,1274,tcp-rr,kernel,tcp,1024,1024,,,1024,100,99.96716708354458,99.96716708354458,,,,100,0,1.000328437,100,204800,0.0001906722394629375,199.93433416708916,0.08,0.07997373366683566,0.0,419.4304,400.0,439.361,858.682,1720.88,100,100,100,100,0,0,0.34421489344492784,0,0
increment-c,00-kernel-tcp,1277,tcp-rr,kernel,tcp,1024,1024,,,1024,1000,999.6420561696632,999.6420561696632,,,,1000,0,1.000358072,1000,2048000,0.0019066659091370834,1999.2841123393264,0.49,0.48982460752313495,0.0,256.90112,245.0,424.699,668.435,2451.508,1000,1000,1000,1000,0,0,0.9313500589130399,0,0
increment-c,00-kernel-tcp,1280,tcp-rr,kernel,tcp,1024,1024,,,1024,0,13354.79888743039,13354.79888743039,,,,13359,0,1.000314577,13359,27359232,0.02547225739942625,26709.59777486078,2.65,2.649166633108057,0.0,104.00203608054495,99.18407066397185,285.84,424.95,566.813,13359,13359,13359,13359,0,0,3.5398862892594707,0,0
increment-c,00-kernel-tcp,1283,tcp-rr,kernel,tcp,1024,1024,,,1024,0,13904.142643540985,13904.142643540985,,,,13910,1,1.000421267,13910,28487680,0.026520047461587877,27808.28528708197,2.66,2.658879901640476,0.0,100.25924370956147,95.61466570812365,286.761,407.082,470.648,13910,13910,13910,13910,0,0,3.2979036889184954,0,0
increment-c,00-kernel-tcp,1286,tcp-rr,kernel,tcp,1024,1024,,,1024,1000,999.5960222639662,999.5960222639662,,,,1000,1,1.000404141,1000,2048000,0.0019065781064299893,1999.1920445279325,0.25,0.24989900556599157,0.0,131.072,125.0,377.838,598.821,2101.643,1000,1000,1000,1000,0,0,0.7502526190720573,0,0
increment-c,00-kernel-tcp,1289,tcp-rr,kernel,tcp,1024,1024,,,1024,100,99.97209848711692,99.97209848711692,,,,100,1,1.000279093,100,204800,0.00019068164536879906,199.94419697423385,0.01,0.009997209848711693,0.0,52.4288,50.0,387.853,598.4,904.36,100,100,100,100,0,0,0.32723831734330133,0,0
increment-c,00-kernel-tcp,1292,tcp-rr,kernel,tcp,1024,1024,,,1024,100,99.95546953845422,99.95546953845422,,,,100,2,1.000445503,100,204800,0.00019064992816630215,199.91093907690845,0.07,0.06996882867691796,0.0,367.00160000000005,350.0,444.639,620.574,659.812,100,100,100,100,0,0,0.32395837032066765,0,0
increment-c,00-kernel-tcp,1295,tcp-rr,kernel,tcp,1024,1024,,,1024,1000,999.720124352307,999.720124352307,,,,1000,2,1.000279954,1000,2048000,0.0019068148123785153,1999.440248704614,0.0,0.0,0.0,0.0,0.0,343.507,516.758,578.351,1000,1000,1000,1000,0,0,0.7415378043746728,0,0
increment-c,00-kernel-tcp,1298,tcp-rr,kernel,tcp,1024,1024,,,1024,0,13691.576095821218,13691.576095821218,,,,13697,2,1.000396149,13697,28051456,0.026114608947412906,27383.152191642435,2.64,2.6389545807817782,0.0,101.05280864422866,96.37146820471636,284.969,408.505,499.111,13697,13697,13697,13697,0,0,3.69582434017849,0,0
increment-c,00-kernel-tcp,1304,tcp-rr,kernel,tcp,1024,1024,,,65536,100,99.96054287479267,99.96054287479267,,,,100,0,1.000394727,100,13107200,0.012202214706395589,199.92108574958533,0.1,0.09996054287479267,0.0,8.192,500.0,1993.449,2997.46,3093.955,100,100,100,100,0,0,0.6284191747608361,0,0
increment-c,00-kernel-tcp,1307,tcp-rr,kernel,tcp,1024,1024,,,65536,1000,999.477163501001,999.477163501001,,,,1000,0,1.00052311,1000,131072000,0.12200648968518078,1998.954327002002,0.77,0.7695974158957708,0.0,6.307840000000001,385.0,2402.786,3419.675,3591.224,1000,1000,1000,1000,0,0,1.7264514067600203,0,0
increment-c,00-kernel-tcp,1310,tcp-rr,kernel,tcp,1024,1024,,,65536,0,1773.6729446439729,1773.6729446439729,,,,1776,0,1.001311998,1776,232783872,0.21651281062548497,3547.3458892879457,0.5,0.49934486054165905,0.0,2.3063063063063063,140.76576576576576,1968.412,3059.423,3261.087,1776,1776,1776,1776,0,0,2.646634766806301,0,0
increment-c,00-kernel-tcp,1313,tcp-rr,kernel,tcp,1024,1024,,,65536,0,1798.8813657225523,1798.8813657225523,,,,1802,1,1.001733652,1802,236191744,0.21959001046417875,3597.7627314451047,0.44,0.4392385132729873,0.0,2.000266370699223,122.0865704772475,1964.867,3020.855,3172.643,1802,1802,1802,1802,0,0,2.790911149120973,0,0
increment-c,00-kernel-tcp,1316,tcp-rr,kernel,tcp,1024,1024,,,65536,1000,999.719733571292,999.719733571292,,,,1000,1,1.000280345,1000,131072000,0.12203610028946435,1999.439467142584,0.56,0.5598430507999236,0.0,4.5875200000000005,280.0,1741.41,2780.394,2922.207,1000,1000,1000,1000,0,0,1.5781849167232735,0,0
increment-c,00-kernel-tcp,1319,tcp-rr,kernel,tcp,1024,1024,,,65536,100,99.9673832420001,99.9673832420001,,,,100,1,1.000326274,100,13107200,0.012203049712158215,199.9347664840002,0.08,0.07997390659360007,0.0,6.5536,400.0,2325.319,3447.067,7536.36,100,100,100,100,0,0,0.5287446917221246,0,0
increment-c,00-kernel-tcp,1322,tcp-rr,kernel,tcp,1024,1024,,,65536,100,99.96395439753961,99.96395439753961,,,,100,2,1.000360586,100,13107200,0.01220263115204341,199.92790879507922,0.06,0.059978372638523764,0.0,4.9152,300.0,1970.575,3026.062,3150.2,100,100,100,100,0,0,0.43738188586763727,0,0
increment-c,00-kernel-tcp,1325,tcp-rr,kernel,tcp,1024,1024,,,65536,1000,999.7073026967946,999.7073026967946,,,,1000,2,1.000292783,1000,131072000,0.12203458284872981,1999.4146053935892,0.61,0.6098214546450447,0.0,4.99712,305.0,1923.154,2203.786,2977.24,1000,1000,1000,1000,0,0,1.7428333549044055,0,0
increment-c,00-kernel-tcp,1328,tcp-rr,kernel,tcp,1024,1024,,,65536,0,1623.1376783764756,1623.1376783764756,,,,1625,2,1.001147359,1625,212992000,0.19813692362994087,3246.275356752951,0.43,0.42950720104731355,0.0,2.167729230769231,132.30769230769232,2022.073,3933.578,4944.66,1625,1625,1625,1625,0,0,2.5129917510124073,0,0
increment-c,00-kernel-tcp,1339,tcp-rr,kernel,tcp,4096,64,,,64,100,99.9666895995251,99.9666895995251,,,,100,0,1.000333215,100,12800,1.191695804590286e-05,199.9333791990502,0.12,0.11996002751943012,0.0,10066.3296,600.0,443.077,789.908,1693.999,100,100,100,100,0,0,0.490186332872554,0,0
increment-c,00-kernel-tcp,1342,tcp-rr,kernel,tcp,4096,64,,,64,1000,999.6735026353452,999.6735026353452,,,,1000,0,1.000326604,1000,128000,0.00011917036803190055,1999.3470052706905,0.77,0.7697485970292158,0.0,6459.228160000001,385.0,454.263,695.076,3185.773,1000,1000,1000,1000,0,0,0.95670512571877,0,0
increment-c,00-kernel-tcp,1345,tcp-rr,kernel,tcp,4096,64,,,64,0,16627.43982486339,16627.43982486339,,,,16632,0,1.000274256,16632,2128896,0.0019821452885703315,33254.87964972678,2.79,2.7892350355560884,0.0,1407.1799134199134,83.87445887445888,236.806,386.731,499.802,16632,16632,16632,16632,0,0,3.956645707124835,0,0
increment-c,00-kernel-tcp,1348,tcp-rr,kernel,tcp,4096,64,,,64,0,19906.997502763985,19906.997502763985,,,,19913,1,1.000301527,19913,2548864,0.002373099029393671,39813.99500552797,2.94,2.9391137778399092,0.0,1238.5129071460854,73.82112188017878,168.834,346.842,458.299,19913,19913,19913,19913,0,0,3.2845066810861567,0,0
increment-c,00-kernel-tcp,1351,tcp-rr,kernel,tcp,4096,64,,,64,1000,999.628955724956,999.628955724956,,,,1000,1,1.000371182,1000,128000,0.00011916505762636137,1999.257911449912,0.91,0.90966234970971,0.0,7633.63328,455.0,475.826,760.815,1769.422,1000,1000,1000,1000,0,0,1.0269528600351805,0,0
increment-c,00-kernel-tcp,1354,tcp-rr,kernel,tcp,4096,64,,,64,100,99.95798006417256,99.95798006417256,,,,100,1,1.000420376,100,12800,1.1915919788381166e-05,199.91596012834512,0.12,0.11994957607700706,0.0,10066.3296,600.0,485.431,775.447,2781.215,100,100,100,100,0,0,0.4190665381782992,0,0
increment-c,00-kernel-tcp,1357,tcp-rr,kernel,tcp,4096,64,,,64,100,99.96240823672092,99.96240823672092,,,,100,2,1.000376059,100,12800,1.1916447667684665e-05,199.92481647344184,0.1,0.09996240823672092,0.0,8388.608,500.0,424.168,710.379,20490.23,100,100,100,100,0,0,0.5428809116135085,0,0
increment-c,00-kernel-tcp,1360,tcp-rr,kernel,tcp,4096,64,,,64,1000,999.6332295699048,999.6332295699048,,,,1000,2,1.000366905,1000,128000,0.00011916556710838136,1999.2664591398095,0.1,0.09996332295699048,0.0,838.8608,50.0,369.917,648.145,1578.846,1000,1000,1000,1000,0,0,0.874736618730708,0,0
increment-c,00-kernel-tcp,1363,tcp-rr,kernel,tcp,4096,64,,,64,0,14195.555984143222,14195.555984143222,,,,14202,2,1.000453946,14202,1817856,0.0016922421436480549,28391.111968286445,2.62,2.618811201130492,0.0,1547.5392874243064,92.24052950288691,271.538,421.805,586.963,14202,14202,14202,14202,0,0,3.4519663114656396,0,0
increment-c,00-kernel-tcp,1369,tcp-rr,kernel,tcp,4096,64,,,1024,100,99.95341131517235,99.95341131517235,,,,100,0,1.000466104,100,204800,0.00019064600241693944,199.9068226303447,0.16,0.15992545810427578,0.0,838.8608,800.0,475.335,1919.307,4193.84,100,100,100,100,0,0,0.5231587973163982,0,0
increment-c,00-kernel-tcp,1372,tcp-rr,kernel,tcp,4096,64,,,1024,1000,999.458315581038,999.458315581038,,,,1000,0,1.000541978,1000,2048000,0.001906315451776577,1998.916631162076,0.73,0.7296045703741577,0.0,382.73024,365.0,445.911,736.538,1604.954,1000,1000,1000,1000,0,0,0.9900258669798632,0,0
increment-c,00-kernel-tcp,1375,tcp-rr,kernel,tcp,4096,64,,,1024,0,17345.824036697555,17345.824036697555,,,,17352,0,1.000356049,17352,35536896,0.03308453376140128,34691.64807339511,2.85,2.8489856215184437,0.0,86.11230982019364,82.12309820193637,224.228,380.713,498.29,17352,17352,17352,17352,0,0,3.6054702795373146,0,0
increment-c,00-kernel-tcp,1378,tcp-rr,kernel,tcp,4096,64,,,1024,0,22860.14685375133,22860.14685375133,,,,22868,1,1.00034353,22868,46833664,0.04360226984739557,45720.29370750266,3.11,3.108931988593958,0.0,71.30206751792898,67.99895049851321,141.012,337.088,445.1,22868,22868,22868,22868,0,0,3.5935955761574405,0,0
increment-c,00-kernel-tcp,1381,tcp-rr,kernel,tcp,4096,64,,,1024,1000,999.5821916367931,999.5821916367931,,,,1000,1,1.000417983,1000,2048000,0.0019065517266021598,1999.1643832735863,0.09,0.08996239724731138,0.0,47.185919999999996,45.0,347.293,626.863,1764.916,1000,1000,1000,1000,0,0,0.9408741155097573,0,0
increment-c,00-kernel-tcp,1384,tcp-rr,kernel,tcp,4096,64,,,1024,100,99.95356836897841,99.95356836897841,,,,100,1,1.000464532,100,204800,0.00019064630197330171,199.90713673795682,0.15,0.14993035255346762,0.0,786.432,750.0,454.914,703.048,1815.332,100,100,100,100,0,0,0.5225657738192808,0,0
increment-c,00-kernel-tcp,1387,tcp-rr,kernel,tcp,4096,64,,,1024,100,99.95937001466699,99.95937001466699,,,,100,2,1.000406465,100,204800,0.0001906573677342739,199.91874002933397,0.16,0.1599349920234672,0.0,838.8608,800.0,452.19,1596.472,2783.598,100,100,100,100,0,0,0.47882685862856533,0,0
increment-c,00-kernel-tcp,1390,tcp-rr,kernel,tcp,4096,64,,,1024,1000,999.5556255564352,999.5556255564352,,,,1000,2,1.000444572,1000,2048000,0.0019065010558251098,1999.1112511128704,0.66,0.6597067128672472,0.0,346.03008,330.0,436.426,689.478,2718.63,1000,1000,1000,1000,0,0,0.9280278141591793,0,0
increment-c,00-kernel-tcp,1393,tcp-rr,kernel,tcp,4096,64,,,1024,0,16275.54430535128,16275.54430535128,,,,16282,2,1.00039665,16282,33345536,0.031043137179091036,32551.08861070256,2.83,2.828877925570822,0.0,91.12732096794007,86.90578553003317,240.251,399.611,528.314,16282,16282,16282,16282,0,0,3.5344464003420057,0,0
increment-c,00-kernel-tcp,1399,tcp-rr,kernel,tcp,4096,64,,,65536,100,99.95223252821808,99.95223252821808,,,,100,0,1.000477903,100,13107200,0.012201200259792246,199.90446505643615,0.21,0.20989968830925795,0.0,17.2032,1050.0,1846.588,5003.438,26090.936,100,100,100,100,0,0,0.7024863164535873,0,0
increment-c,00-kernel-tcp,1402,tcp-rr,kernel,tcp,4096,64,,,65536,1000,999.625713143105,999.625713143105,,,,1000,0,1.000374427,1000,131072000,0.12202462318641419,1999.25142628621,0.95,0.9496444274859498,0.0,7.7824,475.0,1769.372,2926.183,5585.344,1000,1000,1000,1000,0,0,2.0727463218515254,0,0
increment-c,00-kernel-tcp,1405,tcp-rr,kernel,tcp,4096,64,,,65536,0,827.5014810748592,827.5014810748592,,,,853,0,1.030813865,853,111804416,0.1010133643890209,1655.0029621497183,0.8,0.7760857970221423,0.0,7.6830011723329426,468.9331770222743,2024.656,42433.074,43565.888,853,853,853,853,0,0,2.1649839920248155,0,0
increment-c,00-kernel-tcp,1408,tcp-rr,kernel,tcp,4096,64,,,65536,0,822.5592094113141,822.5592094113141,,,,846,1,1.02849739,846,110886912,0.10041005974259205,1645.1184188226282,0.86,0.8361713003471987,0.0,8.327565011820331,508.274231678487,2058.236,42445.403,43530.846,846,846,846,846,0,0,2.377838387652673,0,0
increment-c,00-kernel-tcp,1411,tcp-rr,kernel,tcp,4096,64,,,65536,1000,999.6321383719757,999.6321383719757,,,,1000,1,1.000367997,1000,131072000,0.12202540751611031,1999.2642767439513,0.32,0.3198822842790322,0.0,2.62144,160.0,2309.354,3022.468,3499.996,1000,1000,1000,1000,0,0,1.8448582169277756,0,0
increment-c,00-kernel-tcp,1414,tcp-rr,kernel,tcp,4096,64,,,65536,100,99.96224605898394,99.96224605898394,,,,100,1,1.000377682,100,13107200,0.012202422614622063,199.92449211796787,0.14,0.13994714448257753,0.0,11.468800000000002,700.0,2367.492,3431.833,3865.516,100,100,100,100,0,0,0.7256929365771043,0,0
increment-c,00-kernel-tcp,1417,tcp-rr,kernel,tcp,4096,64,,,65536,100,99.94739109154072,99.94739109154072,,,,100,2,1.000526366,100,13107200,0.012200609264104092,199.89478218308145,0.22,0.2198842604013896,0.0,18.0224,1100.0,2697.769,4555.013,21263.623,100,100,100,100,0,0,0.6177276421395845,0,0
increment-c,00-kernel-tcp,1420,tcp-rr,kernel,tcp,4096,64,,,65536,1000,941.1821355775379,941.1821355775379,,,,959,2,1.018931367,959,125698048,0.11489039740936742,1882.3642711550758,0.83,0.8145789077469827,0.0,7.0900521376433785,432.7424400417101,1891.156,3022.358,42498.172,959,959,959,959,0,0,2.2377660165042244,0,0
increment-c,00-kernel-tcp,1423,tcp-rr,kernel,tcp,4096,64,,,65536,0,828.961937391663,828.961937391663,,,,831,2,1.002458572,831,108920832,0.10119164274800574,1657.923874783326,0.8,0.7980379662013604,0.0,7.8864019253910955,481.3477737665463,2151.678,42459.283,43628.162,831,831,831,831,0,0,1.8706551276463301,0,0
increment-c,00-kernel-tcp,1429,tcp-rr,kernel,tcp,4096,4096,,,64,100,99.95424474501704,99.95424474501704,,,,100,0,1.000457762,100,12800,1.1915474503638391e-05,199.90848949003407,0.2,0.1999084894900341,0.0,16777.216,1000.0,553.603,1566.737,2304.257,100,100,100,100,0,0,0.5123273150899763,0,0
increment-c,00-kernel-tcp,1432,tcp-rr,kernel,tcp,4096,4096,,,64,1000,999.5990338383535,999.5990338383535,,,,1000,0,1.000401127,1000,128000,0.00011916149065951747,1999.198067676707,0.83,0.8296671980858334,0.0,6962.54464,415.0,469.136,1047.406,3198.152,1000,1000,1000,1000,0,0,0.9515876195184205,0,0
increment-c,00-kernel-tcp,1435,tcp-rr,kernel,tcp,4096,4096,,,64,0,14497.934436205924,14497.934436205924,,,,14503,0,1.000349399,14503,1856384,0.0017282884640939145,28995.868872411847,2.7,2.699056952199958,0.0,1561.693553057988,93.08418947803902,269.546,408.505,563.868,14503,14503,14503,14503,0,0,3.7732348850829,0,0
increment-c,00-kernel-tcp,1438,tcp-rr,kernel,tcp,4096,4096,,,64,0,14446.317356245827,14446.317356245827,,,,14451,1,1.0003241410000001,14451,1849728,0.0017221352286631855,28892.634712491654,2.72,2.719118622170691,0.0,1578.922826102,94.11113417756556,272.99,407.803,515.635,14451,14451,14451,14451,0,0,3.897172023138353,0,0
increment-c,00-kernel-tcp,1441,tcp-rr,kernel,tcp,4096,4096,,,64,1000,999.5073088642124,999.5073088642124,,,,1000,1,1.000492934,1000,128000,0.00011915055619051604,1999.0146177284248,0.93,0.9295417972437175,0.01,7801.40544,465.0,440.673,656.498,2064.596,1000,1000,1000,1000,0,0,0.8820791318100305,0,0
increment-c,00-kernel-tcp,1444,tcp-rr,kernel,tcp,4096,4096,,,64,100,99.94261025474125,99.94261025474125,,,,100,1,1.000574227,100,12800,1.191408756431833e-05,199.8852205094825,0.13,0.12992539333116362,0.0,10905.1904,650.0,594.695,857.39,3205.262,100,100,100,100,0,0,0.5813947686411893,0,0
increment-c,00-kernel-tcp,1447,tcp-rr,kernel,tcp,4096,4096,,,64,100,99.9580221288169,99.9580221288169,,,,100,2,1.000419955,100,12800,1.1915924802877534e-05,199.9160442576338,0.09,0.08996221991593521,0.0,7549.7472,450.0,511.67,770.169,1037.12,100,100,100,100,0,0,0.4688580185909359,0,0
increment-c,00-kernel-tcp,1450,tcp-rr,kernel,tcp,4096,4096,,,64,1000,999.6235018042804,999.6235018042804,,,,1000,2,1.00037664,1000,128000,0.00011916440746835237,1999.2470036085608,0.89,0.8896649166058096,0.0,7465.8611200000005,445.0,482.145,717.28,2208.763,1000,1000,1000,1000,0,0,1.0199082154355779,0,0
increment-c,00-kernel-tcp,1453,tcp-rr,kernel,tcp,4096,4096,,,64,0,13122.528692886788,13122.528692886788,,,,13128,2,1.00041694,13128,1680384,0.0015643273225887761,26245.057385773576,2.54,2.538941413766944,0.0,1623.024399756246,96.73979280926264,283.246,420.232,782.298,13128,13128,13128,13128,0,0,3.5218018156863877,0,0
increment-c,00-kernel-tcp,1459,tcp-rr,kernel,tcp,4096,4096,,,1024,100,99.95755782103407,99.95755782103407,,,,100,0,1.000424602,100,204800,0.00019065391124922575,199.91511564206814,0.17,0.16992784829575794,0.0,891.2896000000001,850.0,440.793,728.396,2212.529,100,100,100,100,0,0,0.5683150468138933,0,0
increment-c,00-kernel-tcp,1462,tcp-rr,kernel,tcp,4096,4096,,,1024,1000,999.526227566712,999.526227566712,,,,1000,0,1.000473997,1000,2048000,0.001906444983609604,1999.052455133424,0.59,0.58972047426436,0.0,309.32991999999996,295.0,415.124,731.952,2173.14,1000,1000,1000,1000,0,0,0.9055605951249959,0,0
increment-c,00-kernel-tcp,1465,tcp-rr,kernel,tcp,4096,4096,,,1024,0,13126.22893568911,13126.22893568911,,,,13135,0,1.000668209,13135,26900480,0.025036294814470502,26252.45787137822,2.59,2.588270494361233,0.0,103.38073239436619,98.59154929577464,287.633,429.486,640.904,13135,13135,13135,13135,0,0,3.312994109241913,0,0
increment-c,00-kernel-tcp,1468,tcp-rr,kernel,tcp,4096,4096,,,1024,0,13936.232618236312,13936.232618236312,,,,13940,1,1.00027033,13940,28549120,0.026581254230949997,27872.465236472624,2.71,2.7092676036886947,0.0,101.92399426111908,97.20229555236729,280.202,411.399,515.726,13940,13940,13940,13940,0,0,3.7746837989816413,0,0
increment-c,00-kernel-tcp,1471,tcp-rr,kernel,tcp,4096,4096,,,1024,1000,993.3125293797611,993.3125293797611,,,,996,1,1.002705564,996,2039808,0.0018945932948680137,1986.6250587595223,0.87,0.8676525106028035,0.0,457.9624096385542,436.7469879518072,421.033,706.633,3546.916,996,996,996,996,0,0,0.8985448111904475,0,0
increment-c,00-kernel-tcp,1474,tcp-rr,kernel,tcp,4096,4096,,,1024,100,99.9517314098193,99.9517314098193,,,,100,1,1.000482919,100,204800,0.00019064279825176106,199.9034628196386,0.09,0.08995655826883737,0.0,471.8592,450.0,524.319,1964.616,3583.512,100,100,100,100,0,0,0.5118588718608521,0,0
increment-c,00-kernel-tcp,1477,tcp-rr,kernel,tcp,4096,4096,,,1024,100,99.94973228114385,99.94973228114385,,,,100,2,1.00050293,100,204800,0.00019063898521641512,199.8994645622877,0.2,0.19989946456228772,0.0,1048.576,1000.0,583.458,1979.147,21854.131,100,100,100,100,0,0,0.5705935985398014,0,0
increment-c,00-kernel-tcp,1480,tcp-rr,kernel,tcp,4096,4096,,,1024,1000,999.5642509600008,999.5642509600008,,,,1000,2,1.000435939,1000,2048000,0.0019065175074768081,1999.1285019200016,0.52,0.5197734104992005,0.0,272.62976000000003,260.0,473.653,730.249,2431.849,1000,1000,1000,1000,0,0,0.9587571121451219,0,0
increment-c,00-kernel-tcp,1483,tcp-rr,kernel,tcp,4096,4096,,,1024,0,13272.426708938518,13272.426708938518,,,,13278,2,1.000419915,13278,27193344,0.02531514493739799,26544.853417877035,2.64,2.6388918897121316,0.0,104.24162675101672,99.41256213285133,284.519,432.391,614.024,13278,13278,13278,13278,0,0,3.2910372134565478,0,0
increment-c,00-kernel-tcp,1489,tcp-rr,kernel,tcp,4096,4096,,,65536,100,99.94951719800508,99.94951719800508,,,,100,0,1.000505083,100,13107200,0.012200868798584605,199.89903439601017,0.26,0.25986874471481325,0.0,21.2992,1300.0,2611.81,5532.864,8948.954,100,100,100,100,0,0,0.7097993410491199,0,0
increment-c,00-kernel-tcp,1492,tcp-rr,kernel,tcp,4096,4096,,,65536,1000,999.6191680881992,999.6191680881992,,,,1000,0,1.000380977,1000,131072000,0.1220238242295165,1999.2383361763984,0.27,0.2698971753838138,0.0,2.21184,135.0,2357.107,3395.438,3972.297,1000,1000,1000,1000,0,0,1.9156394781335848,0,0
increment-c,00-kernel-tcp,1495,tcp-rr,kernel,tcp,4096,4096,,,65536,0,1696.8154296623145,1696.8154296623145,,,,1702,0,1.003055471,1702,223084544,0.2071307897537005,3393.630859324629,0.64,0.6380504553371805,0.0,3.0804230317273795,188.01410105757932,1994.541,3189.659,4752.371,1702,1702,1702,1702,0,0,2.5101481862237165,0,0
increment-c,00-kernel-tcp,1498,tcp-rr,kernel,tcp,4096,4096,,,65536,0,1761.0004140984993,1761.0004140984993,,,,1765,1,1.002271201,1765,231342080,0.2149658708616332,3522.0008281969986,0.54,0.538776330659031,0.0,2.5063342776203967,152.97450424929178,1975.542,3071.992,3327.717,1765,1765,1765,1765,0,0,2.5590017431938463,0,0
increment-c,00-kernel-tcp,1501,tcp-rr,kernel,tcp,4096,4096,,,65536,1000,999.7147493911267,999.7147493911267,,,,1000,1,1.000285332,1000,131072000,0.12203549186903402,1999.4294987822534,0.66,0.6598117345981437,0.0,5.40672,330.0,1995.983,3041.727,3549.911,1000,1000,1000,1000,0,0,1.8266561187445518,0,0
increment-c,00-kernel-tcp,1504,tcp-rr,kernel,tcp,4096,4096,,,65536,100,99.96317886295537,99.96317886295537,,,,100,1,1.000368347,100,13107200,0.012202536482294357,199.92635772591075,0.16,0.15994108618072858,0.0,13.1072,800.0,2537.779,3628.439,4003.233,100,100,100,100,0,0,0.5465030658222645,0,0
increment-c,00-kernel-tcp,1507,tcp-rr,kernel,tcp,4096,4096,,,65536,100,99.967063951407,99.967063951407,,,,100,2,1.000329469,100,13107200,0.012203010736255737,199.934127902814,0.13,0.1299571831368291,0.0,10.6496,650.0,2389.906,3559.295,5390.921,100,100,100,100,0,0,0.717149994401268,0,0
increment-c,00-kernel-tcp,1510,tcp-rr,kernel,tcp,4096,4096,,,65536,1000,999.6373925318703,999.6373925318703,,,,1000,2,1.000362739,1000,131072000,0.12202604889305058,1999.2747850637406,0.31,0.3098875916848798,0.0,2.53952,155.0,2325.909,3348.118,4638.579,1000,1000,1000,1000,0,0,1.7357842346831944,0,0
increment-c,00-kernel-tcp,1513,tcp-rr,kernel,tcp,4096,4096,,,65536,0,1588.6558396702917,1588.6558396702917,,,,1593,2,1.002734488,1593,208797696,0.1939277148035024,3177.3116793405834,0.45,0.44877283606505414,0.0,2.314124293785311,141.24293785310735,2031.717,3934.57,4950.779,1593,1593,1593,1593,0,0,2.7149880642860467,0,0
increment-c,00-kernel-tcp,1524,tcp-rr,kernel,tcp,16384,64,,,64,100,99.5799787199378,99.5799787199378,,,,100,0,1.004217929,100,12800,1.18708585166857e-05,199.1599574398756,0.51,0.5078578914716828,0.0,42781.9008,2550.0,658.752,5183.198,6588.152,100,100,100,100,0,0,0.9855475898692703,0,0
increment-c,00-kernel-tcp,1527,tcp-rr,kernel,tcp,16384,64,,,64,1000,995.7514938166823,995.7514938166823,,,,1000,0,1.004266633,1000,128000,0.00011870282814701585,1991.5029876333647,1.04,1.0355815535693498,0.0,8724.152320000001,520.0,574.033,3064.31,9137.528,1000,1000,1000,1000,0,0,1.4828778553348911,0,0
increment-c,00-kernel-tcp,1530,tcp-rr,kernel,tcp,16384,64,,,64,0,12087.964589223611,12087.964589223611,,,,12116,0,1.002319283,12116,1550848,0.001440997670796348,24175.929178447223,2.72,2.7137061474651887,0.01,1883.213416969297,112.24826675470452,292.61,444.819,1047.867,12116,12116,12116,12116,0,0,3.361821747751719,0,0
increment-c,00-kernel-tcp,1533,tcp-rr,kernel,tcp,16384,64,,,64,0,12153.372638609266,12153.372638609266,,,,12286,1,1.010912803,12286,1572608,0.0014487949178945143,24306.74527721853,2.53,2.502688651772867,0.0,1727.4278235389872,102.9627217971675,288.444,494.994,987.225,12286,12286,12286,12286,0,0,3.975162775641138,0,0
increment-c,00-kernel-tcp,1536,tcp-rr,kernel,tcp,16384,64,,,64,1000,997.9288027615835,997.9288027615835,,,,1000,1,1.002075496,1000,128000,0.00011896238359947008,1995.857605523167,1.16,1.1575974112034368,0.0,9730.78528,580.0,510.679,2622.676,11721.736,1000,1000,1000,1000,0,0,1.4744303854798773,0,0
increment-c,00-kernel-tcp,1539,tcp-rr,kernel,tcp,16384,64,,,64,100,99.9207461615293,99.9207461615293,,,,100,1,1.000793167,100,12800,1.191148116129986e-05,199.8414923230586,0.48,0.47961958157534057,0.0,40265.3184,2400.0,605.561,3164.25,6676.596,100,100,100,100,0,0,0.7731188812601886,0,0
increment-c,00-kernel-tcp,1542,tcp-rr,kernel,tcp,16384,64,,,64,100,99.38650094439389,99.38650094439389,,,,100,2,1.006172861,100,12800,1.1847794168519245e-05,198.77300188878777,0.43,0.4273619540608937,0.0,36071.0144,2150.0,545.121,1134.677,10980.922,100,100,100,100,0,0,0.9719508126520395,0,0
increment-c,00-kernel-tcp,1545,tcp-rr,kernel,tcp,16384,64,,,64,1000,996.9286406670208,996.9286406670208,,,,998,2,1.00107466,998,127744,0.00011884315498674163,1993.8572813340415,1.11,1.1088084079563059,0.0,9330.01490981964,556.1122244488978,575.626,2067.741,5175.437,998,998,998,998,0,0,1.367139801078224,0,0
increment-c,00-kernel-tcp,1548,tcp-rr,kernel,tcp,16384,64,,,64,0,12727.495219716198,12727.495219716198,,,,12735,2,1.000589651,12735,1630080,0.0015172356629033325,25454.990439432397,2.66,2.6584324526458647,0.0,1752.155263447193,104.4365920691009,288.213,445.41,833.274,12735,12735,12735,12735,0,0,3.3974062553143085,0,0
increment-c,00-kernel-tcp,1554,tcp-rr,kernel,tcp,16384,64,,,1024,100,99.92047718910379,99.92047718910379,,,,100,0,1.000795861,100,204800,0.0001905831855566097,199.84095437820758,0.44,0.4396500996320567,0.0,2306.8672,2200.0,521.674,2966.073,18401.666,100,100,100,100,0,0,0.9698394030294821,0,0
increment-c,00-kernel-tcp,1557,tcp-rr,kernel,tcp,16384,64,,,1024,1000,993.1978086981401,993.1978086981401,,,,1000,0,1.006848778,1000,2048000,0.0018943744825327684,1986.3956173962802,1.27,1.261361217046638,0.0,665.84576,635.0,557.219,2784.75,8550.515,1000,1000,1000,1000,0,0,1.513938823297508,0,0
increment-c,00-kernel-tcp,1560,tcp-rr,kernel,tcp,16384,64,,,1024,0,12743.535242801932,12743.535242801932,,,,12750,0,1.000507297,12750,26112000,0.024306364522556176,25487.070485603865,2.74,2.738610711002141,0.0,112.67051921568628,107.45098039215686,281.223,463.177,1008.968,12750,12750,12750,12750,0,0,3.5395504548987446,0,0
increment-c,00-kernel-tcp,1563,tcp-rr,kernel,tcp,16384,64,,,1024,0,12669.153417780899,12669.153417780899,,,,12696,1,1.002119051,12696,26001408,0.02416449245029621,25338.306835561798,2.6,2.5945021176930005,0.0,107.36836798991808,102.39445494643982,275.385,496.787,1107.807,12696,12696,12696,12696,0,0,3.5172938836653884,0,0
increment-c,00-kernel-tcp,1566,tcp-rr,kernel,tcp,16384,64,,,1024,1000,997.9977052280285,997.9977052280285,,,,1000,1,1.002006312,1000,2048000,0.0019035295586166926,1995.995410456057,1.02,1.0179576593325892,0.0,534.77376,510.0,373.773,3016.96,8447.691,1000,1000,1000,1000,0,0,1.3217654676047914,0,0
increment-c,00-kernel-tcp,1569,tcp-rr,kernel,tcp,16384,64,,,1024,100,99.94696394315928,99.94696394315928,,,,100,1,1.000530642,100,204800,0.00019063370503074508,199.89392788631855,0.34,0.33981967740674157,0.0,1782.5792000000001,1700.0,459.832,2872.332,5712.555,100,100,100,100,0,0,0.8105190076036024,0,0
increment-c,00-kernel-tcp,1572,tcp-rr,kernel,tcp,16384,64,,,1024,100,99.94200295609058,99.94200295609058,,,,100,2,1.000580307,100,204800,0.0001906242426988422,199.88400591218115,0.39,0.38977381152875323,0.0,2044.7232000000001,1950.0,462.656,913.464,2709.838,100,100,100,100,0,0,0.8045324223714942,0,0
increment-c,00-kernel-tcp,1575,tcp-rr,kernel,tcp,16384,64,,,1024,1000,999.4181287712481,999.4181287712481,,,,1000,2,1.00058221,1000,2048000,0.0019062388015198672,1998.8362575424962,1.08,1.0793715790729481,0.0,566.23104,540.0,572.422,2628.936,6232.227,1000,1000,1000,1000,0,0,1.3737000410708333,0,0
increment-c,00-kernel-tcp,1578,tcp-rr,kernel,tcp,16384,64,,,1024,0,13356.727933106302,13356.727933106302,,,,13366,2,1.000694187,13366,27373568,0.025475936762058834,26713.455866212604,2.77,2.768078435934794,0.0,108.65462816100553,103.62112823582224,276.085,421.514,944.281,13366,13366,13366,13366,0,0,3.3816534579633526,0,0
increment-c,00-kernel-tcp,1584,tcp-rr,kernel,tcp,16384,64,,,65536,100,99.92264009188614,99.92264009188614,,,,100,0,1.000774198,100,13107200,0.01219758790184157,199.84528018377227,0.59,0.5895435765421282,0.0,48.3328,2950.0,2003.324,5150.71,31424.281,100,100,100,100,0,0,1.072670316260428,0,0
increment-c,00-kernel-tcp,1587,tcp-rr,kernel,tcp,16384,64,,,65536,1000,999.4733215363764,999.4733215363764,,,,1000,0,1.000526956,1000,131072000,0.12200602069535844,1998.9466430727527,1.3,1.2993153179972894,0.0,10.6496,650.0,2530.297,4741.313,11452.0,1000,1000,1000,1000,0,0,2.328859892595119,0,0
increment-c,00-kernel-tcp,1590,tcp-rr,kernel,tcp,16384,64,,,65536,0,827.9861287622175,827.9861287622175,,,,838,0,1.01209425,838,109838336,0.10107252548366913,1655.972257524435,1.03,1.017691781175518,0.0,10.068926014319809,614.5584725536993,2082.033,42410.45,44353.523,838,838,838,838,0,0,2.4249880004654187,0,0
increment-c,00-kernel-tcp,1593,tcp-rr,kernel,tcp,16384,64,,,65536,0,843.1237716171036,843.1237716171036,,,,879,1,1.042551556,879,115212288,0.10292038227747846,1686.2475432342071,0.94,0.9016340674858673,0.0,8.760500568828213,534.6985210466439,2102.263,42341.235,43806.15,879,879,879,879,0,0,2.367149111597655,0,0
increment-c,00-kernel-tcp,1596,tcp-rr,kernel,tcp,16384,64,,,65536,1000,999.458945898015,999.458945898015,,,,1000,1,1.000541347,1000,131072000,0.12200426585669129,1998.91789179603,1.06,1.059426482651896,0.0,8.68352,530.0,1799.848,3282.579,6712.82,1000,1000,1000,1000,0,0,2.2513024225409026,0,0
increment-c,00-kernel-tcp,1599,tcp-rr,kernel,tcp,16384,64,,,65536,100,99.93118648560534,99.93118648560534,,,,100,1,1.000688609,100,13107200,0.01219863116279362,199.86237297121068,0.51,0.5096490510765872,0.0,41.7792,2550.0,2611.57,6369.854,12233.987,100,100,100,100,0,0,1.1274746553536943,0,0
increment-c,00-kernel-tcp,1602,tcp-rr,kernel,tcp,16384,64,,,65536,100,99.93733569277654,99.93733569277654,,,,100,2,1.000627036,100,13107200,0.012199381798434637,199.87467138555309,0.5,0.4996866784638827,0.0,40.96,2500.0,2741.584,8834.382,14211.202,100,100,100,100,0,0,1.0355229564397632,0,0
increment-c,00-kernel-tcp,1605,tcp-rr,kernel,tcp,16384,64,,,65536,1000,897.9814073333197,897.9814073333197,,,,913,2,1.016724837,913,119668736,0.10961687101236813,1795.9628146666394,1.04,1.0228922931288635,0.0,9.331522453450164,569.5509309967141,1962.573,5075.447,43590.335,913,913,913,913,0,0,2.4731188460833664,0,0
increment-c,00-kernel-tcp,1608,tcp-rr,kernel,tcp,16384,64,,,65536,0,800.877564612699,800.877564612699,,,,835,2,1.042606307,835,109445120,0.0977633745865111,1601.755129225398,1.03,0.987908852156982,0.0,10.105101796407187,616.7664670658683,2045.868,42432.062,43647.171,835,835,835,835,0,0,2.5227219059070194,0,0
increment-c,00-kernel-tcp,1614,tcp-rr,kernel,tcp,16384,16384,,,64,100,99.93315171682207,99.93315171682207,,,,100,0,1.00066893,100,12800,1.1912960018732794e-05,199.86630343364413,0.49,0.4896724434124281,0.0,41104.1792,2450.0,572.341,2142.734,3965.085,100,100,100,100,0,0,1.0378099780563161,0,0
increment-c,00-kernel-tcp,1617,tcp-rr,kernel,tcp,16384,16384,,,64,1000,999.4969631734045,999.4969631734045,,,,1000,0,1.00050329,1000,128000,0.00011914932288806493,1998.993926346809,0.63,0.6296830867992449,0.0,5284.82304,315.0,489.416,2133.901,5669.029,1000,1000,1000,1000,0,0,1.241521741530164,0,0
increment-c,00-kernel-tcp,1620,tcp-rr,kernel,tcp,16384,16384,,,64,0,11727.148507301798,11727.148507301798,,,,11734,0,1.000584242,11734,1501952,0.001397985042011952,23454.297014603595,2.51,2.5085344088399104,0.0,1794.3928822226007,106.95415033236748,289.506,513.433,2000.44,11734,11734,11734,11734,0,0,3.3332858557838563,0,0
increment-c,00-kernel-tcp,1623,tcp-rr,kernel,tcp,16384,16384,,,64,0,12370.336778182917,12370.336778182917,,,,12397,1,1.002155416,12397,1586816,0.0014746590588310857,24740.673556365833,2.69,2.684214401331939,0.0,1820.2271130112124,108.49399048156812,300.933,455.095,851.851,12397,12397,12397,12397,0,0,3.6720942806202856,0,0
increment-c,00-kernel-tcp,1626,tcp-rr,kernel,tcp,16384,16384,,,64,1000,993.7388660443407,993.7388660443407,,,,997,1,1.003281681,997,127616,0.00011846290422014484,1987.4777320886815,0.81,0.8073505330952017,0.0,6815.21813440321,406.2186559679037,489.346,2508.304,5851.534,997,997,997,997,0,0,1.3927686355942797,0,0
increment-c,00-kernel-tcp,1629,tcp-rr,kernel,tcp,16384,16384,,,64,100,97.37809252177694,97.37809252177694,,,,100,1,1.026925024,100,12800,1.1608373227331273e-05,194.75618504355387,0.43,0.4187257978436408,0.0,36071.0144,2150.0,573.553,2550.418,7634.606,100,100,100,100,0,0,0.7971903679607522,0,0
increment-c,00-kernel-tcp,1632,tcp-rr,kernel,tcp,16384,16384,,,64,100,99.92619111774994,99.92619111774994,,,,100,2,1.000738634,100,12800,1.1912130250662558e-05,199.85238223549987,0.39,0.38971214535922477,0.0,32715.571200000002,1950.0,527.494,1575.691,2243.105,100,100,100,100,0,0,0.9513893515536438,0,0
increment-c,00-kernel-tcp,1635,tcp-rr,kernel,tcp,16384,16384,,,64,1000,999.2011326992003,999.2011326992003,,,,1000,2,1.000799506,1000,128000,0.00011911405714740757,1998.4022653984007,0.85,0.8493209627943202,0.0,7130.3168,425.0,497.309,2418.699,8922.214,1000,1000,1000,1000,0,0,1.3131105401037075,0,0
increment-c,00-kernel-tcp,1638,tcp-rr,kernel,tcp,16384,16384,,,64,0,11894.15897930978,11894.15897930978,,,,11901,2,1.000575158,11901,1523328,0.0014178942417275642,23788.31795861956,2.6,2.5985054488030777,0.0,1832.651104949164,109.23451810772204,301.063,476.437,1668.45,11901,11901,11901,11901,0,0,3.4442750732207514,0,0
increment-c,00-kernel-tcp,1644,tcp-rr,kernel,tcp,16384,16384,,,1024,100,99.93361979258812,99.93361979258812,,,,100,0,1.000664243,100,204800,0.00019060825308339714,199.86723958517624,0.47,0.46968801302516416,0.0,2464.1535999999996,2350.0,586.723,3426.826,5299.143,100,100,100,100,0,0,1.0570027505003736,0,0
increment-c,00-kernel-tcp,1647,tcp-rr,kernel,tcp,16384,16384,,,1024,1000,999.2636306394182,999.2636306394182,,,,1000,0,1.000736912,1000,2048000,0.0019059441197193494,1998.5272612788365,1.19,1.1891237204609075,0.0,623.9027199999999,595.0,541.946,2815.747,10245.245,1000,1000,1000,1000,0,0,1.3033601903257477,0,0
increment-c,00-kernel-tcp,1650,tcp-rr,kernel,tcp,16384,16384,,,1024,0,11306.352376304429,11306.352376304429,,,,11332,0,1.002268426,11332,23207936,0.021565155747040612,22612.704752608857,2.57,2.5641833398431326,0.0,118.90400282386162,113.39569361101306,310.046,485.781,1974.862,11332,11332,11332,11332,0,0,3.318003661331545,0,0
increment-c,00-kernel-tcp,1653,tcp-rr,kernel,tcp,16384,16384,,,1024,0,11737.198674718677,11737.198674718677,,,,11761,1,1.002027854,11761,24086528,0.022386929845273355,23474.397349437353,2.63,2.624677537157565,0.0,117.24151347674517,111.8102202193691,306.702,458.119,1546.126,11761,11761,11761,11761,0,0,3.5104897116386837,0,0
increment-c,00-kernel-tcp,1656,tcp-rr,kernel,tcp,16384,16384,,,1024,1000,999.2549804679376,999.2549804679376,,,,1000,1,1.000745575,1000,2048000,0.0019059276208266021,1998.5099609358751,1.15,1.1491432275381281,0.0,602.9312,575.0,566.062,2527.954,5639.055,1000,1000,1000,1000,0,0,1.366515075404891,0,0
increment-c,00-kernel-tcp,1659,tcp-rr,kernel,tcp,16384,16384,,,1024,100,99.6625468023542,99.6625468023542,,,,100,1,1.003385958,100,204800,0.00019009122238608208,199.3250936047084,0.46,0.45844771529082934,0.0,2411.7248,2300.0,621.194,3229.339,4873.472,100,100,100,100,0,0,0.9880643646598628,0,0
increment-c,00-kernel-tcp,1662,tcp-rr,kernel,tcp,16384,16384,,,1024,100,99.66953648219591,99.66953648219591,,,,100,2,1.003315592,100,204800,0.00019010455414237196,199.33907296439182,0.5,0.4983476824109796,0.0,2621.44,2500.0,638.891,5408.447,11937.401,100,100,100,100,0,0,0.7395788372996321,0,0
increment-c,00-kernel-tcp,1665,tcp-rr,kernel,tcp,16384,16384,,,1024,1000,996.6986281570648,996.6986281570648,,,,1000,2,1.003312307,1000,2048000,0.001901051765741472,1993.3972563141297,0.91,0.9069957516229291,0.0,477.10208,455.0,516.257,2156.615,5265.071,1000,1000,1000,1000,0,0,1.5282943166281484,0,0
increment-c,00-kernel-tcp,1668,tcp-rr,kernel,tcp,16384,16384,,,1024,0,11563.22817216833,11563.22817216833,,,,11602,2,1.003353028,11602,23760896,0.022055107445084248,23126.45634433666,2.65,2.641144169647136,0.0,119.75204275124977,114.20444750905017,305.019,478.46,1857.865,11602,11602,11602,11602,0,0,3.795071996221509,0,0
increment-c,00-kernel-tcp,1674,tcp-rr,kernel,tcp,16384,16384,,,65536,100,99.66605641970872,99.66605641970872,,,,100,0,1.003350625,100,13107200,0.012166266652796475,199.33211283941745,0.58,0.5780631272343105,0.0,47.5136,2900.0,2510.156,5772.525,29771.844,100,100,100,100,0,0,1.106711071360678,0,0
increment-c,00-kernel-tcp,1677,tcp-rr,kernel,tcp,16384,16384,,,65536,1000,997.9553531460816,997.9553531460816,,,,1000,0,1.002048836,1000,131072000,0.12182072181959004,1995.9107062921632,0.73,0.7285074077966396,0.0,5.98016,365.0,2243.075,3417.281,5513.395,1000,1000,1000,1000,0,0,2.3769007132127626,0,0
increment-c,00-kernel-tcp,1680,tcp-rr,kernel,tcp,16384,16384,,,65536,0,1577.8695791535565,1577.8695791535565,,,,1583,0,1.003251486,1583,207486976,0.19261103261151813,3155.739158307113,0.74,0.737601698404063,0.0,3.8294883133291218,233.73341756159192,2025.517,3940.158,6202.813,1583,1583,1583,1583,0,0,2.680528032557959,0,0
increment-c,00-kernel-tcp,1683,tcp-rr,kernel,tcp,16384,16384,,,65536,0,1656.903968872641,1656.903968872641,,,,1685,1,1.016956946,1685,220856320,0.20225878526277355,3313.807937745282,0.81,0.7964938960159282,0.0,3.937994065281899,240.35608308605342,1994.03,3228.167,5416.339,1685,1685,1685,1685,0,0,2.7814592071202924,0,0
increment-c,00-kernel-tcp,1686,tcp-rr,kernel,tcp,16384,16384,,,65536,1000,997.194008742322,997.194008742322,,,,1000,1,1.002813887,1000,131072000,0.12172778427030298,1994.388017484644,0.95,0.9473343083052059,0.0,7.7824,475.0,1950.795,4173.009,12946.96,1000,1000,1000,1000,0,0,2.196737888466032,0,0
increment-c,00-kernel-tcp,1689,tcp-rr,kernel,tcp,16384,16384,,,65536,100,99.65844469848113,99.65844469848113,,,,100,1,1.003427259,100,13107200,0.01216533748760756,199.31688939696227,0.53,0.52818975690195,0.0,43.4176,2650.0,2711.159,7627.626,12927.39,100,100,100,100,0,0,1.1074156566991178,0,0
increment-c,00-kernel-tcp,1692,tcp-rr,kernel,tcp,16384,16384,,,65536,100,99.67919685871456,99.67919685871456,,,,100,2,1.003218356,100,13107200,0.012167870710292305,199.35839371742912,0.46,0.458524305550087,0.0,37.6832,2300.0,2280.582,4051.386,6742.094,100,100,100,100,0,0,0.8875007221884061,0,0
increment-c,00-kernel-tcp,1695,tcp-rr,kernel,tcp,16384,16384,,,65536,1000,997.2758383281952,997.2758383281952,,,,1000,2,1.002731603,1000,131072000,0.12173777323342226,1994.5516766563903,1.09,1.087030663777733,0.0,8.92928,545.0,1838.717,3935.691,10100.387,1000,1000,1000,1000,0,0,2.192154089785049,0,0
increment-c,00-kernel-tcp,1698,tcp-rr,kernel,tcp,16384,16384,,,65536,0,1594.5458876821012,1594.5458876821012,,,,1600,2,1.00342048,1600,209715200,0.194646714804944,3189.0917753642025,0.81,0.8072388556390638,0.0,4.147200000000001,253.125,1984.346,3398.713,8150.834,1600,1600,1600,1600,0,0,3.11968903685829,0,0
