variant,protocol,population,tag,slab_kib,sunreclaim_kib,kernel_stack_kib,kernel_stack_delta_loaded_kib,page_tables_kib,page_tables_delta_loaded_kib,vmallocused_kib,slab_delta_loaded_kib,sunreclaim_delta_loaded_kib,memavailable_delta_loaded_kib,rss_kib,pss_kib,pss_delta_loaded_kib,fds,self_tasks,all_tasks
aya,tcp,1,interval-start,39244,34048,2304,16,464,-20,14456,412,400,-8132,6540,6534,236,20,2,81
aya,tcp,1,interval-end,39920,34668,2320,32,500,16,14504,1088,1020,-11616,7996,7990,1692,20,2,81
aya,tcp,64,interval-start,51832,45932,3272,984,500,16,15496,13000,12284,-2372,9508,9502,3204,524,65,144
aya,tcp,64,interval-end,54332,47160,3312,1024,548,64,15512,15500,13512,50060,16992,16986,10688,524,65,144
aya,tcp,1024,interval-start,235968,217820,18668,16380,1008,524,30824,197136,184172,256804,40032,40026,33728,8204,1025,1104
aya,tcp,1024,interval-end,238096,219816,18672,16384,1100,616,30872,199264,186168,281244,101544,101538,95240,8204,1025,1104
aya,tcp,4096,interval-start,820572,766016,67824,65536,2828,2344,79976,781740,732368,968160,175272,175266,168968,32780,4097,4176
aya,tcp,4096,interval-end,825044,770364,67792,65504,2840,2356,79992,786212,736716,1189700,371904,371898,365600,32780,4097,4174
aya,tcp,16384,interval-start,3154804,2954816,264400,262112,9764,9280,276488,3115972,2921168,3940868,666816,666810,660512,131084,16385,16462
aya,tcp,16384,interval-end,3162512,2962340,264400,262112,9792,9308,276584,3123680,2928692,4216116,935200,935194,928896,131084,16385,16462
kernel,udp,1,interval-start,39208,33896,2336,48,368,-4,7864,476,476,-3376,3368,3362,264,10,2,83
kernel,udp,1,interval-end,43388,37856,2368,80,728,356,7960,4656,4436,27620,4720,4714,1616,10,2,84
