variant,protocol,population,intervals,busy_cores_median,busy_cores_min,busy_cores_max
aya,tcp,1,3,0.0,0.0,0.0
aya,tcp,1024,3,0.0,0.0,0.0
aya,tcp,16384,3,0.0,0.0,0.0
aya,tcp,4096,3,0.0,0.0,0.0
aya,tcp,64,3,0.0,0.0,0.0
aya,udp,1,18,0.0,0.0,0.004999670009280212
aya,udp,1024,6,0.0,0.0,0.0
aya,udp,16384,3,0.0,0.0,0.0
aya,udp,4096,3,0.0,0.0,0.0
aya,udp,64,15,0.0,0.0,0.0
kernel,tcp,1,3,0.0,0.0,0.0
kernel,tcp,1024,3,0.004999785394211524,0.004999604446295022,0.009999095036903233
kernel,tcp,16384,3,0.37996754830158597,0.3746048574312601,0.3799835833792555
kernel,tcp,4096,3,0.059994789212577726,0.04999607223357122,0.06499722315613372
kernel,tcp,64,3,0.0,0.0,0.0
kernel,udp,1,15,0.0,0.0,0.0
kernel,udp,1024,3,0.0,0.0,0.004999611430199645
kernel,udp,16384,3,0.36998114021137773,0.36498382574176225,0.3849718167907505
kernel,udp,4096,3,0.07499638022471207,0.059994855621115055,0.07499654734645153
kernel,udp,64,12,0.0,0.0,0.004999767220837732
