kind,variant,population,eligible_active,payload,target_per_s,measured_windows,private_vm_cohorts,application_GiB_per_s_median,application_GiB_per_s_min,application_GiB_per_s_max,delivered_datagrams_per_s_median,delivered_datagrams_per_s_min,delivered_datagrams_per_s_max,vm_mean_busy_cores_median,vm_mean_busy_cores_min,vm_mean_busy_cores_max,vm_core_seconds_per_delivered_GiB_median,vm_core_seconds_per_delivered_GiB_min,vm_core_seconds_per_delivered_GiB_max,vm_cpu_us_per_delivered_datagram_median,vm_cpu_us_per_delivered_datagram_min,vm_cpu_us_per_delivered_datagram_max,p95_us_median,p95_us_min,p95_us_max,p99_us_median,p99_us_min,p99_us_max,loss_host_guest_median,loss_host_guest_min,loss_host_guest_max,loss_guest_host_median,loss_guest_host_min,loss_guest_host_max,participating_peers_median,participating_peers_min,participating_peers_max,maximum_inflight_datagrams_median,maximum_inflight_datagrams_min,maximum_inflight_datagrams_max,maximum_inflight_peers_median,maximum_inflight_peers_min,maximum_inflight_peers_max,actual_offered_per_s_median,actual_offered_per_s_min,actual_offered_per_s_max,actual_sent_per_s_median,actual_sent_per_s_min,actual_sent_per_s_max,actor_user_cpu_s_median,actor_user_cpu_s_min,actor_user_cpu_s_max,actor_system_cpu_s_median,actor_system_cpu_s_min,actor_system_cpu_s_max
tcp-rr,aya,1,1,1024,0,3,1,0.012440517581059431,0.011522844315905587,0.012573836701842773,13044.828163076974,12082.578001395017,13184.623393471487,1.1397228775220531,1.10986937947273,1.1698778530533627,93.04064310632488,91.61378295524217,96.319046673287,88.73047171242227,87.36971183323115,91.85700099304866,204.558,195.915,214.563,243.056,224.418,244.748,0.0,0.0,0.0,0.0,0.0,0.0,,,,,,,,,,6522.414081538487,6041.2890006975085,6592.311696735744,6522.414081538487,6041.2890006975085,6592.311696735744,,,,,,
tcp-rr,aya,1,1,1024,100,3,1,0.0001906563715783222,0.00019065466325322457,0.0001906593507387964,199.91769548411077,199.9159041754132,199.92081936028418,0.07996636167016528,0.009995884774205538,0.1099564506481563,419.4304,52.4288,576.7168,400.0,50.0,550.0,655.777,554.724,663.799,693.213,558.23,707.865,0.0,0.0,0.0,0.0,0.0,0.0,,,,,,,,,,99.95884774205538,99.9579520877066,99.96040968014209,99.95884774205538,99.9579520877066,99.96040968014209,,,,,,
tcp-rr,aya,1,1,1024,1000,3,1,0.0019068315725496244,0.0019067162284275851,0.001906987357871526,1999.457823017795,1999.3368759396835,1999.6211757674932,0.9398219526107218,0.0,0.9896717535901433,492.83072,0.0,519.04512,470.0,0.0,495.0,392.02,385.17,413.592,408.104,400.252,450.878,0.0,0.0,0.0,0.0,0.0,0.0,,,,,,,,,,999.7289115088975,999.6684379698418,999.8105878837466,999.7289115088975,999.6684379698418,999.8105878837466,,,,,,
tcp-rr,aya,1,1,64,0,3,1,0.0007582165370462582,0.0006908517953187579,0.0007978369462281697,12720.762616797076,11590.56979405059,13385.482779650389,1.109791297087835,1.0897226699393912,1.1796508846799807,1437.2182835586295,1391.00013146101,1707.5310401932034,85.66488525620873,82.91006871825515,101.77678109366914,237.547,195.554,252.19,265.27,226.211,297.688,0.0,0.0,0.0,0.0,0.0,0.0,,,,,,,,,,6360.381308398538,5795.284897025295,6692.741389825194,6360.381308398538,5795.284897025295,6692.741389825194,,,,,,
tcp-rr,aya,1,1,64,100,3,1,1.1915917763526346e-05,1.1915649011844488e-05,1.191603264534812e-05,199.91592615691843,199.91141725190153,199.9178535540568,0.0,0.0,0.01999114172519015,0.0,0.0,1677.7216,0.0,0.0,100.0,532.392,529.276,585.921,570.589,539.792,671.69,0.0,0.0,0.0,0.0,0.0,0.0,,,,,,,,,,99.95796307845922,99.95570862595076,99.9589267770284,99.95796307845922,99.95570862595076,99.9589267770284,,,,,,
tcp-rr,aya,1,1,64,1000,3,1,0.00011917553308103604,0.00011917334603540356,0.00011918856921396626,1999.4336604156872,1999.3969678787091,1999.652370433662,0.9798296615124944,0.009997168302078436,0.9996984839393546,8220.83584,83.88608,8388.608,490.0,5.0,500.0,388.755,209.525,421.594,409.687,227.022,466.622,0.0,0.0,0.0,0.0,0.0,0.0,,,,,,,,,,999.7168302078436,999.6984839393546,999.826185216831,999.7168302078436,999.6984839393546,999.826185216831,,,,,,
tcp-rr,aya,1,1,65536,0,3,1,0.0030311420575258765,0.003030169843188866,0.0030601481915454834,49.66223147050396,49.64630271080638,50.1374679702812,0.029787781626483826,0.009641820763515614,0.029797338882302373,9.8304,3.1507692307692308,9.8304,600.0,192.30769230769232,600.0,42023.468,41924.81,42030.479,42024.198,41976.998,42031.69,0.0,0.0,0.0,0.0,0.0,0.0,,,,,,,,,,24.83111573525198,24.82315135540319,25.0687339851406,24.83111573525198,24.82315135540319,25.0687339851406,,,,,,
tcp-rr,aya,1,1,65536,100,3,1,0.0029997325273603704,0.002998812939383991,0.0030051684486325425,49.14761772827231,49.13255119886731,49.236679862395576,0.019653020479546927,0.009829523545654462,0.029542007917437343,6.5536,3.2768,9.8304,400.0,200.0,600.0,41998.951,41960.253,42025.1,41999.181,41979.452,42025.921,0.0,0.0,0.0,0.0,0.0,0.0,,,,,,,,,,24.573808864136154,24.566275599433656,24.618339931197788,24.573808864136154,24.566275599433656,24.618339931197788,,,,,,
tcp-rr,aya,1,1,65536,1000,3,1,0.003025153265465143,0.0030251193886194996,0.0030253214344369587,49.5641111013809,49.56355606314188,49.56686638181513,0.019825644440552362,0.019825422425256756,0.019826746552726055,6.5536,6.5536,6.5536,400.0,400.0,400.0,42007.994,42002.276,42016.597,42017.079,42009.186,42017.119,0.0,0.0,0.0,0.0,0.0,0.0,,,,,,,,,,24.78205555069045,24.78177803157094,24.783433190907566,24.78205555069045,24.78177803157094,24.783433190907566,,,,,,
tcp-rr,aya,1024,1024,1024,0,3,1,0.08694354430514725,0.0602099346038717,0.09433989455311605,91166.91391331409,63134.692387189374,98922.54927092821,3.619162920189027,3.0694502522514706,3.829324476527745,41.62658595429223,40.59072245805539,50.979132803344626,39.69820590428565,38.71032949262179,48.617489627213125,178.809,132.42,238.729,247.242,213.431,308.264,0.0,0.0,0.0,0.0,0.0,0.0,,,,,,,,,,45583.45695665704,31567.346193594687,49461.274635464106,45583.45695665704,31567.346193594687,49461.274635464106,,,,,,
tcp-rr,aya,1024,1024,1024,100,3,1,0.0001906402485259066,0.00019063639005396764,0.00019065618252522075,199.90078923830103,199.89674333722917,199.91749724756588,0.04997519730957526,0.0,0.08995353450175313,262.144,0.0,471.8592,250.0,0.0,450.0,520.723,516.708,595.106,571.189,562.567,623.338,0.0,0.0,0.0,0.0,0.0,0.0,,,,,,,,,,99.95039461915052,99.94837166861458,99.95874862378294,99.95039461915052,99.94837166861458,99.95874862378294,,,,,,
tcp-rr,aya,1024,1024,1024,1000,3,1,0.0019065747083805752,0.0019065117237350852,0.0019066671308732447,1999.18848141487,1999.1224372272407,1999.2853934225434,0.04998213483556359,0.0,0.48978499712067397,26.2144,0.0,256.90112,25.0,0.0,245.0,382.756,368.014,481.574,502.165,424.449,536.667,0.0,0.0,0.0,0.0,0.0,0.0,,,,,,,,,,999.594240707435,999.5612186136203,999.6426967112717,999.594240707435,999.5612186136203,999.6426967112717,,,,,,
tcp-rr,aya,1024,1024,64,0,3,1,0.002709522481770513,0.0026041238930848156,0.002751747053710217,45458.24393351996,43689.94904504486,46166.65469745991,2.689422806834888,2.639272012240136,2.759202402879804,1002.7093148549154,992.5818386557579,1013.4970994462496,59.76613252490255,59.16248790358054,60.409134593382454,268.795,267.322,270.837,327.102,319.44,329.035,0.0,0.0,0.0,0.0,0.0,0.0,,,,,,,,,,22729.12196675998,21844.97452252243,23083.327348729956,22729.12196675998,21844.97452252243,23083.327348729956,,,,,,
tcp-rr,aya,1024,1024,64,100,3,1,1.1916566728995041e-05,1.191562479810862e-05,1.191683754724303e-05,199.92681399076326,199.9110110128247,199.93135756700653,0.04998283939175163,0.04998170349769082,0.07996440440512988,4194.304,4194.304,6710.8864,250.0,250.0,400.0,521.164,513.763,604.339,554.594,549.617,4475.604,0.0,0.0,0.0,0.0,0.0,0.0,,,,,,,,,,99.96340699538163,99.95550550641235,99.96567878350326,99.96340699538163,99.95550550641235,99.96567878350326,,,,,,
tcp-rr,aya,1024,1024,64,1000,3,1,0.00011916700349709131,0.00011916234840352403,0.00011917227690584757,1999.2905577434562,1999.2124582331778,1999.3790308612163,0.4298664916351615,0.24990155727914723,0.4898261866471468,3607.10144,2097.152,4110.41792,215.0,125.0,245.0,471.47,432.381,473.713,545.291,483.297,552.05,0.0,0.0,0.0,0.0,0.0,0.0,,,,,,,,,,999.6452788717281,999.6062291165889,999.6895154306081,999.6452788717281,999.6062291165889,999.6895154306081,,,,,,
tcp-rr,aya,1024,1024,65536,0,3,1,1.8222673153201265,1.7901609034546933,1.8323566698984983,29856.027694204953,29329.996242201694,30021.331679616997,3.97858617757311,3.9486532091580333,3.978937524207598,2.183509241896598,2.171294619072989,2.205753237900477,133.2708277524779,132.5253063399041,134.62849352419906,221.343,221.153,225.129,363.687,277.738,469.486,0.0,0.0,0.0,0.0,0.0,0.0,,,,,,,,,,14928.013847102477,14664.998121100847,15010.665839808498,14928.013847102477,14664.998121100847,15010.665839808498,,,,,,
tcp-rr,aya,1024,1024,65536,100,3,1,0.012201872920424763,0.012201871078720809,0.0122026735532474,199.91548592823932,199.91545575376173,199.9286034964054,0.05997858104892162,0.059974636726128516,0.09995774296411968,4.9152,4.9152,8.192,300.0,300.0,500.0,1246.436,1036.229,1299.805,1347.027,1180.416,1411.283,0.0,0.0,0.0,0.0,0.0,0.0,,,,,,,,,,99.95774296411966,99.95772787688087,99.9643017482027,99.95774296411966,99.95772787688087,99.9643017482027,,,,,,
tcp-rr,aya,1024,1024,65536,1000,3,1,0.12202283963626234,0.12201053831717304,0.12203588886054201,1999.2222046005222,1999.020659788563,1999.4360030911203,1.0196033243462663,0.9897208215301045,1.02949563979111,8.35584,8.11008,8.43776,510.0,495.0,515.0,881.616,850.78,887.385,1037.241,994.927,1052.373,0.0,0.0,0.0,0.0,0.0,0.0,,,,,,,,,,999.6111023002611,999.5103298942815,999.7180015455601,999.6111023002611,999.5103298942815,999.7180015455601,,,,,,
tcp-rr,aya,1024,64,1024,0,3,1,0.10567190419648038,0.10278282105669594,0.10696207692170198,110805.02261472862,107775.599372346,112157.86677025058,3.9592504426247026,3.879265701553884,3.9989256166524254,37.46738996264414,37.38638713587906,37.7423548183606,35.73168751015105,35.65443719470888,35.993914430962185,85.94,85.719,87.902,145.308,132.019,165.549,0.0,0.0,0.0,0.0,0.0,0.0,,,,,,,,,,55402.51130736431,53887.799686173,56078.93338512529,55402.51130736431,53887.799686173,56078.93338512529,,,,,,
tcp-rr,aya,1024,64,1024,100,3,1,0.00019064521808680122,0.00019063426996157948,0.00019066116797329913,199.90600020058568,199.89452025923316,199.9227248687701,0.07996240008023428,0.009996136243438506,0.09994726012961659,419.4304,52.4288,524.288,400.0,50.0,500.0,519.842,482.346,563.598,573.994,512.521,594.124,0.0,0.0,0.0,0.0,0.0,0.0,,,,,,,,,,99.95300010029284,99.94726012961658,99.96136243438505,99.95300010029284,99.94726012961658,99.96136243438505,,,,,,
tcp-rr,aya,1024,64,1024,1000,3,1,0.0019066992205914628,0.0019065642494015252,0.001906887286223133,1999.3190419309137,1999.1775143804537,1999.516243038708,0.02999274364558062,0.019991775143804538,0.9196867592882203,15.728639999999999,10.48576,482.34496,15.0,10.0,460.0,346.221,323.276,406.672,423.968,411.68,538.49,0.0,0.0,0.0,0.0,0.0,0.0,,,,,,,,,,999.6595209654569,999.5887571902268,999.758121519354,999.6595209654569,999.5887571902268,999.758121519354,,,,,,
tcp-rr,aya,1024,64,64,0,3,1,0.006827389417402647,0.006795202815308426,0.0068795402296266414,114544.58697187837,114004.58539623757,115419.53241313576,3.999182563084923,3.9691847969188547,3.9993600863887373,584.1157217525521,581.3411874772605,585.7557433140144,34.816010102781775,34.650634972885875,34.91376300537672,84.497,84.487,85.008,131.347,131.237,138.559,0.0,0.0,0.0,0.0,0.0,0.0,,,,,,,,,,57272.29348593918,57002.292698118785,57709.76620656788,57272.29348593918,57002.292698118785,57709.76620656788,,,,,,
tcp-rr,aya,1024,64,64,100,3,1,1.1915655098047383e-05,1.1915388859281835e-05,1.1915890928309526e-05,199.91151936144212,199.90705261616495,199.91547593668943,0.04997676315404124,0.009995575968072106,0.04997886898417236,4194.304,838.8608,4194.304,250.0,50.0,250.0,555.776,501.926,578.701,566.332,563.267,626.313,0.0,0.0,0.0,0.0,0.0,0.0,,,,,,,,,,99.95575968072106,99.95352630808247,99.95773796834472,99.95575968072106,99.95352630808247,99.95773796834472,,,,,,
tcp-rr,aya,1024,64,64,1000,3,1,0.00011916048499094351,0.0001191599899647731,0.00011916340055936965,1999.1811953578174,1999.1728901968306,1999.2301104790654,0.9196195294905422,0.0,0.9696028797485414,7717.51936,0.0,8136.9497599999995,460.0,0.0,485.0,352.019,329.847,354.233,406.671,388.144,420.032,0.0,0.0,0.0,0.0,0.0,0.0,,,,,,,,,,999.5905976789087,999.5864450984153,999.6150552395327,999.5905976789087,999.5864450984153,999.6150552395327,,,,,,
tcp-rr,aya,1024,64,65536,0,3,1,0.14297945535537068,0.14046018353461906,0.14330778120606028,2342.5753965423933,2301.2996470311987,2347.9546872800915,0.8958346376851553,0.8492602060374799,0.937828310370464,6.377854671280277,5.926127659574468,6.559182282793866,389.2733564013841,361.70212765957444,400.3407155025554,40943.542,40897.674,41037.234,41780.863,41707.412,41817.948,0.0,0.0,0.0,0.0,0.0,0.0,,,,,,,,,,1171.2876982711966,1150.6498235155993,1173.9773436400458,1171.2876982711966,1150.6498235155993,1173.9773436400458,,,,,,
tcp-rr,aya,1024,64,65536,100,3,1,0.01220113383196232,0.012200823983191958,0.012201284798697073,199.90337670287064,199.89830014061704,199.90585014185285,0.12993389509140107,0.11994202602172238,0.16991997262057493,10.6496,9.8304,13.926400000000001,650.0,600.0,850.0,1262.72,1179.605,1274.087,1326.686,1254.898,1348.74,0.0,0.0,0.0,0.0,0.0,0.0,,,,,,,,,,99.95168835143532,99.94915007030852,99.95292507092643,99.95168835143532,99.94915007030852,99.95292507092643,,,,,,
tcp-rr,aya,1024,64,65536,1000,3,1,0.12202456951569937,0.12202103174388856,0.1220256872180816,1999.2505469452185,1999.1925840918702,1999.268859381049,0.8496568482390447,0.06997441007833671,0.9296515043295267,6.9632,0.5734400000000001,7.61856,425.0,35.0,465.0,1003.62,912.072,1082.499,1215.799,1098.753,1277.242,0.0,0.0,0.0,0.0,0.0,0.0,,,,,,,,,,999.6252734726093,999.5962920459351,999.6344296905245,999.6252734726093,999.5962920459351,999.6344296905245,,,,,,
tcp-rr,aya,16384,16384,1024,0,3,1,0.04604640717460839,0.045266496489397845,0.04789450435354522,48283.157449522165,47465.361822866835,50221.02779702303,2.918664938446526,2.828650900410907,2.918860911610383,62.4888409703504,60.93945386513813,63.38954743074821,59.59400269541779,58.116392007005814,60.45298331332036,271.378,270.998,272.6,325.129,321.343,331.508,0.0,0.0,0.0,0.0,0.0,0.0,,,,,,,,,,24141.578724761082,23732.680911433417,25110.513898511515,24141.578724761082,23732.680911433417,25110.513898511515,,,,,,
tcp-rr,aya,16384,16384,1024,100,3,1,0.00019059930829079636,0.00019059165785551214,0.0001906230197993352,199.85786029033008,199.8498382275015,199.8827236091077,0.01998578602903301,0.01998498382275015,0.0699589532631877,104.8576,104.8576,367.00160000000005,100.0,100.0,350.0,543.358,519.121,553.733,593.153,580.723,772.602,0.0,0.0,0.0,0.0,0.0,0.0,,,,,,,,,,99.92893014516504,99.92491911375075,99.94136180455385,99.92893014516504,99.92491911375075,99.94136180455385,,,,,,
tcp-rr,aya,16384,16384,1024,1000,3,1,0.001906261794806547,0.00190610332595097,0.001906312109916351,1998.8603677510698,1998.6942011123642,1998.9131269676477,0.029980413016685463,0.01998913126967648,0.629641015841587,15.728639999999999,10.48576,330.30144,15.0,10.0,315.0,340.822,333.021,368.214,435.676,428.715,445.84,0.0,0.0,0.0,0.0,0.0,0.0,,,,,,,,,,999.4301838755349,999.3471005561821,999.4565634838239,999.4301838755349,999.3471005561821,999.4565634838239,,,,,,
tcp-rr,aya,16384,16384,64,0,3,1,0.0031565344215415125,0.0031075624474744346,0.0034428987581414036,52957.85980163701,52136.24641476724,57762.25613147009,3.0087421291605776,2.998518830648781,3.0787344492598185,953.1789384673461,894.2274128681688,964.9102411717342,56.81389203473009,53.30010729242377,57.513132165177716,259.61,254.623,263.025,309.987,309.255,319.25,0.0,0.0,0.0,0.0,0.0,0.0,,,,,,,,,,26478.929900818504,26068.12320738362,28881.128065735043,26478.929900818504,26068.12320738362,28881.128065735043,,,,,,
tcp-rr,aya,16384,16384,64,100,3,1,1.1912389665757733e-05,1.191222131189467e-05,1.1912854386636298e-05,199.8567344985853,199.85390998946025,199.8645312211447,0.029978510174787792,0.009993226561057235,0.0799415639957841,2516.5824,838.8608,6710.8864,150.0,50.0,400.0,538.79,508.425,570.469,585.43,539.362,587.904,0.0,0.0,0.0,0.0,0.0,0.0,,,,,,,,,,99.92836724929265,99.92695499473012,99.93226561057234,99.92836724929265,99.92695499473012,99.93226561057234,,,,,,
tcp-rr,aya,16384,16384,64,1000,3,1,0.00011913579336935797,0.00011912617724206447,0.00011915401031162336,1998.7669386890864,1998.6056068444,1999.0725682643324,0.39972112136888,0.029986088523964984,0.9893896346510977,3355.4432,251.65823999999998,8304.72192,200.0,15.0,495.0,403.698,374.403,417.618,485.12,476.517,488.105,0.0,0.0,0.0,0.0,0.0,0.0,,,,,,,,,,999.3834693445432,999.3028034222,999.5362841321662,999.3834693445432,999.3028034222,999.5362841321662,,,,,,
tcp-rr,aya,16384,16384,65536,0,3,1,0.9699922529001213,0.9472977640060083,1.0042464054849016,15892.353071515587,15520.52656547444,16453.57310746463,3.0381455736665997,3.0281618542757025,3.108030391412475,3.121841277826688,3.0948882410106897,3.207170637475853,190.54207017985158,188.89698736637513,195.7501609787508,834.285,808.046,868.757,978.722,972.984,1012.833,0.0,0.0,0.0,0.0,0.0,0.0,,,,,,,,,,7946.176535757793,7760.26328273722,8226.786553732314,7946.176535757793,7760.26328273722,8226.786553732314,,,,,,
tcp-rr,aya,16384,16384,65536,100,3,1,0.012199712813079413,0.012199583014183184,0.012200031640446704,199.8800947294931,199.8779681043773,199.8853183970788,0.07995412735883152,0.06995803315532259,0.13991457767306412,6.5536,5.734400000000001,11.468800000000002,400.0,350.0,700.0,1250.872,1144.902,1267.567,1353.527,1236.741,1398.134,0.0,0.0,0.0,0.0,0.0,0.0,,,,,,,,,,99.94004736474655,99.93898405218864,99.9426591985394,99.94004736474655,99.93898405218864,99.9426591985394,,,,,,
tcp-rr,aya,16384,16384,65536,1000,3,1,0.12199996110043147,0.12199303771815996,0.12200129831756254,1998.8473626694692,1998.7339299743328,1998.8692716349447,0.9194697868279559,0.39974678599486657,0.9994346358174724,7.53664,3.2768,8.192,460.0,200.0,500.0,1012.493,672.372,1092.714,1182.379,954.206,1272.535,0.0,0.0,0.0,0.0,0.0,0.0,,,,,,,,,,999.4236813347346,999.3669649871664,999.4346358174723,999.4236813347346,999.3669649871664,999.4346358174723,,,,,,
tcp-rr,aya,16384,64,1024,0,3,1,0.0976715264414967,0.0971660780617582,0.09864988274770606,102416.01850991884,101886.01746968616,103441.89945205863,3.9589183680769846,3.9587573262814932,3.9785345943099473,40.532983483659365,40.329846153846155,40.74217468945623,38.655265315684666,38.46153846153846,38.85476559587119,92.609,92.208,93.08,151.277,140.882,174.002,0.0,0.0,0.0,0.0,0.0,0.0,,,,,,,,,,51208.00925495942,50943.00873484308,51720.949726029314,51208.00925495942,50943.00873484308,51720.949726029314,,,,,,
tcp-rr,aya,16384,64,1024,100,3,1,0.0001906318904155318,0.0001905956708816138,0.0001906384642728519,199.89202512435668,199.85404619035907,199.89891831336996,0.039970809238071815,0.029983803768653502,0.08995451324101648,209.7152,157.2864,471.8592,200.0,150.0,450.0,521.534,501.464,595.085,569.126,561.635,683.528,0.0,0.0,0.0,0.0,0.0,0.0,,,,,,,,,,99.94601256217834,99.92702309517954,99.94945915668498,99.94601256217834,99.92702309517954,99.94945915668498,,,,,,
tcp-rr,aya,16384,64,1024,1000,3,1,0.0019063100693677783,0.0019062510896851027,0.0019063828687830887,1998.9109872973875,1998.8491426176463,1998.987323017096,0.09994245713088233,0.0,0.26986328860730796,52.4288,0.0,141.55776,50.0,0.0,135.0,491.96,402.686,495.576,573.373,472.391,615.156,0.0,0.0,0.0,0.0,0.0,0.0,,,,,,,,,,999.4554936486937,999.4245713088231,999.493661508548,999.4554936486937,999.4245713088231,999.493661508548,,,,,,
tcp-rr,aya,16384,64,64,0,3,1,0.006318054770348079,0.006278936991517006,0.006324970247561647,105999.36958196011,105343.08215707098,106115.39203691522,3.978552483250019,3.9485412548673433,3.9886968767755704,629.0231143433125,628.8550530451121,631.3172363581493,37.49269928594306,37.48268205196333,37.62943961370881,91.067,90.927,91.367,148.624,146.21,166.701,0.0,0.0,0.0,0.0,0.0,0.0,,,,,,,,,,52999.684790980056,52671.54107853549,53057.69601845761,52999.684790980056,52671.54107853549,53057.69601845761,,,,,,
tcp-rr,aya,16384,64,64,100,3,1,1.1911880607185743e-05,1.1911120837913113e-05,1.1912658972791352e-05,199.84819391296637,199.83544709976928,199.86125272085863,0.06994686786953823,0.019986125272085865,0.09991772354988465,5872.025600000001,1677.7216,8388.608,350.0,100.0,500.0,595.556,562.166,620.614,663.207,653.603,666.723,0.0,0.0,0.0,0.0,0.0,0.0,,,,,,,,,,99.92409695648318,99.91772354988464,99.93062636042932,99.92409695648318,99.91772354988464,99.93062636042932,,,,,,
tcp-rr,aya,16384,64,64,1000,3,1,0.0001191430162479933,0.00011913503613767268,0.000119148908934796,1998.8881184840932,1998.7542344495403,1998.9869813634025,0.009994934906817013,0.009993771172247702,0.16990549007114794,83.88608,83.88608,1426.06336,5.0,5.0,85.0,456.176,373.753,489.406,521.765,446.712,564.74,0.0,0.0,0.0,0.0,0.0,0.0,,,,,,,,,,999.4440592420466,999.3771172247701,999.4934906817012,999.4440592420466,999.3771172247701,999.4934906817012,,,,,,
tcp-rr,aya,16384,64,65536,0,3,1,0.14344561328503977,0.14048040130830117,0.14592513516924893,2350.2129280620916,2301.6308950352063,2390.8374146129745,0.87883747905573,0.8760532818473104,0.963685635774414,6.236124567474048,6.022522974101921,6.718125523012552,380.6228373702422,367.5856307435255,410.0418410041841,40959.446,40867.648,40961.65,41841.043,41764.629,42020.734,0.0,0.0,0.0,0.0,0.0,0.0,,,,,,,,,,1175.1064640310458,1150.8154475176032,1195.4187073064872,1175.1064640310458,1150.8154475176032,1195.4187073064872,,,,,,
tcp-rr,aya,16384,64,65536,100,3,1,0.01220071724461802,0.012199616225661113,0.012200849006603261,199.89655133582164,199.87851224123168,199.89871012418783,0.07995862053432866,0.06996454854346575,0.10993318173267742,6.5536,5.734400000000001,9.0112,400.0,350.0,550.0,1122.489,1111.071,1164.782,1284.192,1175.328,26427.482,0.0,0.0,0.0,0.0,0.0,0.0,,,,,,,,,,99.94827566791082,99.93925612061584,99.94935506209391,99.94827566791082,99.93925612061584,99.94935506209391,,,,,,
tcp-rr,aya,16384,64,65536,1000,3,1,0.12201037831794191,0.12198979837914117,0.12201476064365607,1999.0180383611603,1998.680856643849,1999.089838385661,1.0293206411715823,0.9095858764654758,1.0294942897559975,8.43776,7.45472,8.43776,515.0,455.0,515.0,1003.169,883.92,1131.492,1229.19,1158.934,1280.547,0.0,0.0,0.0,0.0,0.0,0.0,,,,,,,,,,999.5090191805801,999.3404283219245,999.5449191928305,999.5090191805801,999.3404283219245,999.5449191928305,,,,,,
tcp-rr,aya,4096,4096,1024,0,3,1,0.045295198275524313,0.044709649901234765,0.04573871504981404,47495.45782695618,46881.465854837144,47960.51887207381,2.7791029361423454,2.759144612746301,2.819255516376535,61.7125076765609,60.76040687010171,62.24181864107097,58.85363357215967,57.945639486409874,59.35842384440515,269.225,268.854,273.321,331.509,320.542,333.612,0.0,0.0,0.0,0.0,0.0,0.0,,,,,,,,,,23747.72891347809,23440.732927418572,23980.259436036904,23747.72891347809,23440.732927418572,23980.259436036904,,,,,,
tcp-rr,aya,4096,4096,1024,100,3,1,0.00019064283064539877,0.0001906412504203611,0.00019065436938780318,199.90349678682966,199.90183980078055,199.9155960351851,0.01999034967868297,0.009995091990039028,0.07996623841407405,104.8576,52.4288,419.4304,100.0,50.0,400.0,547.434,519.091,563.628,606.022,566.723,682.577,0.0,0.0,0.0,0.0,0.0,0.0,,,,,,,,,,99.95174839341483,99.95091990039028,99.95779801759255,99.95174839341483,99.95091990039028,99.95779801759255,,,,,,
tcp-rr,aya,4096,4096,1024,1000,3,1,0.0019065388647473982,0.0019064546409441768,0.001906588030023331,1999.1508966413678,1999.062581582681,1999.2024501697442,0.00999601225084872,0.0,0.20991084414734362,5.24288,0.0,110.10047999999999,5.0,0.0,105.0,375.615,319.291,436.136,437.578,414.954,490.068,0.0,0.0,0.0,0.0,0.0,0.0,,,,,,,,,,999.5754483206839,999.5312907913406,999.6012250848721,999.5754483206839,999.5312907913406,999.6012250848721,,,,,,
tcp-rr,aya,4096,4096,64,0,3,1,0.0030110284788465494,0.002925525557374898,0.004935403183501568,50516.67517175999,49082.174189599056,82802.32525669344,2.849361230199414,2.8192058663571236,3.5891471791496152,946.3082963901204,727.2247161382242,963.6579175492911,56.40436985433819,43.34597087730313,57.438487860518165,251.689,192.68,270.567,296.646,241.193,331.339,0.0,0.0,0.0,0.0,0.0,0.0,,,,,,,,,,25258.337585879995,24541.087094799528,41401.16262834672,25258.337585879995,24541.087094799528,41401.16262834672,,,,,,
tcp-rr,aya,4096,4096,64,100,3,1,1.191582889689945e-05,1.1915153048892214e-05,1.1916014504712033e-05,199.9144352223238,199.90309637432324,199.9175492046868,0.06996608373101314,0.01999175492046868,0.06997005232781334,5872.025600000001,1677.7216,5872.025600000001,350.0,100.0,350.0,573.553,554.043,623.238,636.988,626.213,662.817,0.0,0.0,0.0,0.0,0.0,0.0,,,,,,,,,,99.9572176111619,99.95154818716162,99.9587746023434,99.9572176111619,99.95154818716162,99.9587746023434,,,,,,
tcp-rr,aya,4096,4096,64,1000,3,1,0.00011915732635148996,0.00011914798588652687,0.00011916131889779388,1999.128202181439,1998.9714951832127,1999.1951859931698,0.9496177133467556,0.9395902550252763,0.9695011751638581,7969.1776,7885.29152,8136.9497599999995,475.0,470.0,485.0,418.19,396.717,433.241,492.601,460.113,522.997,0.0,0.0,0.0,0.0,0.0,0.0,,,,,,,,,,999.5641010907195,999.4857475916064,999.5975929965849,999.5641010907195,999.4857475916064,999.5975929965849,,,,,,
tcp-rr,aya,4096,4096,65536,0,3,1,1.074156743063346,0.894133999694731,1.3015383298875125,17598.984078349862,14649.491450998472,21324.403996877005,3.0591281117786058,2.897921228369411,3.3684841787510784,2.8479345603271984,2.588079122527421,3.241036834924966,173.8241308793456,157.96381363082403,197.81718963165076,746.533,681.746,851.031,875.848,848.627,1016.739,0.0,0.0,0.0,0.0,0.0,0.0,,,,,,,,,,8799.492039174931,7324.745725499236,10662.201998438502,8799.492039174931,7324.745725499236,10662.201998438502,,,,,,
tcp-rr,aya,4096,4096,65536,100,3,1,0.012201949516286902,0.01220142745160859,0.01220211771344127,199.9167408748446,199.90818736715514,199.91949661702176,0.05997584898510652,0.049979185218711156,0.0699678655785043,4.9152,4.096,5.734400000000001,300.0,250.0,350.0,1220.136,1176.04,1245.744,1328.769,1327.437,1402.891,0.0,0.0,0.0,0.0,0.0,0.0,,,,,,,,,,99.9583704374223,99.95409368357757,99.95974830851088,99.9583704374223,99.95409368357757,99.95974830851088,,,,,,
tcp-rr,aya,4096,4096,65536,1000,3,1,0.12202478322300776,0.1220183139074551,0.12202479542093606,1999.2540483257592,1999.1480550597444,1999.2542481766163,1.0196196665700743,0.9396494027131067,1.079539949732262,8.35584,7.70048,8.84736,510.0,470.0,540.0,1022.989,652.322,1038.512,1196.46,957.801,1267.827,0.0,0.0,0.0,0.0,0.0,0.0,,,,,,,,,,999.6270241628796,999.5740275298722,999.6271240883082,999.6270241628796,999.5740275298722,999.6271240883082,,,,,,
tcp-rr,aya,4096,64,1024,0,3,1,0.10403474817840999,0.1039078103152856,0.10510336938264205,109088.34010592444,108955.23610916092,110208.87065377327,3.969097883587529,3.9589961767244106,3.979020512373613,38.05455625206203,37.85816321346928,38.198263167553684,36.29165291982844,36.10435792300156,36.42870251422279,86.39,86.33,87.001,149.424,133.771,161.272,0.0,0.0,0.0,0.0,0.0,0.0,,,,,,,,,,54544.17005296222,54477.61805458046,55104.43532688663,54544.17005296222,54477.61805458046,55104.43532688663,,,,,,
tcp-rr,aya,4096,64,1024,100,3,1,0.000190637256434044,0.00019061607687001085,0.00019065365931206118,199.8976518025841,199.8754434200485,199.91485146680387,0.04997871286670097,0.019989765180258412,0.08994394953902182,262.144,104.8576,471.8592,250.0,100.0,450.0,545.5,494.024,615.136,629.577,549.958,631.04,0.0,0.0,0.0,0.0,0.0,0.0,,,,,,,,,,99.94882590129205,99.93772171002425,99.95742573340193,99.94882590129205,99.93772171002425,99.95742573340193,,,,,,
tcp-rr,aya,4096,64,1024,1000,3,1,0.0019064999867538963,0.0019064175994622857,0.00190651794578486,1999.1101301104536,1999.0237407737657,1999.1289615193054,0.289858442412196,0.029986651951656805,0.8496298086457048,152.04352,15.728639999999999,445.6448,145.0,15.0,425.0,380.142,370.076,428.916,492.541,420.083,534.505,0.0,0.0,0.0,0.0,0.0,0.0,,,,,,,,,,999.5550650552268,999.5118703868828,999.5644807596527,999.5550650552268,999.5118703868828,999.5644807596527,,,,,,
tcp-rr,aya,4096,64,64,0,3,1,0.006694358922441394,0.006621421864887668,0.006775850713223183,112312.70562332652,111089.02485434322,113679.91099949939,3.9692474346556366,3.9491121566558287,3.97915680871392,592.924203891965,587.2556786040949,596.4145220224275,35.34103655171186,35.00316611552804,35.54907572403118,86.009,85.008,86.751,129.966,116.205,167.743,0.0,0.0,0.0,0.0,0.0,0.0,,,,,,,,,,56156.35281166326,55544.51242717161,56839.955499749696,56156.35281166326,55544.51242717161,56839.955499749696,,,,,,
tcp-rr,aya,4096,64,64,100,3,1,1.1915380748678595e-05,1.191484247226833e-05,1.1916779449056508e-05,199.9069165428225,199.8978857632198,199.93038284118202,0.01999069165428225,0.0,0.03997957715264396,1677.7216,0.0,3355.4432,100.0,0.0,200.0,547.804,517.669,601.415,643.629,587.374,3080.605,0.0,0.0,0.0,0.0,0.0,0.0,,,,,,,,,,99.95345827141125,99.9489428816099,99.96519142059101,99.95345827141125,99.9489428816099,99.96519142059101,,,,,,
tcp-rr,aya,4096,64,64,1000,3,1,0.00011916288514005,0.00011914560050832072,0.00011916391002722031,1999.221463177809,1998.9314751778065,1999.238657931241,0.03998477315862482,0.009996107315889046,0.2198824622695587,335.54432,83.88608,1845.49376,20.0,5.0,110.0,368.504,336.967,443.437,452.14,426.531,508.255,0.0,0.0,0.0,0.0,0.0,0.0,,,,,,,,,,999.6107315889045,999.4657375889033,999.6193289656205,999.6107315889045,999.4657375889033,999.6193289656205,,,,,,
tcp-rr,aya,4096,64,65536,0,3,1,0.14090811529184938,0.14030514619703363,0.1452056785599073,2308.63856094166,2298.759515292199,2379.049837525521,0.8650176376748326,0.8385175656852246,0.8879379080544847,6.165259515570934,5.774688524590164,6.3015384615384615,376.29757785467126,352.4590163934426,384.61538461538464,40998.886,40900.628,41088.481,41930.387,41719.48,42058.68,0.0,0.0,0.0,0.0,0.0,0.0,,,,,,,,,,1154.31928047083,1149.3797576460995,1189.5249187627605,1154.31928047083,1149.3797576460995,1189.5249187627605,,,,,,
tcp-rr,aya,4096,64,65536,100,3,1,0.012200894200217291,0.012199662995141499,0.012201475576528691,199.8994505763601,199.87927851239832,199.90897584584607,0.08995903913063073,0.07995171140495932,0.10994469781699806,7.3728,6.5536,9.0112,450.0,400.0,550.0,1244.162,1064.532,1281.348,1394.178,1159.885,1499.536,0.0,0.0,0.0,0.0,0.0,0.0,,,,,,,,,,99.94972528818005,99.93963925619916,99.95448792292304,99.94972528818005,99.93963925619916,99.95448792292304,,,,,,
tcp-rr,aya,4096,64,65536,1000,3,1,0.12202262105676355,0.12201992864116512,0.12202734264575212,1999.218623394014,1999.1745108568493,1999.2959819080027,0.9895913828741405,0.9296366598782166,0.9996479909540014,8.11008,7.61856,8.192,495.0,465.0,500.0,946.324,899.884,1114.928,1104.211,1016.749,1334.858,0.0,0.0,0.0,0.0,0.0,0.0,,,,,,,,,,999.609311697007,999.5872554284247,999.6479909540013,999.609311697007,999.5872554284247,999.6479909540013,,,,,,
tcp-rr,aya,64,64,1024,0,3,1,0.10569486542265082,0.10562298864502628,0.1063089099538365,110829.0992054215,110753.73094144708,111472.97156375406,3.959418385195725,3.9393281869709935,3.9693224366600623,37.33762709432067,37.27076212471132,37.486331678252235,35.60793599540774,35.54416859122402,35.749751737835155,86.009,85.158,86.119,141.152,133.571,155.404,0.0,0.0,0.0,0.0,0.0,0.0,,,,,,,,,,55414.54960271075,55376.86547072354,55736.48578187703,55414.54960271075,55376.86547072354,55736.48578187703,,,,,,
tcp-rr,aya,64,64,1024,100,3,1,0.00019064909597244487,0.00019064691842971912,0.00019064999295843464,199.91006645840235,199.90778313936116,199.91100701638356,0.07996311325574447,0.05997330210491507,0.07996402658336095,419.4304,314.5728,419.4304,400.0,300.0,400.0,523.538,513.964,594.915,569.046,550.198,718.851,0.0,0.0,0.0,0.0,0.0,0.0,,,,,,,,,,99.95503322920118,99.95389156968058,99.95550350819178,99.95503322920118,99.95389156968058,99.95550350819178,,,,,,
tcp-rr,aya,64,64,1024,1000,3,1,0.0019066942744044673,0.0019062944596015183,0.001906734420267168,1999.3138554779387,1998.8946192711217,1999.355951466066,0.049972365481778046,0.029989707832169078,0.4098679700505435,26.2144,15.728639999999999,214.95808,25.0,15.0,205.0,399.822,367.834,472.861,491.23,490.488,563.457,0.0,0.0,0.0,0.0,0.0,0.0,,,,,,,,,,999.6569277389693,999.4473096355608,999.677975733033,999.6569277389693,999.4473096355608,999.677975733033,,,,,,
tcp-rr,aya,64,64,64,0,3,1,0.006674050542053086,0.003005526619225443,0.006733031653460057,111971.98753894171,50424.36928449501,112961.52638493653,3.939225591580177,2.7792487134877697,3.9593524914528997,590.2301108987981,588.0489941582581,924.7127261191957,35.180456095862276,35.05045140732873,55.11717355961775,85.458,84.918,242.194,179.711,167.251,286.662,0.0,0.0,0.0,0.0,0.0,0.0,,,,,,,,,,55985.99376947086,25212.184642247506,56480.763192468265,55985.99376947086,25212.184642247506,56480.763192468265,,,,,,
tcp-rr,aya,64,64,64,100,3,1,1.191633444550398e-05,1.1915187050268973e-05,1.1916340889759728e-05,199.9229169204605,199.90366682276542,199.92302503713114,0.05997110004682962,0.01999229169204605,0.07996921001485245,5033.1648,1677.7216,6710.8864,300.0,100.0,400.0,573.243,518.4,593.623,606.112,584.609,671.45,0.0,0.0,0.0,0.0,0.0,0.0,,,,,,,,,,99.96145846023025,99.95183341138271,99.96151251856557,99.96145846023025,99.95183341138271,99.96151251856557,,,,,,
tcp-rr,aya,64,64,64,1000,3,1,0.00011916879909123883,0.0001191612544574969,0.00011917093236029524,1999.3206828143175,1999.1941048643882,1999.356473130063,0.3098947058362192,0.03998712946260126,0.9296252587619406,2600.46848,335.54432,7801.40544,155.0,20.0,465.0,441.905,428.455,444.549,503.618,500.372,504.358,0.0,0.0,0.0,0.0,0.0,0.0,,,,,,,,,,999.6603414071587,999.5970524321941,999.6782365650315,999.6603414071587,999.5970524321941,999.6782365650315,,,,,,
tcp-rr,aya,64,64,65536,0,3,1,0.14030190913618146,0.13847402032909303,0.14367833883268838,2298.706479287197,2268.7583490718603,2354.0259034347664,0.914710190719819,0.8586405959249762,0.9872583259613045,6.519584775086505,5.9761311475409835,7.129556313993175,397.92387543252596,364.75409836065575,435.1535836177474,40995.581,40886.387,41008.02,41788.454,41769.565,41814.674,0.0,0.0,0.0,0.0,0.0,0.0,,,,,,,,,,1149.3532396435985,1134.3791745359301,1177.0129517173832,1149.3532396435985,1134.3791745359301,1177.0129517173832,,,,,,
tcp-rr,aya,64,64,65536,100,3,1,0.012201410828720092,0.012200664601592281,0.012202283841650851,199.90791501774999,199.89568883248793,199.92221846160754,0.11993741329949276,0.10994935325976249,0.1299494420000449,9.8304,9.0112,10.6496,600.0,550.0,650.0,1213.486,1066.354,1241.418,1372.015,1211.513,1446.736,0.0,0.0,0.0,0.0,0.0,0.0,,,,,,,,,,99.95395750887499,99.94784441624397,99.96110923080377,99.95395750887499,99.94784441624397,99.96110923080377,,,,,,
tcp-rr,aya,64,64,65536,1000,3,1,0.12203763741073383,0.12201925317745013,0.12203875547453187,1999.464651337463,1999.163444059343,1999.4829696947302,0.14996122272710477,0.11994980664356059,0.24993308141718287,1.2288,0.9830399999999999,2.048,75.0,60.0,125.0,935.808,925.783,959.704,1117.651,1059.945,1124.121,0.0,0.0,0.0,0.0,0.0,0.0,,,,,,,,,,999.7323256687315,999.5817220296715,999.7414848473651,999.7323256687315,999.5817220296715,999.7414848473651,,,,,,
tcp-rr,kernel,1,1,1024,0,3,1,0.00805070271590711,0.007871379303529453,0.008206715914653707,8441.773651035013,8253.7394245777,8605.365346923925,1.1996714279909448,1.1896862440468576,1.2396204728375542,151.04951672862452,147.77421127427758,152.4093023255814,144.05204460966542,140.92846991946945,145.34883720930233,280.432,269.045,352.5,377.347,313.232,433.693,0.0,0.0,0.0,0.0,0.0,0.0,,,,,,,,,,4220.886825517507,4126.86971228885,4302.682673461963,4220.886825517507,4126.86971228885,4302.682673461963,,,,,,
tcp-rr,kernel,1,1,1024,100,3,1,0.00019069695596825173,0.00019069451384767593,0.00019070475271713874,199.96025130136553,199.95769055234064,199.96842678512647,0.0,0.0,0.009998421339256325,0.0,0.0,52.4288,0.0,0.0,50.0,604.309,557.649,617.839,632.181,626.122,639.311,0.0,0.0,0.0,0.0,0.0,0.0,,,,,,,,,,99.98012565068277,99.97884527617032,99.98421339256323,99.98012565068277,99.97884527617032,99.98421339256323,,,,,,
tcp-rr,kernel,1,1,1024,1000,3,1,0.0019069735330255275,0.0019069116106234004,0.0019069971351005582,1999.6066793657756,1999.5417490210427,1999.631427935203,1.1397387969419943,1.0598046568056576,1.139775807238492,597.68832,555.74528,597.68832,570.0,530.0,570.0,560.483,556.577,600.143,593.493,589.056,629.347,0.0,0.0,0.0,0.0,0.0,0.0,,,,,,,,,,999.8033396828878,999.7708745105214,999.8157139676015,999.8033396828878,999.7708745105214,999.8157139676015,,,,,,
tcp-rr,kernel,1,1,64,0,3,1,0.0005064137826110622,0.0004883121065385542,0.0005210817547040327,8496.213416242834,8192.517686812336,8742.301152328573,1.1997829172778625,1.1997477170500588,1.2597551980711348,2417.5768709972554,2369.105577783008,2457.000146448621,144.09881061299177,141.20969639915273,146.4486209421528,290.517,258.008,366.191,375.755,277.728,474.013,0.0,0.0,0.0,0.0,0.0,0.0,,,,,,,,,,4248.106708121417,4096.258843406168,4371.150576164287,4248.106708121417,4096.258843406168,4371.150576164287,,,,,,
tcp-rr,kernel,1,1,64,100,3,1,1.1917601524979545e-05,1.1917400224788965e-05,1.1918047802775947e-05,199.94417498651123,199.94079772973302,199.95166228549746,0.05998549868564924,0.0,0.06997927920540656,5033.1648,0.0,5872.025600000001,300.0,0.0,350.0,714.475,616.307,728.777,731.831,721.235,766.163,0.0,0.0,0.0,0.0,0.0,0.0,,,,,,,,,,99.97208749325561,99.97039886486651,99.97583114274873,99.97208749325561,99.97039886486651,99.97583114274873,,,,,,
tcp-rr,kernel,1,1,64,1000,3,1,0.00011918413681136445,0.00011917949003027357,0.00011918805607940263,1999.5780070578126,1999.5000470077462,1999.6437614642512,1.039740024444028,0.0,1.0998040688053383,8724.152320000001,0.0,9227.4688,520.0,0.0,550.0,583.588,500.222,590.87,610.249,537.278,622.457,0.0,0.0,0.0,0.0,0.0,0.0,,,,,,,,,,999.7890035289063,999.7500235038731,999.8218807321256,999.7890035289063,999.7500235038731,999.8218807321256,,,,,,
tcp-rr,kernel,1,1,65536,0,3,1,0.0029102903536766473,0.002899109912262755,0.002919571572803256,47.68219715463819,47.499016802512976,47.834260648808545,0.02980137322164887,0.02968688550157061,0.02989641290550534,10.24,10.24,10.24,625.0,625.0,625.0,43911.448,43902.364,43977.668,43940.903,43926.982,44823.391,0.0,0.0,0.0,0.0,0.0,0.0,,,,,,,,,,23.841098577319094,23.749508401256488,23.917130324404273,23.841098577319094,23.749508401256488,23.917130324404273,,,,,,
tcp-rr,kernel,1,1,65536,100,3,1,0.0029105485563784964,0.002908128764994714,0.0029219869598497254,47.686427547705286,47.646781685673396,47.8738343501779,0.019869344811543867,0.0,0.05955847710709174,6.826666666666667,0.0,20.48,416.6666666666667,0.0,1250.0,43929.956,43790.476,43955.995,43942.024,43940.602,43989.897,0.0,0.0,0.0,0.0,0.0,0.0,,,,,,,,,,23.843213773852643,23.823390842836698,23.93691717508895,23.843213773852643,23.823390842836698,23.93691717508895,,,,,,
tcp-rr,kernel,1,1,65536,1000,3,1,0.002925839488569744,0.002923015955768267,0.0029275959142302296,47.93695418072669,47.89069341930729,47.96573145874808,0.01997373090863612,0.019954455591378036,0.01998572144114503,6.826666666666667,6.826666666666667,6.826666666666667,416.6666666666667,416.6666666666667,416.6666666666667,43935.695,43910.617,44057.618,43975.435,43911.398,44729.089,0.0,0.0,0.0,0.0,0.0,0.0,,,,,,,,,,23.968477090363344,23.945346709653645,23.98286572937404,23.968477090363344,23.945346709653645,23.98286572937404,,,,,,
tcp-rr,kernel,1024,1024,1024,0,3,1,0.026114608947412906,0.02547225739942625,0.026520047461587877,27383.152191642435,26709.59777486078,27808.28528708197,2.649166633108057,2.6389545807817782,2.658879901640476,101.05280864422866,100.25924370956147,104.00203608054495,96.37146820471636,95.61466570812365,99.18407066397185,408.505,407.082,424.95,499.111,470.648,566.813,0.0,0.0,0.0,0.0,0.0,0.0,,,,,,,,,,13691.576095821218,13354.79888743039,13904.142643540985,13691.576095821218,13354.79888743039,13904.142643540985,,,,,,
tcp-rr,kernel,1024,1024,1024,100,3,1,0.0001906722394629375,0.00019064992816630215,0.00019068164536879906,199.93433416708916,199.91093907690845,199.94419697423385,0.06996882867691796,0.009997209848711693,0.07997373366683566,367.00160000000005,52.4288,419.4304,350.0,50.0,400.0,620.574,598.4,858.682,904.36,659.812,1720.88,0.0,0.0,0.0,0.0,0.0,0.0,,,,,,,,,,99.96716708354458,99.95546953845422,99.97209848711692,99.96716708354458,99.95546953845422,99.97209848711692,,,,,,
tcp-rr,kernel,1024,1024,1024,1000,3,1,0.0019066659091370834,0.0019065781064299893,0.0019068148123785153,1999.2841123393264,1999.1920445279325,1999.440248704614,0.24989900556599157,0.0,0.48982460752313495,131.072,0.0,256.90112,125.0,0.0,245.0,598.821,516.758,668.435,2101.643,578.351,2451.508,0.0,0.0,0.0,0.0,0.0,0.0,,,,,,,,,,999.6420561696632,999.5960222639662,999.720124352307,999.6420561696632,999.5960222639662,999.720124352307,,,,,,
tcp-rr,kernel,1024,1024,64,0,3,1,0.0016569655322379042,0.0016167352568487543,0.0016850405939475524,27799.268638910282,27124.31661896703,28270.29001342638,2.6491679334404576,2.589075699975109,2.7092611194704537,1601.4221802904106,1598.806904487917,1607.831365726006,95.45220019164148,95.29631760644419,95.83421741282976,419.511,404.629,425.4,536.477,488.875,548.986,0.0,0.0,0.0,0.0,0.0,0.0,,,,,,,,,,13899.634319455141,13562.158309483515,14135.14500671319,13899.634319455141,13562.158309483515,14135.14500671319,,,,,,
tcp-rr,kernel,1024,1024,64,100,3,1,1.1917094189090299e-05,1.191500563641109e-05,1.1917237960054374e-05,199.93566330271278,199.90062320328633,199.9380753792316,0.04997515580082159,0.01999380753792316,0.0499839158256782,4194.304,1677.7216,4194.304,250.0,100.0,250.0,694.805,652.752,760.414,716.328,693.694,913.584,0.0,0.0,0.0,0.0,0.0,0.0,,,,,,,,,,99.96783165135639,99.95031160164316,99.9690376896158,99.96783165135639,99.95031160164316,99.9690376896158,,,,,,
tcp-rr,kernel,1024,1024,64,1000,3,1,0.00011916764653586694,0.00011915905840718689,0.00011917225307879717,1999.3013461438914,1999.1572612539903,1999.378631109645,0.37983987963825816,0.04998446577774113,0.8896890990340317,3187.67104,419.4304,7465.8611200000005,190.0,25.0,445.0,678.25,610.859,700.334,1591.415,1550.763,1665.967,0.0,0.0,0.0,0.0,0.0,0.0,,,,,,,,,,999.6506730719457,999.5786306269952,999.6893155548225,999.6506730719457,999.5786306269952,999.6893155548225,,,,,,
tcp-rr,kernel,1024,1024,65536,0,3,1,0.21651281062548497,0.19813692362994087,0.21959001046417875,3547.3458892879457,3246.275356752951,3597.7627314451047,0.4392385132729873,0.42950720104731355,0.49934486054165905,2.167729230769231,2.000266370699223,2.3063063063063063,132.30769230769232,122.0865704772475,140.76576576576576,3059.423,3020.855,3933.578,3261.087,3172.643,4944.66,0.0,0.0,0.0,0.0,0.0,0.0,,,,,,,,,,1773.6729446439729,1623.1376783764756,1798.8813657225523,1773.6729446439729,1623.1376783764756,1798.8813657225523,,,,,,
tcp-rr,kernel,1024,1024,65536,100,3,1,0.01220263115204341,0.012202214706395589,0.012203049712158215,199.92790879507922,199.92108574958533,199.9347664840002,0.07997390659360007,0.059978372638523764,0.09996054287479267,6.5536,4.9152,8.192,400.0,300.0,500.0,3026.062,2997.46,3447.067,3150.2,3093.955,7536.36,0.0,0.0,0.0,0.0,0.0,0.0,,,,,,,,,,99.96395439753961,99.96054287479267,99.9673832420001,99.96395439753961,99.96054287479267,99.9673832420001,,,,,,
tcp-rr,kernel,1024,1024,65536,1000,3,1,0.12203458284872981,0.12200648968518078,0.12203610028946435,1999.4146053935892,1998.954327002002,1999.439467142584,0.6098214546450447,0.5598430507999236,0.7695974158957708,4.99712,4.5875200000000005,6.307840000000001,305.0,280.0,385.0,2780.394,2203.786,3419.675,2977.24,2922.207,3591.224,0.0,0.0,0.0,0.0,0.0,0.0,,,,,,,,,,999.7073026967946,999.477163501001,999.719733571292,999.7073026967946,999.477163501001,999.719733571292,,,,,,
tcp-rr,kernel,1024,64,1024,0,3,1,0.03502928060600991,0.0327625191308417,0.043974984128624994,36730.86294072745,34353.99126014147,46111.11295765708,2.8892812710588553,2.8593334207556196,3.1188577963035486,82.4818900381056,70.9234547346514,87.27452883999767,78.66086009798585,67.63787721123829,83.23147663116234,366.943,317.438,383.377,454.114,389.056,456.066,0.0,0.0,0.0,0.0,0.0,0.0,,,,,,,,,,18365.431470363725,17176.995630070734,23055.55647882854,18365.431470363725,17176.995630070734,23055.55647882854,,,,,,
tcp-rr,kernel,1024,64,1024,100,3,1,0.0001906713403615232,0.00019066370282076474,0.00019067482225849347,199.93339139092456,199.9253828489862,199.93704242452205,0.05997761485469586,0.0,0.06997796484858272,314.5728,0.0,367.00160000000005,300.0,0.0,350.0,703.358,682.687,957.19,767.004,766.423,3146.174,0.0,0.0,0.0,0.0,0.0,0.0,,,,,,,,,,99.96669569546228,99.9626914244931,99.96852121226102,99.96669569546228,99.9626914244931,99.96852121226102,,,,,,
tcp-rr,kernel,1024,64,1024,1000,3,1,0.0019066924236412874,0.00190665714737152,0.0019068505119738087,1999.3119148120866,1999.2749249622389,1999.4776824434484,0.7697350872026534,0.12995287012254553,0.7897936845651622,403.70176000000004,68.15744000000001,414.18752,385.0,65.0,395.0,616.568,580.173,618.441,754.596,682.637,791.972,0.0,0.0,0.0,0.0,0.0,0.0,,,,,,,,,,999.6559574060433,999.6374624811194,999.7388412217242,999.6559574060433,999.6374624811194,999.7388412217242,,,,,,
tcp-rr,kernel,1024,64,64,0,3,1,0.0025433754748790055,0.002113172965713898,0.0029667796441707724,42670.75971114765,35453.15929114266,49774.30291465619,3.0192046841213136,2.8589645173593867,3.1787420827530766,1187.0857110725833,1071.44529220388,1352.9249918231544,70.75582212642331,63.863116038076875,80.6406135453674,338.309,337.378,370.787,440.663,429.216,462.777,0.0,0.0,0.0,0.0,0.0,0.0,,,,,,,,,,21335.379855573825,17726.57964557133,24887.151457328095,21335.379855573825,17726.57964557133,24887.151457328095,,,,,,
tcp-rr,kernel,1024,64,64,100,3,1,1.1917153958218781e-05,1.1916226609482172e-05,1.1917569547151186e-05,199.93666606229147,199.92110773223004,199.94363848757763,0.07996844309289201,0.029991545773136643,0.07997466642491659,6710.8864,2516.5824,6710.8864,400.0,150.0,400.0,687.654,667.664,846.804,1148.448,842.247,4353.69,0.0,0.0,0.0,0.0,0.0,0.0,,,,,,,,,,99.96833303114573,99.96055386611502,99.97181924378881,99.96833303114573,99.96055386611502,99.97181924378881,,,,,,
tcp-rr,kernel,1024,64,64,1000,3,1,0.00011916031442323267,0.00011915865629707154,0.00011917103135955769,1999.1783337064899,1999.1505149657294,1999.358134062073,0.029987675005597344,0.009996790670310365,0.7696729482618058,251.65823999999998,83.88608,6459.228160000001,15.0,5.0,385.0,657.279,610.819,697.87,831.231,683.158,840.484,0.0,0.0,0.0,0.0,0.0,0.0,,,,,,,,,,999.5891668532449,999.5752574828647,999.6790670310365,999.5891668532449,999.5752574828647,999.6790670310365,,,,,,
tcp-rr,kernel,1024,64,65536,0,3,1,0.09987427391150999,0.09975916358387675,0.1018658374720723,1636.3401037661797,1634.4541361582367,1668.9698811424325,0.7244717106402803,0.6802127796140104,0.7273484758806832,7.140259128386337,6.818549346016646,7.25383707201889,435.8068315665489,416.1712247324614,442.7390791027155,42460.135,42435.337,42466.825,43556.184,43442.533,43663.175,0.0,0.0,0.0,0.0,0.0,0.0,,,,,,,,,,818.1700518830899,817.2270680791183,834.4849405712163,818.1700518830899,817.2270680791183,834.4849405712163,,,,,,
tcp-rr,kernel,1024,64,65536,100,3,1,0.012202560780845135,0.012201651334498548,0.01220312374876003,199.92675583336668,199.9118554644242,199.93597949968432,0.10995152050543332,0.08997119077485793,0.11995605350002,9.0112,7.3728,9.8304,550.0,450.0,600.0,3610.041,3293.265,3664.343,3805.096,3484.042,3945.015,0.0,0.0,0.0,0.0,0.0,0.0,,,,,,,,,,99.96337791668334,99.9559277322121,99.96798974984216,99.96337791668334,99.9559277322121,99.96798974984216,,,,,,
tcp-rr,kernel,1024,64,65536,1000,3,1,0.12203473790948254,0.12202326484393697,0.12203869312888117,1999.4171459089619,1999.2291712030633,1999.4819482235891,0.9597202300363016,0.13996373637565124,1.0795837524496543,7.864319999999999,1.1468800000000001,8.84736,480.0,70.0,540.0,2684.288,2573.041,3397.281,3128.788,2837.229,3528.088,0.0,0.0,0.0,0.0,0.0,0.0,,,,,,,,,,999.7085729544809,999.6145856015316,999.7409741117946,999.7085729544809,999.6145856015316,999.7409741117946,,,,,,
tcp-rr,kernel,16384,16384,1024,0,3,1,0.022055107445084248,0.021565155747040612,0.022386929845273355,23126.45634433666,22612.704752608857,23474.397349437353,2.624677537157565,2.5641833398431326,2.641144169647136,118.90400282386162,117.24151347674517,119.75204275124977,113.39569361101306,111.8102202193691,114.20444750905017,478.46,458.119,485.781,1857.865,1546.126,1974.862,0.0,0.0,0.0,0.0,0.0,0.0,,,,,,,,,,11563.22817216833,11306.352376304429,11737.198674718677,11563.22817216833,11306.352376304429,11737.198674718677,,,,,,
tcp-rr,kernel,16384,16384,1024,100,3,1,0.00019010455414237196,0.00019009122238608208,0.00019060825308339714,199.33907296439182,199.3250936047084,199.86723958517624,0.46968801302516416,0.45844771529082934,0.4983476824109796,2464.1535999999996,2411.7248,2621.44,2350.0,2300.0,2500.0,3426.826,3229.339,5408.447,5299.143,4873.472,11937.401,0.0,0.0,0.0,0.0,0.0,0.0,,,,,,,,,,99.66953648219591,99.6625468023542,99.93361979258812,99.66953648219591,99.6625468023542,99.93361979258812,,,,,,
tcp-rr,kernel,16384,16384,1024,1000,3,1,0.0019059276208266021,0.001901051765741472,0.0019059441197193494,1998.5099609358751,1993.3972563141297,1998.5272612788365,1.1491432275381281,0.9069957516229291,1.1891237204609075,602.9312,477.10208,623.9027199999999,575.0,455.0,595.0,2527.954,2156.615,2815.747,5639.055,5265.071,10245.245,0.0,0.0,0.0,0.0,0.0,0.0,,,,,,,,,,999.2549804679376,996.6986281570648,999.2636306394182,999.2549804679376,996.6986281570648,999.2636306394182,,,,,,
tcp-rr,kernel,16384,16384,64,0,3,1,0.0014178942417275642,0.001397985042011952,0.0014746590588310857,23788.31795861956,23454.297014603595,24740.673556365833,2.5985054488030777,2.5085344088399104,2.684214401331939,1820.2271130112124,1794.3928822226007,1832.651104949164,108.49399048156812,106.95415033236748,109.23451810772204,476.437,455.095,513.433,1668.45,851.851,2000.44,0.0,0.0,0.0,0.0,0.0,0.0,,,,,,,,,,11894.15897930978,11727.148507301798,12370.336778182917,11894.15897930978,11727.148507301798,12370.336778182917,,,,,,
tcp-rr,kernel,16384,16384,64,100,3,1,1.1912130250662558e-05,1.1608373227331273e-05,1.1912960018732794e-05,199.85238223549987,194.75618504355387,199.86630343364413,0.4187257978436408,0.38971214535922477,0.4896724434124281,36071.0144,32715.571200000002,41104.1792,2150.0,1950.0,2450.0,2142.734,1575.691,2550.418,3965.085,2243.105,7634.606,0.0,0.0,0.0,0.0,0.0,0.0,,,,,,,,,,99.92619111774994,97.37809252177694,99.93315171682207,99.92619111774994,97.37809252177694,99.93315171682207,,,,,,
tcp-rr,kernel,16384,16384,64,1000,3,1,0.00011911405714740757,0.00011846290422014484,0.00011914932288806493,1998.4022653984007,1987.4777320886815,1998.993926346809,0.8073505330952017,0.6296830867992449,0.8493209627943202,6815.21813440321,5284.82304,7130.3168,406.2186559679037,315.0,425.0,2418.699,2133.901,2508.304,5851.534,5669.029,8922.214,0.0,0.0,0.0,0.0,0.0,0.0,,,,,,,,,,999.2011326992003,993.7388660443407,999.4969631734045,999.2011326992003,993.7388660443407,999.4969631734045,,,,,,
tcp-rr,kernel,16384,16384,65536,0,3,1,0.194646714804944,0.19261103261151813,0.20225878526277355,3189.0917753642025,3155.739158307113,3313.807937745282,0.7964938960159282,0.737601698404063,0.8072388556390638,3.937994065281899,3.8294883133291218,4.147200000000001,240.35608308605342,233.73341756159192,253.125,3398.713,3228.167,3940.158,6202.813,5416.339,8150.834,0.0,0.0,0.0,0.0,0.0,0.0,,,,,,,,,,1594.5458876821012,1577.8695791535565,1656.903968872641,1594.5458876821012,1577.8695791535565,1656.903968872641,,,,,,
tcp-rr,kernel,16384,16384,65536,100,3,1,0.012166266652796475,0.01216533748760756,0.012167870710292305,199.33211283941745,199.31688939696227,199.35839371742912,0.52818975690195,0.458524305550087,0.5780631272343105,43.4176,37.6832,47.5136,2650.0,2300.0,2900.0,5772.525,4051.386,7627.626,12927.39,6742.094,29771.844,0.0,0.0,0.0,0.0,0.0,0.0,,,,,,,,,,99.66605641970872,99.65844469848113,99.67919685871456,99.66605641970872,99.65844469848113,99.67919685871456,,,,,,
tcp-rr,kernel,16384,16384,65536,1000,3,1,0.12173777323342226,0.12172778427030298,0.12182072181959004,1994.5516766563903,1994.388017484644,1995.9107062921632,0.9473343083052059,0.7285074077966396,1.087030663777733,7.7824,5.98016,8.92928,475.0,365.0,545.0,3935.691,3417.281,4173.009,10100.387,5513.395,12946.96,0.0,0.0,0.0,0.0,0.0,0.0,,,,,,,,,,997.2758383281952,997.194008742322,997.9553531460816,997.2758383281952,997.194008742322,997.9553531460816,,,,,,
tcp-rr,kernel,16384,64,1024,0,3,1,0.024306364522556176,0.02416449245029621,0.025475936762058834,25487.070485603865,25338.306835561798,26713.455866212604,2.738610711002141,2.5945021176930005,2.768078435934794,108.65462816100553,107.36836798991808,112.67051921568628,103.62112823582224,102.39445494643982,107.45098039215686,463.177,421.514,496.787,1008.968,944.281,1107.807,0.0,0.0,0.0,0.0,0.0,0.0,,,,,,,,,,12743.535242801932,12669.153417780899,13356.727933106302,12743.535242801932,12669.153417780899,13356.727933106302,,,,,,
tcp-rr,kernel,16384,64,1024,100,3,1,0.0001906242426988422,0.0001905831855566097,0.00019063370503074508,199.88400591218115,199.84095437820758,199.89392788631855,0.38977381152875323,0.33981967740674157,0.4396500996320567,2044.7232000000001,1782.5792000000001,2306.8672,1950.0,1700.0,2200.0,2872.332,913.464,2966.073,5712.555,2709.838,18401.666,0.0,0.0,0.0,0.0,0.0,0.0,,,,,,,,,,99.94200295609058,99.92047718910379,99.94696394315928,99.94200295609058,99.92047718910379,99.94696394315928,,,,,,
tcp-rr,kernel,16384,64,1024,1000,3,1,0.0019035295586166926,0.0018943744825327684,0.0019062388015198672,1995.995410456057,1986.3956173962802,1998.8362575424962,1.0793715790729481,1.0179576593325892,1.261361217046638,566.23104,534.77376,665.84576,540.0,510.0,635.0,2784.75,2628.936,3016.96,8447.691,6232.227,8550.515,0.0,0.0,0.0,0.0,0.0,0.0,,,,,,,,,,997.9977052280285,993.1978086981401,999.4181287712481,997.9977052280285,993.1978086981401,999.4181287712481,,,,,,
tcp-rr,kernel,16384,64,64,0,3,1,0.0014487949178945143,0.001440997670796348,0.0015172356629033325,24306.74527721853,24175.929178447223,25454.990439432397,2.6584324526458647,2.502688651772867,2.7137061474651887,1752.155263447193,1727.4278235389872,1883.213416969297,104.4365920691009,102.9627217971675,112.24826675470452,445.41,444.819,494.994,987.225,833.274,1047.867,0.0,0.0,0.0,0.0,0.0,0.0,,,,,,,,,,12153.372638609266,12087.964589223611,12727.495219716198,12153.372638609266,12087.964589223611,12727.495219716198,,,,,,
tcp-rr,kernel,16384,64,64,100,3,1,1.18708585166857e-05,1.1847794168519245e-05,1.191148116129986e-05,199.1599574398756,198.77300188878777,199.8414923230586,0.47961958157534057,0.4273619540608937,0.5078578914716828,40265.3184,36071.0144,42781.9008,2400.0,2150.0,2550.0,3164.25,1134.677,5183.198,6676.596,6588.152,10980.922,0.0,0.0,0.0,0.0,0.0,0.0,,,,,,,,,,99.5799787199378,99.38650094439389,99.9207461615293,99.5799787199378,99.38650094439389,99.9207461615293,,,,,,
tcp-rr,kernel,16384,64,64,1000,3,1,0.00011884315498674163,0.00011870282814701585,0.00011896238359947008,1993.8572813340415,1991.5029876333647,1995.857605523167,1.1088084079563059,1.0355815535693498,1.1575974112034368,9330.01490981964,8724.152320000001,9730.78528,556.1122244488978,520.0,580.0,2622.676,2067.741,3064.31,9137.528,5175.437,11721.736,0.0,0.0,0.0,0.0,0.0,0.0,,,,,,,,,,996.9286406670208,995.7514938166823,997.9288027615835,996.9286406670208,995.7514938166823,997.9288027615835,,,,,,
tcp-rr,kernel,16384,64,65536,0,3,1,0.10107252548366913,0.0977633745865111,0.10292038227747846,1655.972257524435,1601.755129225398,1686.2475432342071,0.987908852156982,0.9016340674858673,1.017691781175518,10.068926014319809,8.760500568828213,10.105101796407187,614.5584725536993,534.6985210466439,616.7664670658683,42410.45,42341.235,42432.062,43806.15,43647.171,44353.523,0.0,0.0,0.0,0.0,0.0,0.0,,,,,,,,,,827.9861287622175,800.877564612699,843.1237716171036,827.9861287622175,800.877564612699,843.1237716171036,,,,,,
tcp-rr,kernel,16384,64,65536,100,3,1,0.01219863116279362,0.01219758790184157,0.012199381798434637,199.86237297121068,199.84528018377227,199.87467138555309,0.5096490510765872,0.4996866784638827,0.5895435765421282,41.7792,40.96,48.3328,2550.0,2500.0,2950.0,6369.854,5150.71,8834.382,14211.202,12233.987,31424.281,0.0,0.0,0.0,0.0,0.0,0.0,,,,,,,,,,99.93118648560534,99.92264009188614,99.93733569277654,99.93118648560534,99.92264009188614,99.93733569277654,,,,,,
tcp-rr,kernel,16384,64,65536,1000,3,1,0.12200426585669129,0.10961687101236813,0.12200602069535844,1998.91789179603,1795.9628146666394,1998.9466430727527,1.059426482651896,1.0228922931288635,1.2993153179972894,9.331522453450164,8.68352,10.6496,569.5509309967141,530.0,650.0,4741.313,3282.579,5075.447,11452.0,6712.82,43590.335,0.0,0.0,0.0,0.0,0.0,0.0,,,,,,,,,,999.458945898015,897.9814073333197,999.4733215363764,999.458945898015,897.9814073333197,999.4733215363764,,,,,,
tcp-rr,kernel,4096,4096,1024,0,3,1,0.02531514493739799,0.025036294814470502,0.026581254230949997,26544.853417877035,26252.45787137822,27872.465236472624,2.6388918897121316,2.588270494361233,2.7092676036886947,103.38073239436619,101.92399426111908,104.24162675101672,98.59154929577464,97.20229555236729,99.41256213285133,429.486,411.399,432.391,614.024,515.726,640.904,0.0,0.0,0.0,0.0,0.0,0.0,,,,,,,,,,13272.426708938518,13126.22893568911,13936.232618236312,13272.426708938518,13126.22893568911,13936.232618236312,,,,,,
tcp-rr,kernel,4096,4096,1024,100,3,1,0.00019064279825176106,0.00019063898521641512,0.00019065391124922575,199.9034628196386,199.8994645622877,199.91511564206814,0.16992784829575794,0.08995655826883737,0.19989946456228772,891.2896000000001,471.8592,1048.576,850.0,450.0,1000.0,1964.616,728.396,1979.147,3583.512,2212.529,21854.131,0.0,0.0,0.0,0.0,0.0,0.0,,,,,,,,,,99.9517314098193,99.94973228114385,99.95755782103407,99.9517314098193,99.94973228114385,99.95755782103407,,,,,,
tcp-rr,kernel,4096,4096,1024,1000,3,1,0.001906444983609604,0.0018945932948680137,0.0019065175074768081,1999.052455133424,1986.6250587595223,1999.1285019200016,0.58972047426436,0.5197734104992005,0.8676525106028035,309.32991999999996,272.62976000000003,457.9624096385542,295.0,260.0,436.7469879518072,730.249,706.633,731.952,2431.849,2173.14,3546.916,0.0,0.0,0.0,0.0,0.0,0.0,,,,,,,,,,999.526227566712,993.3125293797611,999.5642509600008,999.526227566712,993.3125293797611,999.5642509600008,,,,,,
tcp-rr,kernel,4096,4096,64,0,3,1,0.0017221352286631855,0.0015643273225887761,0.0017282884640939145,28892.634712491654,26245.057385773576,28995.868872411847,2.699056952199958,2.538941413766944,2.719118622170691,1578.922826102,1561.693553057988,1623.024399756246,94.11113417756556,93.08418947803902,96.73979280926264,408.505,407.803,420.232,563.868,515.635,782.298,0.0,0.0,0.0,0.0,0.0,0.0,,,,,,,,,,14446.317356245827,13122.528692886788,14497.934436205924,14446.317356245827,13122.528692886788,14497.934436205924,,,,,,
tcp-rr,kernel,4096,4096,64,100,3,1,1.1915474503638391e-05,1.191408756431833e-05,1.1915924802877534e-05,199.90848949003407,199.8852205094825,199.9160442576338,0.12992539333116362,0.08996221991593521,0.1999084894900341,10905.1904,7549.7472,16777.216,650.0,450.0,1000.0,857.39,770.169,1566.737,2304.257,1037.12,3205.262,0.0,0.0,0.0,0.0,0.0,0.0,,,,,,,,,,99.95424474501704,99.94261025474125,99.9580221288169,99.95424474501704,99.94261025474125,99.9580221288169,,,,,,
tcp-rr,kernel,4096,4096,64,1000,3,1,0.00011916149065951747,0.00011915055619051604,0.00011916440746835237,1999.198067676707,1999.0146177284248,1999.2470036085608,0.8896649166058096,0.8296671980858334,0.9295417972437175,7465.8611200000005,6962.54464,7801.40544,445.0,415.0,465.0,717.28,656.498,1047.406,2208.763,2064.596,3198.152,0.0,0.0,0.0,0.0,0.0,0.0,,,,,,,,,,999.5990338383535,999.5073088642124,999.6235018042804,999.5990338383535,999.5073088642124,999.6235018042804,,,,,,
tcp-rr,kernel,4096,4096,65536,0,3,1,0.2071307897537005,0.1939277148035024,0.2149658708616332,3393.630859324629,3177.3116793405834,3522.0008281969986,0.538776330659031,0.44877283606505414,0.6380504553371805,2.5063342776203967,2.314124293785311,3.0804230317273795,152.97450424929178,141.24293785310735,188.01410105757932,3189.659,3071.992,3934.57,4752.371,3327.717,4950.779,0.0,0.0,0.0,0.0,0.0,0.0,,,,,,,,,,1696.8154296623145,1588.6558396702917,1761.0004140984993,1696.8154296623145,1588.6558396702917,1761.0004140984993,,,,,,
tcp-rr,kernel,4096,4096,65536,100,3,1,0.012202536482294357,0.012200868798584605,0.012203010736255737,199.92635772591075,199.89903439601017,199.934127902814,0.15994108618072858,0.1299571831368291,0.25986874471481325,13.1072,10.6496,21.2992,800.0,650.0,1300.0,3628.439,3559.295,5532.864,5390.921,4003.233,8948.954,0.0,0.0,0.0,0.0,0.0,0.0,,,,,,,,,,99.96317886295537,99.94951719800508,99.967063951407,99.96317886295537,99.94951719800508,99.967063951407,,,,,,
tcp-rr,kernel,4096,4096,65536,1000,3,1,0.12202604889305058,0.1220238242295165,0.12203549186903402,1999.2747850637406,1999.2383361763984,1999.4294987822534,0.3098875916848798,0.2698971753838138,0.6598117345981437,2.53952,2.21184,5.40672,155.0,135.0,330.0,3348.118,3041.727,3395.438,3972.297,3549.911,4638.579,0.0,0.0,0.0,0.0,0.0,0.0,,,,,,,,,,999.6373925318703,999.6191680881992,999.7147493911267,999.6373925318703,999.6191680881992,999.7147493911267,,,,,,
tcp-rr,kernel,4096,64,1024,0,3,1,0.03308453376140128,0.031043137179091036,0.04360226984739557,34691.64807339511,32551.08861070256,45720.29370750266,2.8489856215184437,2.828877925570822,3.108931988593958,86.11230982019364,71.30206751792898,91.12732096794007,82.12309820193637,67.99895049851321,86.90578553003317,380.713,337.088,399.611,498.29,445.1,528.314,0.0,0.0,0.0,0.0,0.0,0.0,,,,,,,,,,17345.824036697555,16275.54430535128,22860.14685375133,17345.824036697555,16275.54430535128,22860.14685375133,,,,,,
tcp-rr,kernel,4096,64,1024,100,3,1,0.00019064630197330171,0.00019064600241693944,0.0001906573677342739,199.90713673795682,199.9068226303447,199.91874002933397,0.15992545810427578,0.14993035255346762,0.1599349920234672,838.8608,786.432,838.8608,800.0,750.0,800.0,1596.472,703.048,1919.307,2783.598,1815.332,4193.84,0.0,0.0,0.0,0.0,0.0,0.0,,,,,,,,,,99.95356836897841,99.95341131517235,99.95937001466699,99.95356836897841,99.95341131517235,99.95937001466699,,,,,,
tcp-rr,kernel,4096,64,1024,1000,3,1,0.0019065010558251098,0.001906315451776577,0.0019065517266021598,1999.1112511128704,1998.916631162076,1999.1643832735863,0.6597067128672472,0.08996239724731138,0.7296045703741577,346.03008,47.185919999999996,382.73024,330.0,45.0,365.0,689.478,626.863,736.538,1764.916,1604.954,2718.63,0.0,0.0,0.0,0.0,0.0,0.0,,,,,,,,,,999.5556255564352,999.458315581038,999.5821916367931,999.5556255564352,999.458315581038,999.5821916367931,,,,,,
tcp-rr,kernel,4096,64,64,0,3,1,0.0019821452885703315,0.0016922421436480549,0.002373099029393671,33254.87964972678,28391.111968286445,39813.99500552797,2.7892350355560884,2.618811201130492,2.9391137778399092,1407.1799134199134,1238.5129071460854,1547.5392874243064,83.87445887445888,73.82112188017878,92.24052950288691,386.731,346.842,421.805,499.802,458.299,586.963,0.0,0.0,0.0,0.0,0.0,0.0,,,,,,,,,,16627.43982486339,14195.555984143222,19906.997502763985,16627.43982486339,14195.555984143222,19906.997502763985,,,,,,
tcp-rr,kernel,4096,64,64,100,3,1,1.1916447667684665e-05,1.1915919788381166e-05,1.191695804590286e-05,199.92481647344184,199.91596012834512,199.9333791990502,0.11994957607700706,0.09996240823672092,0.11996002751943012,10066.3296,8388.608,10066.3296,600.0,500.0,600.0,775.447,710.379,789.908,2781.215,1693.999,20490.23,0.0,0.0,0.0,0.0,0.0,0.0,,,,,,,,,,99.96240823672092,99.95798006417256,99.9666895995251,99.96240823672092,99.95798006417256,99.9666895995251,,,,,,
tcp-rr,kernel,4096,64,64,1000,3,1,0.00011916556710838136,0.00011916505762636137,0.00011917036803190055,1999.2664591398095,1999.257911449912,1999.3470052706905,0.7697485970292158,0.09996332295699048,0.90966234970971,6459.228160000001,838.8608,7633.63328,385.0,50.0,455.0,695.076,648.145,760.815,1769.422,1578.846,3185.773,0.0,0.0,0.0,0.0,0.0,0.0,,,,,,,,,,999.6332295699048,999.628955724956,999.6735026353452,999.6332295699048,999.628955724956,999.6735026353452,,,,,,
tcp-rr,kernel,4096,64,65536,0,3,1,0.1010133643890209,0.10041005974259205,0.10119164274800574,1655.0029621497183,1645.1184188226282,1657.923874783326,0.7980379662013604,0.7760857970221423,0.8361713003471987,7.8864019253910955,7.6830011723329426,8.327565011820331,481.3477737665463,468.9331770222743,508.274231678487,42445.403,42433.074,42459.283,43565.888,43530.846,43628.162,0.0,0.0,0.0,0.0,0.0,0.0,,,,,,,,,,827.5014810748592,822.5592094113141,828.961937391663,827.5014810748592,822.5592094113141,828.961937391663,,,,,,
tcp-rr,kernel,4096,64,65536,100,3,1,0.012201200259792246,0.012200609264104092,0.012202422614622063,199.90446505643615,199.89478218308145,199.92449211796787,0.20989968830925795,0.13994714448257753,0.2198842604013896,17.2032,11.468800000000002,18.0224,1050.0,700.0,1100.0,4555.013,3431.833,5003.438,21263.623,3865.516,26090.936,0.0,0.0,0.0,0.0,0.0,0.0,,,,,,,,,,99.95223252821808,99.94739109154072,99.96224605898394,99.95223252821808,99.94739109154072,99.96224605898394,,,,,,
tcp-rr,kernel,4096,64,65536,1000,3,1,0.12202462318641419,0.11489039740936742,0.12202540751611031,1999.25142628621,1882.3642711550758,1999.2642767439513,0.8145789077469827,0.3198822842790322,0.9496444274859498,7.0900521376433785,2.62144,7.7824,432.7424400417101,160.0,475.0,3022.358,2926.183,3022.468,5585.344,3499.996,42498.172,0.0,0.0,0.0,0.0,0.0,0.0,,,,,,,,,,999.625713143105,941.1821355775379,999.6321383719757,999.625713143105,941.1821355775379,999.6321383719757,,,,,,
tcp-rr,kernel,64,64,1024,0,3,1,0.037150918362033,0.03671625039550266,0.049386343827157536,38955.561372387114,38499.778974714594,51785.33486490554,3.019036012744023,2.9995153203174514,3.2995753215590877,81.26410182714022,66.8114921223355,81.69448917051888,77.49948675836583,63.71640407784986,77.90993611385238,353.723,288.745,363.277,418.57,362.645,429.787,0.0,0.0,0.0,0.0,0.0,0.0,,,,,,,,,,19477.780686193557,19249.889487357297,25892.66743245277,19477.780686193557,19249.889487357297,25892.66743245277,,,,,,
tcp-rr,kernel,64,64,1024,100,3,1,0.00019067184051780364,0.00019064404617697269,0.00019068170827620578,199.93391584279647,199.9047713640653,199.94426293743075,0.06997687054497877,0.0,0.07996190854562613,367.00160000000005,0.0,419.4304,350.0,0.0,400.0,742.808,734.805,757.61,869.278,813.764,900.245,0.0,0.0,0.0,0.0,0.0,0.0,,,,,,,,,,99.96695792139823,99.95238568203266,99.97213146871538,99.96695792139823,99.95238568203266,99.97213146871538,,,,,,
tcp-rr,kernel,64,64,1024,1000,3,1,0.0019068071758468466,0.001906697463214955,0.0019068225633491428,1999.432241220783,1999.3171991880847,1999.4483761863908,0.31990915859532526,0.019994483761863906,0.5498122297767234,167.77216,10.48576,288.3584,160.0,10.0,275.0,656.537,491.259,669.267,735.967,661.786,745.231,0.0,0.0,0.0,0.0,0.0,0.0,,,,,,,,,,999.7161206103915,999.6585995940424,999.7241880931954,999.7161206103915,999.6585995940424,999.7241880931954,,,,,,
tcp-rr,kernel,64,64,64,0,3,1,0.002473915561676326,0.0023580318124869657,0.004605462221671843,41505.41574400504,39561.20905296532,77266.83447282838,3.0089427116920797,3.0088750568381246,3.8682394945777068,1216.2673448940268,839.9242700059507,1276.0112229634121,72.495183044316,50.06338775193397,76.05619567414595,356.176,145.249,356.507,428.424,328.434,440.162,0.0,0.0,0.0,0.0,0.0,0.0,,,,,,,,,,20752.70787200252,19780.60452648266,38633.41723641419,20752.70787200252,19780.60452648266,38633.41723641419,,,,,,
tcp-rr,kernel,64,64,64,100,3,1,1.191740010565024e-05,1.1916315136601961e-05,1.1917410256278086e-05,199.9407957309169,199.9225929708406,199.9409660301928,0.049985241507548205,0.0,0.07997631829236677,4194.304,0.0,6710.8864,250.0,0.0,400.0,747.185,736.017,774.555,1339.475,838.542,2918.151,0.0,0.0,0.0,0.0,0.0,0.0,,,,,,,,,,99.97039786545845,99.9612964854203,99.9704830150964,99.97039786545845,99.9612964854203,99.9704830150964,,,,,,
tcp-rr,kernel,64,64,64,1000,3,1,0.00011918053891429572,0.00011914872172787555,0.0001191811916314046,1999.5176443615449,1998.9838405524613,1999.5285951374674,0.5397256369491646,0.0,0.7298239401919638,4529.84832,0.0,6123.68384,270.0,0.0,365.0,637.229,565.752,660.073,701.535,639.542,748.125,0.0,0.0,0.0,0.0,0.0,0.0,,,,,,,,,,999.7588221807724,999.4919202762306,999.7642975687337,999.7588221807724,999.4919202762306,999.7642975687337,,,,,,
tcp-rr,kernel,64,64,65536,0,3,1,0.10063670719498821,0.0995528995522992,0.10121230865086189,1648.8318106826869,1631.0747062648702,1658.2624649357213,0.6868542754171626,0.6651545787959576,0.6999757686860463,6.786272189349112,6.681418439716311,6.955471698113207,414.20118343195264,407.8014184397163,424.52830188679246,42431.351,42431.081,42490.931,43608.813,43420.42,43629.675,0.0,0.0,0.0,0.0,0.0,0.0,,,,,,,,,,824.4159053413434,815.5373531324351,829.1312324678606,824.4159053413434,815.5373531324351,829.1312324678606,,,,,,
tcp-rr,kernel,64,64,65536,100,3,1,0.012202753696719153,0.012202185505889716,0.01220316845905597,199.9299165670466,199.9206073284971,199.93671203317302,0.06997547079846632,0.059976182198549124,0.09996835601658652,5.734400000000001,4.9152,8.192,350.0,300.0,500.0,3340.026,3306.615,3389.71,4019.167,3386.455,15151.577,0.0,0.0,0.0,0.0,0.0,0.0,,,,,,,,,,99.9649582835233,99.96030366424856,99.96835601658651,99.9649582835233,99.96030366424856,99.96835601658651,,,,,,
tcp-rr,kernel,64,64,65536,1000,3,1,0.12203555652942931,0.12202455609802802,0.12204001887223541,1999.4305581781698,1999.2503271100911,1999.503669202705,0.8697840961031766,0.1599544446542536,0.899662647199541,7.12704,1.31072,7.3728,435.0,80.0,450.0,2760.223,2717.248,3191.201,3451.143,3446.095,3657.583,0.0,0.0,0.0,0.0,0.0,0.0,,,,,,,,,,999.7152790890849,999.6251635550456,999.7518346013525,999.7152790890849,999.6251635550456,999.7518346013525,,,,,,
udp-open,aya,1,1,0,1000,3,1,0.0,0.0,0.0,1999.8417085290864,1999.8134893947251,1999.857390169507,1.0099058121443363,0.9999286950847535,1.0099200628071887,,,,505.0,500.0,505.0,,,,,,,0.0,0.0,0.0,0.0,0.0,0.0,1.0,1.0,1.0,3.0,2.0,3.0,1.0,1.0,1.0,1000.0,1000.0,1000.0,1000.0,1000.0,1000.0,0.294257,0.258308,0.336578,0.644023,0.611834,0.662586
udp-open,aya,1,1,1431,1000,3,1,0.0026652396146308664,0.0026652296314507596,0.002665241216317285,1999.8457338999326,1999.8382430837082,1999.8469357152342,1.0099227025361932,1.0099183127572726,1.1499112969924612,378.92356472396926,378.92356472396926,431.447623200559,505.0,505.0,575.0,254.543,251.659,300.873,1172.294,865.762,1240.697,0.0,0.0,0.0,0.0,0.0,0.0,1.0,1.0,1.0,3.0,3.0,3.0,1.0,1.0,1.0,1000.0,1000.0,1000.0,1000.0,1000.0,1000.0,0.316552,0.286732,0.322648,0.615553,0.5913,0.624188
udp-open,aya,1,1,64,1000,3,1,0.00011919956453510908,0.00011919649559492656,0.00011920116527616069,1999.8368413114647,1999.7853530391315,1999.8636972898476,1.009931167131373,0.9998926765195657,1.1599053679606495,8472.49408,8388.608,9730.78528,505.0,500.0,580.0,251.758,239.65,289.616,1070.501,662.737,1484.534,0.0,0.0,0.0,0.0,0.0,0.0,1.0,1.0,1.0,3.0,3.0,4.0,1.0,1.0,1.0,1000.0,1000.0,1000.0,1000.0,1000.0,1000.0,0.302225,0.301312,0.318688,0.628804,0.628081,0.644579
udp-open,aya,1024,64,1431,10000,1,1,0.026654095009468852,0.026654095009468852,0.026654095009468852,19999.732070256032,19999.732070256032,19999.732070256032,3.9932798366944544,3.9932798366944544,3.9932798366944544,149.81862394036804,149.81862394036804,149.81862394036804,199.66666666666666,199.66666666666666,199.66666666666666,105.839,105.839,105.839,1808.05,1808.05,1808.05,0.0,0.0,0.0,0.0,0.0,0.0,64.0,64.0,64.0,38.0,38.0,38.0,37.0,37.0,37.0,10000.0,10000.0,10000.0,10000.0,10000.0,10000.0,1.481784,1.481784,1.481784,3.874225,3.874225,3.874225
udp-open,aya,1024,64,64,0,3,1,0.007582741650820345,0.007382346683393996,0.00788349543953881,127217.29454800951,123855.22489418468,132263.10582415757,3.8129892450445344,3.74419527873267,3.8985305197179065,502.8510030579801,494.5180154687795,507.18226050734535,29.97225541221977,29.47557064704773,30.230418473919944,83467.784,74457.648,84367.558,109111.838,100554.873,111134.862,0.0,0.0,0.0,0.0,0.0,0.0,64.0,64.0,64.0,5503.0,5170.0,5869.0,64.0,64.0,64.0,65938.0,65838.66666666667,70680.0,65938.0,65838.66666666667,70680.0,0.43447600000000003,0.42554,0.5339499999999999,2.273218,2.2374359999999998,2.30647
udp-open,aya,1024,64,64,10000,3,1,0.0011920642788127353,0.001192056223884845,0.0011920659977306396,19999.519891525484,19999.384752260405,19999.54873018245,3.979904458413571,3.973211104115734,3.979910197306308,3338.6659839999998,3333.0735786666664,3338.6659839999998,199.0,198.66666666666666,199.0,109.845,104.627,116.785,2773.493,2767.935,2798.24,0.0,0.0,0.0,0.0,0.0,0.0,64.0,64.0,64.0,35.0,34.0,38.0,35.0,33.0,38.0,10000.0,10000.0,10000.0,10000.0,10000.0,10000.0,1.787846,1.705133,1.842423,3.5348129999999998,3.50657,3.5742149999999997
udp-open,aya,64,64,0,1000,9,3,0.0,0.0,0.0,1999.9394838311587,1999.9119458769353,1999.952143145167,3.9599028635827564,3.7298538195691036,3.979904764858882,,,,1980.0,1865.0,1990.0,,,,,,,0.0,0.0,0.0,0.0,0.0,0.0,64.0,64.0,64.0,5.0,4.0,5.0,5.0,4.0,5.0,1000.0,1000.0,1000.0,1000.0,1000.0,1000.0,1.285333,1.24193,1.347847,2.593706,2.4502829999999998,2.6732500000000003
udp-open,aya,64,64,1431,1000,9,3,0.002665380839602223,0.0026653368519451207,0.0026653874096235217,1999.9517011664168,1999.918695305361,1999.956630940458,3.9798778177509955,3.959839016704615,3.9999098140334235,1493.1839481201957,1485.6805111949686,1500.6873850454228,1990.0,1980.0,2000.0,157.807,140.721,196.546,350.728,268.925,2085.027,0.0,0.0,0.0,0.0,0.0,0.0,64.0,64.0,64.0,4.0,4.0,7.0,4.0,4.0,7.0,1000.0,1000.0,1000.0,1000.0,1000.0,1000.0,1.340169,0.974418,1.4120769999999998,2.5955600000000003,2.508551,2.927182
udp-open,aya,64,64,59000,1000,9,3,0.10989319097682794,0.10989238856358334,0.10989374010149201,1999.9477173667724,1999.9331142369274,1999.957710894203,3.969916056124993,3.969867231760301,3.999896474679442,36.12504272271187,36.12504272271187,36.39802793220339,1985.0,1985.0,2000.0,767.114,661.325,1024.701,1289.911,938.923,3810.634,0.0,0.0,0.0,0.0,0.0,0.0,64.0,64.0,64.0,5.0,4.0,8.0,5.0,4.0,8.0,1000.0,1000.0,1000.0,1000.0,1000.0,1000.0,1.3774899999999999,1.3311709999999999,1.9088589999999999,2.4990409999999996,2.004969,2.570239
udp-open,aya,64,64,64,1000,9,3,0.000119206213792053,0.00011920461410740672,0.00011920700530614556,1999.9483973314523,1999.9215590766098,1999.9616767343502,3.9599093655944406,3.9498799276000813,3.9999051662484137,33218.88768,33135.0016,33554.432,1980.0,1975.0,2000.0,135.845,109.034,184.007,1963.233,144.688,2812.732,0.0,0.0,0.0,0.0,0.0,0.0,64.0,64.0,64.0,5.0,4.0,6.0,5.0,4.0,6.0,1000.0,1000.0,1000.0,1000.0,1000.0,1000.0,1.316606,1.260368,1.346834,2.600394,2.5661579999999997,2.673244
udp-open,kernel,1,1,0,1000,3,1,0.0,0.0,0.0,1999.8737119748364,1999.8201181801899,1999.911123949652,1.1398974673627082,1.119950229411805,1.6398964438193657,,,,570.0,560.0,820.0,,,,,,,0.0,0.0,0.0,0.0,0.0,0.0,1.0,1.0,1.0,1.0,1.0,3.0,1.0,1.0,1.0,1000.0,1000.0,1000.0,1000.0,1000.0,1000.0,0.263836,0.13942700000000002,0.328451,0.66283,0.580693,0.761208
udp-open,kernel,1,1,1431,1000,3,1,0.0026652848810027677,0.002665245645616538,0.002665333059330362,1999.8796992365722,1999.8502592119912,1999.9158495407987,1.0499213860862955,0.9199446616488232,1.0799545587520314,393.9304385744235,345.15809856044723,405.1855939622642,525.0,460.0,540.0,432.38,371.028,470.227,469.456,410.878,486.482,0.0,0.0,0.0,0.0,0.0,0.0,1.0,1.0,1.0,1.0,1.0,2.0,1.0,1.0,1.0,1000.0,1000.0,1000.0,1000.0,1000.0,1000.0,0.248039,0.097412,0.304815,0.611398,0.576473,0.737706
udp-open,kernel,1,1,59000,1000,3,1,0.019780019629570583,0.01915720556971011,0.0199615502064667,359.97685348832067,348.6422517146354,363.28053099252764,1.1565856725141348,1.0732643224374006,1.1598314200495377,58.10327394682009,54.26002312115506,60.3734019716758,3192.6605504587155,2981.4814814814813,3317.3996175908223,9746.925,9564.711,10723.574,12179.064,11770.65,12188.238,460.0,455.0,477.0,0.0,0.0,0.0,1.0,1.0,1.0,464.0,459.0,481.0,1.0,1.0,1.0,1000.0,1000.0,1000.0,1000.0,1000.0,1000.0,1.0207739999999998,0.975102,1.087077,1.850018,1.782371,1.900017
udp-open,kernel,1,1,64,1000,3,1,0.00011920211310676377,0.00011920035953664621,0.00011920216447980379,1999.8795992486068,1999.8501792239733,1999.8804611451958,1.089934381590491,1.0199390351840498,1.1399146021576647,9143.58272,8556.38016,9563.01312,545.0,510.0,570.0,399.08,369.266,479.762,421.494,415.416,522.466,0.0,0.0,0.0,0.0,0.0,0.0,1.0,1.0,1.0,1.0,1.0,1.0,1.0,1.0,1.0,1000.0,1000.0,1000.0,1000.0,1000.0,1000.0,0.283612,0.125308,0.288922,0.599712,0.58745,0.70406
udp-open,kernel,1024,1024,1431,0,3,1,0.08746885693712454,0.0668445707013003,0.09103266989615613,65631.70509494281,50156.40200510912,68305.78967008286,3.749355666902021,3.3207820013954894,3.858747614114177,42.865035604583014,42.3886020097617,49.679158180768916,57.12720188326975,56.492248062015506,66.2085370688516,7108.045,4888.385,8415.502,14180.806,8577.095,23732.868,0.0,0.0,0.0,0.0,0.0,0.0,1024.0,1024.0,1024.0,344.0,174.0,372.0,344.0,174.0,372.0,32850.666666666664,25223.333333333332,34400.0,32850.666666666664,25223.333333333332,34400.0,0.773186,0.63264,0.797884,1.705123,1.6029650000000002,1.779521
udp-open,kernel,1024,1024,1431,10000,3,1,0.02663686775724505,0.026630021437527993,0.026653701890401588,19986.805710210403,19981.668617393716,19999.4370958435,3.9297281614207646,3.8974271134910285,3.933222628849222,147.56759286279993,146.3170200419287,147.56759286279993,196.66666666666666,195.0,196.66666666666666,1792.197,1669.442,2009.664,2944.15,2786.553,3015.938,0.0,0.0,0.0,0.0,0.0,0.0,1024.0,1024.0,1024.0,33.0,26.0,33.0,33.0,26.0,33.0,10000.0,10000.0,10000.0,10000.0,10000.0,10000.0,1.6845970000000001,1.593181,1.701635,3.2117359999999997,3.169226,3.264434
udp-open,kernel,1024,1024,64,0,3,1,0.00398328278227102,0.003132096156000133,0.00424654244083405,66828.39562724187,52547.85374198393,71245.15978304007,3.5951437206071666,3.3323939514727767,3.711587758764036,902.5579947797327,874.0258246506669,1063.9500786362944,53.79664866803483,52.09599880282085,63.416366495865255,10433.768,10295.15,10780.33,19056.121,15128.212,20729.208,0.0,0.0,0.0,0.0,0.0,0.0,1024.0,1024.0,1024.0,348.0,283.0,368.0,348.0,283.0,368.0,33459.333333333336,26281.333333333332,35639.333333333336,33459.333333333336,26281.333333333332,35639.333333333336,0.34353900000000004,0.321931,0.394715,1.777423,1.639592,1.787036
udp-open,kernel,1024,1024,64,10000,3,1,0.0011916460830423913,0.001191551366392123,0.001192063244126678,19992.503730756136,19990.914649055787,19999.50253237401,3.918219271214934,3.911866563317951,3.9332354980335555,3288.334336,3282.7419306666666,3299.519146666667,196.0,195.66666666666666,196.66666666666666,1708.271,1695.922,2182.163,2933.123,2840.664,3041.486,0.0,0.0,0.0,0.0,0.0,0.0,1024.0,1024.0,1024.0,28.0,25.0,35.0,28.0,25.0,35.0,10000.0,10000.0,10000.0,10000.0,10000.0,10000.0,1.558114,1.484785,1.671827,3.2750239999999997,3.231569,3.2899399999999996
udp-open,kernel,1024,64,1431,0,3,1,0.07054538623076666,0.06904786306930004,0.07823287226402173,52933.28559483429,51809.62853622115,58701.54225124368,3.41729318029745,3.385995371207291,3.5473834489697147,47.99740354572715,45.34389887920694,49.491657357559006,63.9672246518876,60.430839002267575,65.95865048343963,22175.965,7460.315,23837.635,43919.48,33936.411,44162.997,0.0,0.0,0.0,0.0,0.0,0.0,64.0,64.0,64.0,1225.0,1028.0,1311.0,64.0,61.0,64.0,26524.0,25925.333333333332,29400.0,26524.0,25925.333333333332,29400.0,0.6233,0.613716,0.694922,1.597893,1.590231,1.612188
udp-open,kernel,1024,64,1431,10000,3,1,0.026634527452492795,0.026631336919497428,0.026635794492769448,19985.04967730097,19982.65568099211,19986.000392980728,3.9299222839284487,3.903746370299456,3.9505660776791904,147.56759286279993,146.56713460610297,148.3179365553226,196.66666666666666,195.33333333333334,197.66666666666666,1434.778,1232.424,1881.251,2639.892,2260.051,2955.597,0.0,0.0,0.0,0.0,0.0,0.0,64.0,64.0,64.0,32.0,21.0,33.0,32.0,21.0,33.0,10000.0,10000.0,10000.0,10000.0,10000.0,10000.0,1.6552470000000001,1.559581,2.017257,3.194146,2.899355,3.382865
udp-open,kernel,1024,64,64,0,3,1,0.003331597772144683,0.003308148773447042,0.00371700454448771,55894.93544839013,55501.52653225609,62360.98811585192,3.4125254088427224,3.3789450945786452,3.4905526590226463,1014.2115962586572,939.0767800376004,1031.551372850418,60.45172192207916,55.97333789095881,61.485253146315685,21484.015,3174.937,28457.517,36892.718,29314.797,61674.124,0.0,0.0,0.0,0.0,0.0,0.0,64.0,64.0,64.0,1131.0,617.0,1648.0,64.0,64.0,64.0,28011.333333333332,27757.333333333332,31205.333333333332,28011.333333333332,27757.333333333332,31205.333333333332,0.344919,0.30988,0.35315700000000005,1.647072,1.616682,1.7040570000000002
udp-open,kernel,1024,64,64,10000,3,1,0.0011920712109377714,0.0011916577982069698,0.0011920738851082088,19999.636193284554,19992.700278602744,19999.681058419603,3.873262876099442,3.813272521805337,3.8985765543275352,3249.1874986666667,3198.8558506666664,3271.55712,193.66666666666666,190.66666666666666,195.0,1557.403,1319.796,1582.812,2534.454,2335.995,2765.601,0.0,0.0,0.0,0.0,0.0,0.0,64.0,64.0,64.0,30.0,30.0,37.0,30.0,30.0,37.0,10000.0,10000.0,10000.0,10000.0,10000.0,10000.0,1.588108,1.467699,1.6167200000000002,3.212607,3.179811,3.285862
udp-open,kernel,4096,4096,1431,0,3,1,0.08741596570250722,0.08526567363585115,0.08870730415601612,65592.01849065795,63978.560401360955,66560.9661541604,3.855455484659603,3.8078513880068328,3.8770273926340955,44.104706201844586,43.70584169501171,44.65866773385542,58.77933891009502,58.24776316579595,59.517615965704536,2094.1,1961.461,2540.613,4282.193,4278.418,9139.261,0.0,0.0,0.0,0.0,0.0,0.0,4096.0,4096.0,4096.0,150.0,138.0,169.0,150.0,138.0,169.0,32834.666666666664,32035.333333333332,33306.0,32834.666666666664,32035.333333333332,33306.0,0.790092,0.7610699999999999,0.792983,1.747352,1.712256,1.765722
udp-open,kernel,4096,4096,1431,10000,3,1,0.026643051878836733,0.026614736103599143,0.0266537595497452,19991.44592684052,19970.199363492102,19999.480360168294,3.827621544669319,3.813234255338755,3.8716766944981136,143.81587440018635,143.06553070766364,145.31656178523176,191.66666666666666,190.66666666666666,193.66666666666666,2332.349,2244.197,2489.826,3286.525,3097.54,3392.184,0.0,0.0,0.0,0.0,0.0,0.0,4096.0,4096.0,4096.0,32.0,27.0,37.0,32.0,27.0,37.0,10000.0,10000.0,10000.0,10000.0,10000.0,10000.0,1.635781,1.593736,1.9681449999999998,3.0926319999999996,2.6837429999999998,3.130098
udp-open,kernel,4096,4096,64,0,3,1,0.004040319500156206,0.003373346475992024,0.004306213233166407,67785.3129631327,56595.362470557004,72246.26955489117,3.718984566032426,3.457992207915969,3.8744014227877805,920.4679396984924,899.7235420083667,1025.0925105162974,54.86416457286432,53.62770211746494,61.10027495123728,2549.856,2211.607,6180.119,11593.984,4768.414,13352.219,0.0,0.0,0.0,0.0,0.0,0.0,4096.0,4096.0,4096.0,208.0,115.0,356.0,208.0,115.0,356.0,33962.666666666664,28368.666666666668,36175.333333333336,33962.666666666664,28368.666666666668,36175.333333333336,0.386595,0.37859999999999994,0.42993400000000004,1.794505,1.6582279999999998,1.839994
udp-open,kernel,4096,4096,64,10000,3,1,0.0011919826982966654,0.0011909805815756111,0.0011920347997051242,19998.151197585987,19981.33846889965,19999.025314169605,3.8131474932350047,3.6596616691582358,3.8497378783413323,3198.8558506666664,3070.230528,3232.4102826666667,190.66666666666666,183.0,192.66666666666666,2462.335,2456.647,2473.381,3304.973,3283.1,3327.006,0.0,0.0,0.0,0.0,0.0,0.0,4096.0,4096.0,4096.0,30.0,27.0,35.0,30.0,27.0,35.0,10000.0,10000.0,10000.0,10000.0,10000.0,10000.0,1.506941,1.3112460000000001,1.549572,3.1311400000000003,2.98708,3.2185789999999996
udp-open,kernel,4096,64,1431,0,3,1,0.05861075533454837,0.057486103249280704,0.06757592160138956,43978.21057927023,43134.33498080712,50705.166540011895,3.1842798642202017,3.145394337881557,3.3174959489518456,53.66582157025181,49.09287021671383,55.39216757156078,71.52165348365003,65.42717784654114,73.82239382239382,2903.028,1900.52,26946.583,24876.939,4051.666,47952.839,0.0,0.0,0.0,0.0,0.0,0.0,64.0,64.0,64.0,425.0,128.0,1333.0,61.0,51.0,64.0,21998.0,21583.333333333332,25422.666666666668,21998.0,21583.333333333332,25422.666666666668,0.595796,0.5452359999999999,0.602013,1.4671119999999997,1.4087,1.5090439999999998
udp-open,kernel,4096,64,1431,10000,3,1,0.02664093571795537,0.02663557520474869,0.02664677435040141,19989.858078870824,19985.835851597505,19994.239059899668,3.698934226081439,3.664069906126209,3.7714198908802956,138.8135831167016,137.56301029583042,141.56484332261823,185.0,183.33333333333334,188.66666666666666,1873.969,1705.726,1879.949,3289.51,3013.834,3454.617,0.0,0.0,0.0,0.0,0.0,0.0,64.0,64.0,64.0,41.0,34.0,45.0,34.0,33.0,44.0,10000.0,10000.0,10000.0,10000.0,10000.0,10000.0,1.492079,1.400482,1.532905,2.9447799999999997,2.9032250000000004,3.044146
udp-open,kernel,4096,64,64,0,3,1,0.002975677310318029,0.002931769739008829,0.003306456461710826,49923.5809815046,49186.93417361475,55473.13425271826,3.2454526531745045,3.192112994919602,3.332200092068422,1072.7349312545052,1007.7858670318844,1106.9943897680469,63.93998451557786,60.06871861409452,65.98200737047475,18200.444,17532.92,22372.161,49445.745,41399.629,54783.136,0.0,0.0,0.0,0.0,0.0,0.0,64.0,64.0,64.0,933.0,715.0,983.0,64.0,63.0,64.0,24971.333333333332,24602.666666666668,27746.0,24971.333333333332,24602.666666666668,27746.0,0.291626,0.2808,0.306674,1.560486,1.543228,1.6308610000000001
udp-open,kernel,4096,64,64,10000,3,1,0.0011912128417548781,0.001190836804815549,0.0011920225598193294,19985.23514809541,19978.926295140307,19998.81996296181,3.596206733125255,3.506459766839304,3.64397454200273,3019.89888,2941.6052053333333,3059.0457173333334,180.0,175.33333333333334,182.33333333333334,2158.838,2082.803,2344.808,3523.301,3495.149,3942.062,0.0,0.0,0.0,0.0,0.0,0.0,64.0,64.0,64.0,36.0,34.0,37.0,36.0,34.0,37.0,10000.0,10000.0,10000.0,10000.0,10000.0,10000.0,1.399658,1.177214,1.4116060000000001,2.87655,2.7885690000000003,2.945009
udp-open,kernel,64,64,0,1000,9,3,0.0,0.0,0.0,1999.9542250476973,1999.9253847838188,1999.9628586897513,3.949909594469202,3.9298891574763135,3.9899148312780115,,,,1975.0,1965.0,1995.0,,,,,,,0.0,0.0,0.0,0.0,0.0,0.0,64.0,64.0,64.0,5.0,5.0,6.0,5.0,5.0,6.0,1000.0,1000.0,1000.0,1000.0,1000.0,1000.0,1.307444,1.284659,1.365401,2.587395,2.531133,2.626669
udp-open,kernel,64,64,1431,1000,9,3,0.002665352814094199,0.002665323022146195,0.002665385458603674,1999.930672403241,1999.9083182029685,1999.9551670050212,3.939863424634385,3.9198296128463883,3.9699032534577134,1478.1770742697415,1470.6736373445142,1489.4322296575822,1970.0,1960.0,1985.0,2663.057,2391.979,3979.287,4245.728,4163.514,5057.259,0.0,0.0,0.0,0.0,0.0,0.0,64.0,64.0,64.0,6.0,5.0,6.0,6.0,5.0,6.0,1000.0,1000.0,1000.0,1000.0,1000.0,1000.0,1.309978,1.2899500000000002,1.329798,2.570206,2.5302729999999998,2.604698
udp-open,kernel,64,64,59000,1000,9,3,0.10989091827226928,0.10981310549408096,0.10989350669261924,1999.9063563847687,1998.4902405477783,1999.9534630828678,3.937025773879123,3.8498707444396265,3.959884818830275,35.85205751322034,35.03310188474576,36.034047652881355,1970.0,1925.0,1980.0,4447.211,4321.472,4674.333,5306.404,4678.96,5698.103,0.0,0.0,0.0,0.0,0.0,0.0,64.0,64.0,64.0,6.0,6.0,7.0,6.0,6.0,7.0,1000.0,1000.0,1000.0,1000.0,1000.0,1000.0,1.352859,1.2940749999999999,1.571497,2.425644,2.247834,2.5176369999999997
udp-open,kernel,64,64,64,1000,9,3,0.00011920668059336977,0.0001190801167986833,0.00011920709721305641,1999.9562289579728,1997.8328408367383,1999.9632186764454,3.9499210687272837,3.9098770304575154,3.989926621259509,33135.0016,32799.45728,33470.545920000004,1975.0,1955.0,1995.0,2764.159,2248.994,4101.912,4149.343,4140.48,5142.317,0.0,0.0,0.0,0.0,0.0,0.0,64.0,64.0,64.0,6.0,6.0,7.0,6.0,6.0,7.0,1000.0,1000.0,1000.0,1000.0,1000.0,1000.0,1.334536,1.2670210000000002,1.362491,2.568333,2.519273,2.619458
udp-rr,aya,1,1,0,0,15,5,0.0,0.0,0.0,13246.55185631904,11293.495927028587,14624.506015394343,1.1097111366425763,1.0496822527846241,1.1795955650441643,,,,83.77358490566037,74.3859649122807,100.92067988668555,231.127,171.157,269.606,285.97,204.778,323.687,0.0,0.0,0.0,0.0,0.0,0.0,,,,,,,,,,6623.27592815952,5646.747963514294,7312.253007697172,6623.27592815952,5646.747963514294,7312.253007697172,,,,,,
udp-rr,aya,1024,1024,0,0,3,1,0.0,0.0,0.0,45197.797817483246,44469.15930834381,45604.52126450862,2.66939745559813,2.6493541404476417,2.689205186582669,,,,59.06034330207043,58.96795124731466,59.577338129496404,261.924,261.444,269.656,328.775,320.232,331.178,0.0,0.0,0.0,0.0,0.0,0.0,,,,,,,,,,22598.898908741623,22234.579654171906,22802.26063225431,22598.898908741623,22234.579654171906,22802.26063225431,,,,,,
udp-rr,aya,64,64,0,0,12,4,0.0,0.0,0.0,46693.16224648819,45341.39837399727,48028.54509593753,2.68930993341551,2.6093064385207216,2.7095318660509067,,,,57.4890610801376,56.20316402997502,59.757442116868795,253.7815,246.251,260.793,311.8995,299.23,327.292,0.0,0.0,0.0,0.0,0.0,0.0,,,,,,,,,,23346.581123244094,22670.699186998634,24014.272547968765,23346.581123244094,22670.699186998634,24014.272547968765,,,,,,
udp-rr,kernel,1,1,0,0,15,5,0.0,0.0,0.0,12252.046864453197,11912.730836927345,12465.303393382213,1.169746949812094,1.1398499490128617,1.2197750612809493,,,,95.98177972994957,93.35264767423145,100.27946736807496,199.52,189.115,218.629,270.517,208.734,326.161,0.0,0.0,0.0,0.0,0.0,0.0,,,,,,,,,,6126.023432226599,5956.3654184636725,6232.651696691107,6126.023432226599,5956.3654184636725,6232.651696691107,,,,,,
udp-rr,kernel,1024,1024,0,0,3,1,0.0,0.0,0.0,39708.06282732018,39599.290767804756,40667.85426505366,2.7393166007730727,2.6992700094186532,2.7790245873810506,,,,68.1646048977531,67.35827720143567,69.98640551835256,294.113,288.123,295.995,366.17,335.324,366.492,0.0,0.0,0.0,0.0,0.0,0.0,,,,,,,,,,19854.03141366009,19799.645383902378,20333.92713252683,19854.03141366009,19799.645383902378,20333.92713252683,,,,,,
udp-rr,kernel,16384,16384,0,0,3,1,0.0,0.0,0.0,34740.184947684786,33312.16753255499,34922.92279465665,2.6985258870577806,2.604696143198577,2.718762316080752,,,,78.19053325344518,77.27090607292084,78.25986879963172,323.036,321.433,340.312,460.012,440.122,1102.439,0.0,0.0,0.0,0.0,0.0,0.0,,,,,,,,,,17370.092473842393,16656.083766277494,17461.461397328327,17370.092473842393,16656.083766277494,17461.461397328327,,,,,,
udp-rr,kernel,4096,4096,0,0,3,1,0.0,0.0,0.0,40066.970484565914,38565.64526414576,40096.41010126982,2.75924044456814,2.7191289107386716,2.7680953040703176,,,,69.03598843584886,68.86571186186936,70.50650629892685,297.428,292.47,297.617,353.632,341.364,359.992,0.0,0.0,0.0,0.0,0.0,0.0,,,,,,,,,,20033.485242282957,19282.82263207288,20048.20505063491,20033.485242282957,19282.82263207288,20048.20505063491,,,,,,
udp-rr,kernel,64,64,0,0,12,4,0.0,0.0,0.0,50567.19756952538,41493.6769908008,68707.48620575004,2.899151069613514,2.729120379939462,3.2889222990967215,,,,57.339672716013,47.8684708278772,66.78518233796186,257.0365,229.996,281.784,307.087,295.896,344.167,0.0,0.0,0.0,0.0,0.0,0.0,,,,,,,,,,25283.59878476269,20746.8384954004,34353.74310287502,25283.59878476269,20746.8384954004,34353.74310287502,,,,,,
